Site Lat Lon
1 37.75730667295542 -122.46035658742461
2 37.72545371219763 -122.37226786205314
3 37.76286560197784 -122.43463202483255
4 37.71247823615099 -122.42487787227977
5 37.77843181534814 -122.42540479149444
6 37.73642406387427 -122.44613049993804
7 37.80592943646332 -122.45430221009462
8 37.78419855814309 -122.50097106986293
9 37.718682074431925 -122.3831864865704
10 37.794888994500425 -122.39819321974917
11 37.737521167595574 -122.40562578302418
12 37.77691873910296 -122.44017696909411
13 37.78646103225195 -122.47351616385238
14 37.741687395108116 -122.41815265214177
15 37.7678356612112 -122.43069347517083
16 37.776248993584886 -122.39502043965315
17 37.72134369999902 -122.50326342895049
18 37.79035091991743 -122.42753847173272
19 37.80129640174174 -122.45348991169224
20 37.79050945591264 -122.42813216643023
21 37.73183791579209 -122.48634830825249
22 37.740846126992366 -122.44964338575413
23 37.750840746131786 -122.48074276578807
24 37.79890892741846 -122.45873619896976
25 37.72552913149598 -122.36329431310692
26 37.80388059678128 -122.44491228316873
27 37.72595543616318 -122.49031850466811
28 37.76109485941341 -122.45954795645454
29 37.74337001799842 -122.41956898018508
30 37.74285538796287 -122.45947766655888
31 37.78074270535459 -122.43726653674192
32 37.769937701327365 -122.48502332256565
33 37.77072278344232 -122.50200726560037
34 37.77365875733625 -122.49525514525938
35 37.7826175210374 -122.40093258646071
36 37.77528536631714 -122.48938288816646
37 37.76280797733608 -122.48318559321203
38 37.765198023284086 -122.4791727506922
39 37.79987335355576 -122.47289144718981
40 37.79554847487154 -122.40256412493909
41 37.72322029270951 -122.47156873543803
42 37.747173085202704 -122.41330386963381
43 37.77656819908084 -122.39712193743763
44 37.72359875844588 -122.40654677085949
45 37.731896794700724 -122.44307689226662
46 37.762544661603506 -122.44911851087318
47 37.763919894670344 -122.4558543769528
48 37.7169257284505 -122.4723700379848
49 37.73165534327419 -122.46048866559634
50 37.762181911097734 -122.42047072462846
51 37.79039211891754 -122.40868469799906
52 37.72519931803955 -122.50552910038392
53 37.76659757507678 -122.40675241114302
54 37.75240924886269 -122.41667357596098
55 37.767013467530106 -122.47490252561522
56 37.74347017623949 -122.48734502986596
57 37.7943044789664 -122.47131380034743
58 37.747158230940514 -122.46264892141261
59 37.72195797148245 -122.47522873975186
60 37.77245607284436 -122.46779414545594
61 37.72442698297868 -122.41198572641281
62 37.75172774148837 -122.45390176918436
63 37.7598911825664 -122.43394929611826
64 37.73076817543416 -122.3841262794068
65 37.712692777018 -122.40647106460726
66 37.74602216762533 -122.41311981684038
67 37.70966541126873 -122.48533028310656
68 37.80013667358461 -122.44698334286002
69 37.78320110859836 -122.5019140975894
70 37.75886408018601 -122.479321629713
71 37.784296732108885 -122.40586257482487
72 37.72018075429107 -122.44660909111892
73 37.784903532962595 -122.5047667951327
74 37.7849668332858 -122.44731498743795
75 37.791396730402774 -122.44278856399848
76 37.80166626822586 -122.4633940173156
77 37.73414569910912 -122.39250617207676
78 37.7094093433743 -122.43590610001817
79 37.716208292785616 -122.39943554870322
80 37.72591577153615 -122.50474016008978
81 37.78694177922278 -122.4007986364697
82 37.720975300329954 -122.50265325937822
83 37.782507187972385 -122.47973584972883
84 37.75473683150519 -122.40447641251184
85 37.7767751281942 -122.49833070145617
86 37.75115233126501 -122.44890286470938
87 37.75931401077891 -122.497543261791
88 37.75378221794749 -122.43584233321546
89 37.747627991856675 -122.43948690784309
90 37.777737783945746 -122.44168231759518
91 37.71806532412662 -122.38225686672604
92 37.758376691461805 -122.44384684995828
93 37.773155249735076 -122.40084774827507
94 37.76765870704968 -122.3941993673376
95 37.74157542306531 -122.49934333680746
96 37.7830333762863 -122.50173183973799
97 37.72027685798719 -122.40283513171345
98 37.75499127023254 -122.48303764830366
99 37.7697563407959 -122.42292317766004
100 37.78880436743573 -122.40686438311648
101 37.730071734298484 -122.39955244849013
102 37.71483873800343 -122.47606496587301
103 37.72186779145942 -122.48140271739207
104 37.73757316000302 -122.43158582965054
105 37.71325284350068 -122.48741159793559
106 37.72097174436283 -122.42136999251814
107 37.76776856493532 -122.42194124128565
108 37.73230061128282 -122.4720923948212
109 37.726028015259075 -122.39362144170852
110 37.73094513717386 -122.37331063088574
111 37.77132587778671 -122.49851134406
112 37.75291597678004 -122.50588337154954
113 37.781419885013165 -122.45802213681326
114 37.728865033090194 -122.39709034580757
115 37.73235835180101 -122.42574290272469
116 37.77062967677864 -122.44679917874812
117 37.71830404483485 -122.41347102136555
118 37.78916068237764 -122.48515856377608
119 37.77993266937855 -122.42747978671316
120 37.72637709559042 -122.4625912065318
121 37.72593489305482 -122.39843093427008
122 37.78316856920593 -122.4678861545344
123 37.78696438983417 -122.41119126021145
124 37.70826332035935 -122.43058602046608
125 37.73596555710623 -122.44814926473492
126 37.71574452851852 -122.44372339469558
127 37.732567192603966 -122.36696363731464
128 37.73260350435804 -122.40127265708196
129 37.75266186451558 -122.42953743624483
130 37.71409135217992 -122.3807654491739
131 37.77777714435918 -122.49280681581997
132 37.73812065631586 -122.39276047965512
133 37.78413533923799 -122.46885046873872
134 37.71003092291693 -122.499335784457
135 37.799915121761 -122.47266243768736
136 37.728672528555215 -122.36811738620254
137 37.78043209328091 -122.39818650039518
138 37.771927070102294 -122.4827058644164
139 37.79869336028989 -122.47389993436798
140 37.72151630447887 -122.43321740123653
141 37.73172736779671 -122.50721984485311
142 37.725331393182955 -122.38623825095998
143 37.76737065311612 -122.44516153215875
144 37.72317439138351 -122.50527076787513
145 37.71345102801519 -122.42952112608056
146 37.741170324420075 -122.48869452466906
147 37.73350911115616 -122.41651568274224
148 37.7425202851404 -122.44695547940297
149 37.71845107521352 -122.48251131568013
150 37.77065018932896 -122.41431652093756
151 37.800057611515 -122.45595335040406
152 37.723083207142935 -122.41919872854152
153 37.786699841337985 -122.48075829268684
154 37.75640773836255 -122.43370594259731
155 37.708352035428526 -122.40478398896072
156 37.72049229432929 -122.36153592194574
157 37.72309869599173 -122.45515587349126
158 37.74288629948159 -122.50333797344365
159 37.786583575627304 -122.43432737338185
160 37.75376105105751 -122.3876649501176
161 37.736495658882866 -122.48330593722257
162 37.73118225788747 -122.37481222582544
163 37.77636920217472 -122.43174603272347
164 37.755311629112654 -122.46532015151136
165 37.72696062612269 -122.44602902488022
166 37.719602149867285 -122.40449453464663
167 37.796221830786365 -122.46108919075287
168 37.730176449437494 -122.3964688831379
169 37.77931018418935 -122.43780676665573
170 37.77820607391881 -122.42523471988068
171 37.73113879752288 -122.42577911203452
172 37.74816011877455 -122.47392191204248
173 37.746572691994984 -122.48788755491405
174 37.77550249942981 -122.49601745374407
175 37.806420910925475 -122.4375377590997
176 37.786720429238805 -122.44742598292477
177 37.753982543977806 -122.42320251892468
178 37.758190656357684 -122.47995706423848
179 37.79162876974261 -122.4664199062397
180 37.78082051760276 -122.48109900774121
181 37.71024083593025 -122.4321987090192
182 37.720920658580496 -122.45804800165833
183 37.76537525064235 -122.4542286220775
184 37.804270061791925 -122.43692375375798
185 37.7738073022276 -122.46516919724218
186 37.77995427779863 -122.49770581321721
187 37.71311230410495 -122.45217446848363
188 37.78059131835666 -122.5044512605446
189 37.765518093352426 -122.4657184488353
190 37.738065071443664 -122.42090821987404
191 37.75270014488809 -122.49622366619775
192 37.762527606730785 -122.41444251263515
193 37.761954730949455 -122.38267107597784
194 37.79154543331546 -122.39455457169906
195 37.72690406944799 -122.37557511147567
196 37.709954580359664 -122.45885132527951
197 37.70954547590465 -122.47288284947956
198 37.71680264867486 -122.4128212028578
199 37.721435504898615 -122.49452092544166
200 37.72338071119511 -122.49456732775913
201 37.74948068562001 -122.43589611036501
202 37.80628277461016 -122.44237114532699
203 37.756253984444896 -122.38260783630442
204 37.721549923933644 -122.464784022038
205 37.71408901818089 -122.46024617900129
206 37.72559674047938 -122.43051110811422
207 37.73702045417399 -122.45719616373667
208 37.73013105867638 -122.42961960580786
209 37.71620464574055 -122.40639737469162
210 37.725433884301395 -122.48243607062595
211 37.78528123525076 -122.44930293481801
212 37.80010401160416 -122.39508203442504
213 37.746272015743486 -122.44573165177516
214 37.79975702809585 -122.45025029257664
215 37.766253372051104 -122.46730946031724
216 37.72688946823123 -122.41252336101472
217 37.7234554118922 -122.41453183100651
218 37.7547060399847 -122.47985641401041
219 37.74089079221045 -122.50076193847427
220 37.79041526379518 -122.44615714426497
221 37.72320114159733 -122.39273977430027
222 37.73449816223116 -122.43309060428906
223 37.79624931950845 -122.44886289821567
224 37.75541877676208 -122.49885113583825
225 37.747167775902355 -122.44158296660848
226 37.78628881627117 -122.38808851521837
227 37.763025211796794 -122.44252746211886
228 37.72113014574956 -122.50135895044677
229 37.78006860746574 -122.47911736941093
230 37.79429925353561 -122.47023334047903
231 37.798230972516556 -122.41692510957675
232 37.75025084829429 -122.47268191339204
233 37.781989222931706 -122.47216483496737
234 37.776691222373195 -122.39404957383644
235 37.74180621290925 -122.46973993726337
236 37.764469237211834 -122.39535691019495
237 37.70967927255736 -122.39818567662051
238 37.73478071976478 -122.40349801407217
239 37.711385757913646 -122.44521201438255
240 37.71542397705579 -122.48846379664003
241 37.79579435121871 -122.47500200665984
242 37.72676958775336 -122.48481984534425
243 37.75486745747197 -122.50274269589411
244 37.75275895827612 -122.45661916548207
245 37.777854190787274 -122.48727642351368
246 37.7379104767645 -122.46426379994611
247 37.78293458022659 -122.43553620417921
248 37.710076470359525 -122.46539634967564
249 37.75539640550218 -122.45998500356059
250 37.727874367461226 -122.42421920659189
251 37.7152519683763 -122.47700160224687
252 37.72665885309477 -122.49642066889392
253 37.73370280154504 -122.48916780931395
254 37.787571259429846 -122.42522542507662
255 37.79787678235197 -122.39687519119703
256 37.781801076051934 -122.42732099208106
257 37.71513278066439 -122.4770891349554
258 37.77819590617012 -122.49867025280433
259 37.71253623964213 -122.44681878917476
260 37.744300842188416 -122.41069413719025
261 37.746304232016755 -122.43651952046031
262 37.789854433197135 -122.4202629006685
263 37.80066158947006 -122.47162916199366
264 37.76956769737212 -122.5046602653977
265 37.791092744938204 -122.38950076191024
266 37.77448273190749 -122.46883835123508
267 37.77129832994987 -122.39199488073777
268 37.74019321328221 -122.46124257747444
269 37.72671901951585 -122.42540097733314
270 37.72994833531083 -122.50334609529061
271 37.80468020216026 -122.46152701249868
272 37.73640428571989 -122.40462927214017
273 37.73536275287514 -122.47719712125391
274 37.78656126020563 -122.49239873960686
275 37.721481319839626 -122.45126645735807
276 37.71987457853482 -122.45141576923997
277 37.726105833634875 -122.40402858024659
278 37.80296085927121 -122.46868926018858
279 37.79230098891912 -122.47611583141641
280 37.786788498516565 -122.50113372062812
281 37.76521026093469 -122.4452659176138
282 37.803588717881425 -122.443966936511
283 37.77779786177219 -122.51123904359739
284 37.79092273974507 -122.47975065949447
285 37.75127134153843 -122.4647553697435
286 37.730418079618225 -122.42647941233605
287 37.71671576823725 -122.49656608869074
288 37.80376553351229 -122.4656246490383
289 37.733395098672396 -122.4179013410279
290 37.71623082696606 -122.39503720350797
291 37.74242612970232 -122.45664751159943
292 37.747970418333466 -122.49051760139474
293 37.74116552458396 -122.476967312914
294 37.76999576803499 -122.46346014243578
295 37.741331305660104 -122.4814088398401
296 37.70871253175689 -122.45277478483371
297 37.776377753641455 -122.4470123855982
298 37.72408619807021 -122.42806891648343
299 37.7845842110957 -122.50639322094868
300 37.714795588521696 -122.46795426910415
301 37.73174030032126 -122.46101738552002
302 37.72371973170975 -122.41455431477975
303 37.71196884686952 -122.47182793128543
304 37.712233409476134 -122.40166302546584
305 37.73722227124002 -122.4452672945582
306 37.77031624924179 -122.49738465610548
307 37.75296276776821 -122.49230875757256
308 37.74744938535509 -122.44660475916837
309 37.72059967750873 -122.44152260731566
310 37.75401479315726 -122.45451162546078
311 37.72710766925303 -122.46599492997481
312 37.78586445279582 -122.50502031008197
313 37.80654681409653 -122.45187168174355
314 37.73732021515572 -122.38218585071985
315 37.740905917558315 -122.4693867934179
316 37.78499764390786 -122.41644071864512
317 37.7447722568323 -122.45965876227766
318 37.75481811226551 -122.40924966251443
319 37.76869416964027 -122.45479494783952
320 37.73609462667611 -122.4331412728304
321 37.72587773864076 -122.4730232048045
322 37.74479320383098 -122.45220483942909
323 37.749704074418126 -122.43920948201024
324 37.75684402702581 -122.4404619890546
325 37.73768845356909 -122.44021045072412
326 37.74354917312387 -122.43262337119927
327 37.75677632600254 -122.48982756967186
328 37.763354826196235 -122.40543376837392
329 37.74569175180153 -122.40402572906315
330 37.73820601926474 -122.5011715648298
331 37.7378394673206 -122.39939987018765
332 37.70960509635664 -122.4249943571976
333 37.71840000804303 -122.36184169478436
334 37.72474746667232 -122.50346291356927
335 37.76528039263566 -122.48805392219104
336 37.735210738894914 -122.47516593051286
337 37.79942258721682 -122.43750986649422
338 37.790449940136234 -122.42044580605834
339 37.71251549184207 -122.42711056614205
340 37.786163507048684 -122.41413393557323
341 37.72122424434646 -122.37590899306838
342 37.77770611672511 -122.50871404532404
343 37.78113555500048 -122.48808615146586
344 37.75753449817365 -122.38156536141257
345 37.766347518705906 -122.41148256693411
346 37.71720260174553 -122.36804208627913
347 37.73997386650496 -122.41901996807243
348 37.724162489215246 -122.39398925815708
349 37.788163665989245 -122.41588840885477
350 37.73234481501226 -122.43538065927244
351 37.714033511743565 -122.38919045777165
352 37.80301218401579 -122.40076207430268
353 37.79377457401686 -122.4320194574977
354 37.8076328157685 -122.47592480661945
355 37.77516663293357 -122.40534784702412
356 37.77092133360441 -122.42472183765408
357 37.72753674727606 -122.44612149868044
358 37.715052432319226 -122.48565590538914
359 37.7258723997603 -122.40376541667536
360 37.77980312721125 -122.47218533189414
361 37.77780639013273 -122.45739937496263
362 37.7560654629831 -122.41645633596019
363 37.73390183086918 -122.50564633370367
364 37.75663976452489 -122.44006946832434
365 37.79224766040338 -122.4025866104908
366 37.802439500440514 -122.467524452264
367 37.7939955937506 -122.41139018673815
368 37.72340999759575 -122.40140704820202
369 37.77471811430263 -122.39322560322218
370 37.746089288958224 -122.41307582497689
371 37.728650634027744 -122.35846554511691
372 37.72602300169915 -122.43580631546425
373 37.77650059740578 -122.48204340062725
374 37.76687944070893 -122.48625895688201
375 37.805802587895386 -122.43583243109566
376 37.7115189728941 -122.39807935244983
377 37.77651176801855 -122.41106440464655
378 37.7401497679753 -122.4262486572747
379 37.73505510211416 -122.41777885435445
380 37.77162070302586 -122.49745622148805
381 37.76366406224085 -122.41102659417272
382 37.79478445218621 -122.47792850253005
383 37.73806380266864 -122.45396880838294
384 37.7405400045828 -122.40365039562646
385 37.75148804388142 -122.47719887451447
386 37.7894737413781 -122.48343907305745
387 37.741773482769695 -122.50594513506877
388 37.74713740886638 -122.38270879926363
389 37.76875891076978 -122.40849803181865
390 37.737386235667785 -122.41123950043783
391 37.7722928416437 -122.42417834148452
392 37.74552347014991 -122.45438632377002
393 37.775116624054526 -122.44381929594755
394 37.75117828871319 -122.45547570334084
395 37.8018671857398 -122.42568630141605
396 37.76590543750542 -122.4680969188184
397 37.72973412250475 -122.45990916486471
398 37.76970198711232 -122.45291475087052
399 37.77064357061458 -122.50261197753014
400 37.736468439668414 -122.40167600663634
401 37.77035931591864 -122.42546859974219
402 37.76186024126459 -122.48624264800114
403 37.74947332743774 -122.45462497779869
404 37.73625101025765 -122.45190596947481
405 37.77721429170309 -122.44530645629959
406 37.71345627733465 -122.45166366107604
407 37.72152679758741 -122.4643671524778
408 37.74388319603669 -122.49432848564797
409 37.76642059728918 -122.47024164711243
410 37.741023818258306 -122.4960269426824
411 37.74731517661657 -122.4729601203392
412 37.78719730647232 -122.40225829465166
413 37.723733480062464 -122.4460115614142
414 37.78016067237834 -122.4078806794018
415 37.7167659708705 -122.38745493172472
416 37.77868040526465 -122.41547400864651
417 37.77474014153563 -122.4801457969921
418 37.769888795607464 -122.51100998539856
419 37.7444008607464 -122.5056405976712
420 37.714538626295926 -122.41765384535844
421 37.736562174899525 -122.43581599581778
422 37.71663165566391 -122.3669872949988
423 37.728941128932014 -122.50605227432149
424 37.72763231253531 -122.3793752287412
425 37.74831952583837 -122.45645631783384
426 37.76456333887903 -122.39032899535547
427 37.7609018883134 -122.50082530942902
428 37.778648142148654 -122.48000484233148
429 37.77046276668766 -122.41243485002508
430 37.778739313840696 -122.46459410614618
431 37.783489886228985 -122.41255897794582
432 37.717783027926956 -122.37968335042352
433 37.71004798622329 -122.42012249567357
434 37.786495940905446 -122.40020765893826
435 37.70995612054219 -122.47830143814595
436 37.792949017453374 -122.43662776131643
437 37.782573398372946 -122.38765758397433
438 37.71357787571645 -122.3810089552845
439 37.71167152723019 -122.4699404676966
440 37.726624405705905 -122.4052564033728
441 37.71929956603676 -122.37370093187187
442 37.71713585829079 -122.48180363655113
443 37.73641583844901 -122.48553046113966
444 37.71355597055342 -122.44458070061756
445 37.72814364908199 -122.45502119154021
446 37.80014618068599 -122.45526360240812
447 37.73749764154686 -122.38524902534449
448 37.76475086138823 -122.41198449546798
449 37.743784527311696 -122.38801429104467
450 37.71746829040017 -122.49270964931496
451 37.761422126444245 -122.49490200247659
452 37.780015529501405 -122.39033443572873
453 37.771512769518054 -122.49225268231541
454 37.72814857804208 -122.47383017871579
455 37.74725974899992 -122.45255261374017
456 37.756348540004176 -122.45752221863931
457 37.74618101641769 -122.43051020332094
458 37.72393307738632 -122.36437879757557
459 37.71783262669145 -122.45294454691513
460 37.7625344064722 -122.44297478916758
461 37.77447009127659 -122.50384577137164
462 37.756387073246806 -122.50150376414474
463 37.71306193415874 -122.49702929282054
464 37.720074500504644 -122.45403474593196
465 37.75255546483965 -122.47950757501874
466 37.719424646172136 -122.44759340092871
467 37.73485146446801 -122.48164709858656
468 37.744954008472895 -122.47407407539976
469 37.71991897385852 -122.41828574499753
470 37.75847339879008 -122.41333567021088
471 37.72588198530436 -122.48509671331982
472 37.74120769153201 -122.4612085013783
473 37.71874959798926 -122.36824979694681
474 37.723922834940296 -122.43115966840692
475 37.753943328075565 -122.42418332619785
476 37.764815815094224 -122.50479452659815
477 37.71104587699849 -122.39952802932518
478 37.72866303206345 -122.46374818204339
479 37.782453996471524 -122.40288394922277
480 37.74162573865678 -122.44979582213988
481 37.754291878274515 -122.40921146457505
482 37.74482823895417 -122.48376543639522
483 37.783074859546204 -122.50797175937574
484 37.759659714757625 -122.44037051049075
485 37.74696268784003 -122.38051626370317
486 37.7706847901854 -122.4792454853292
487 37.770603217970276 -122.48654325320047
488 37.74214125310814 -122.46171560416063
489 37.79039211873846 -122.38952548584616
490 37.75744767299014 -122.42525000392968
491 37.722474604876986 -122.41660120587349
492 37.77352323752356 -122.50752239848575
493 37.79002697218457 -122.48511459743526
494 37.71039859116596 -122.41958199438714
495 37.73066983569123 -122.40682192591346
496 37.79288126175774 -122.46749456954119
497 37.77282600585835 -122.5028299496852
498 37.788928419806545 -122.48184795547547
499 37.75042164239029 -122.44621869523866
500 37.77168127375128 -122.4641367063363
501 37.782947051028614 -122.40578859785072
502 37.740750968328925 -122.41507659253826
503 37.77157479431778 -122.45567525639429
504 37.7127493104941 -122.49745684591322
505 37.74226358638269 -122.44870556886815
506 37.75084789313983 -122.42062338367609
507 37.7427090681582 -122.39666412153385
508 37.72816781272871 -122.36465292707072
509 37.714632612425774 -122.48315136894651
510 37.768645726451965 -122.42303491234136
511 37.75187526748859 -122.42774753195694
512 37.76915182435463 -122.4424483700433
513 37.72283844928631 -122.3697454013778
514 37.74603825020472 -122.39517319624336
515 37.771131163450946 -122.46735534469408
516 37.729905236861825 -122.41494406155167
517 37.75322888725824 -122.41154987796072
518 37.78595870077493 -122.45773466846072
519 37.76986635247072 -122.39584116186097
520 37.739289706667584 -122.41772932700468
521 37.76139259177338 -122.47249515384549
522 37.7525737915887 -122.41293598377543
523 37.741261309503955 -122.49297709658326
524 37.78375054494371 -122.49135375135987
525 37.71902743940468 -122.44105679023797
526 37.79106728409381 -122.45255771703654
527 37.73603132655654 -122.49778875565681
528 37.76250225462226 -122.4233875811891
529 37.722220147388256 -122.47807405225579
530 37.76110476240852 -122.40564915076013
531 37.750462489464304 -122.41852823530253
532 37.72715589881389 -122.3765261843104
533 37.70838487611632 -122.48733372755862
534 37.76453359933546 -122.44822901795241
535 37.746961816244884 -122.4439079109019
536 37.72377087160926 -122.48487388298197
537 37.756433580419625 -122.44212414260078
538 37.71536110252098 -122.39489120918432
539 37.764655387088304 -122.47301257256082
540 37.801801673678696 -122.40248348859136
541 37.72348279257366 -122.41872100635602
542 37.7427675757255 -122.50203758692355
543 37.73649636257487 -122.40946136434346
544 37.742217662334916 -122.40213306882325
545 37.77376003183394 -122.43928485856682
546 37.71116852688162 -122.40599501103472
547 37.72958041605526 -122.3981745240066
548 37.72737044088703 -122.36752440820077
549 37.76240245480923 -122.50162215064476
550 37.794546216557336 -122.43369725971274
551 37.767776833896995 -122.3978031366369
552 37.71041971624695 -122.43305961962216
553 37.792949196003164 -122.4838309589826
554 37.75886402081296 -122.45272233538341
555 37.73603236240847 -122.46723601633624
556 37.71923452064696 -122.44378682382488
557 37.75041947911333 -122.45889015570127
558 37.74987981639853 -122.48445152260132
559 37.79788134018855 -122.42035317071121
560 37.72931919183318 -122.44022660540814
561 37.73655418023065 -122.46865211298179
562 37.793551098819655 -122.47402858786292
563 37.78943947369461 -122.47709942495749
564 37.71405456774481 -122.5001554022656
565 37.72813808245367 -122.49887311294529
566 37.720606111867234 -122.4845818000811
567 37.709912728496164 -122.38860689725502
568 37.79127955150781 -122.41772282222175
569 37.794566451164506 -122.46410872162119
570 37.731759439730084 -122.36865871886803
571 37.799310560362095 -122.47145544638917
572 37.74015088856916 -122.46502271631648
573 37.7242235854134 -122.397826695301
574 37.73596953515908 -122.40883951084457
575 37.733137407940326 -122.46726527458934
576 37.76583067902779 -122.49833029767076
577 37.793215072974355 -122.44651369750481
578 37.730472310817504 -122.48043866390684
579 37.7379367775525 -122.41803378124895
580 37.78833307299741 -122.44807345402246
581 37.79653974729013 -122.44082188791903
582 37.72601726238747 -122.47764784336763
583 37.73928750848362 -122.39560533687921
584 37.78086986364772 -122.43355709335576
585 37.73764535658546 -122.43438061499532
586 37.71494320037513 -122.40011322427948
587 37.73812520187388 -122.48483254688308
588 37.78189051843114 -122.48655072255853
589 37.71261278614338 -122.44270877668042
590 37.72999053840742 -122.37180390668627
591 37.768659438625804 -122.48040324393169
592 37.736880013176986 -122.47008591947285
593 37.7976669881076 -122.41453687266227
594 37.77419506440837 -122.4547506260431
595 37.779331898607296 -122.45130474937899
596 37.729636208351984 -122.37112465681713
597 37.77379882381365 -122.48552384127858
598 37.78022959493896 -122.4518508612242
599 37.785814514552676 -122.42108238153673
600 37.762654653623244 -122.50291944570677
601 37.71753622549744 -122.3915805535278
602 37.70896526888622 -122.49211263416227
603 37.73113197779252 -122.4575193995926
604 37.71427250596175 -122.43784824005924
605 37.74285999867252 -122.49078429357162
606 37.78748903976259 -122.48052236318907
607 37.71403059738735 -122.48630274197404
608 37.7238402588516 -122.50214569002375
609 37.78284346631959 -122.4483962766131
610 37.77852473923901 -122.49037734813963
611 37.726322456591504 -122.44922550566167
612 37.734214033688204 -122.48903885773171
613 37.73802088937969 -122.39133204181138
614 37.775138541807564 -122.47131186791167
615 37.80560034830324 -122.42350201291418
616 37.79713945204166 -122.40926923331187
617 37.7362443203292 -122.38907641783923
618 37.79989911847819 -122.46167519938734
619 37.76196116508132 -122.42565606455774
620 37.744074822946565 -122.4551315325265
621 37.73782729245752 -122.45227699753573
622 37.73358792418328 -122.44300807489186
623 37.79737634374566 -122.43892243439848
624 37.77766079925745 -122.47267886240931
625 37.7967694719976 -122.47216732180836
626 37.744975479166285 -122.41910120195774
627 37.71453487283478 -122.41973196689742
628 37.766379367155594 -122.50189717977983
629 37.800007392622916 -122.46000536483741
630 37.73936309447222 -122.45746422047733
631 37.78602570096283 -122.50208576879514
632 37.788600554128266 -122.43678154825318
633 37.72466967327296 -122.49850957490511
634 37.760597234111316 -122.50183741207937
635 37.78818929676026 -122.4832430581566
636 37.78805014546178 -122.46395254738803
637 37.727985064488564 -122.39366568990685
638 37.734606846056444 -122.44203794296293
639 37.709137117976574 -122.48398856737313
640 37.77156603219233 -122.50822022807658
641 37.7500467211847 -122.43167529639494
642 37.78044699085182 -122.44843549157342
643 37.79657411216646 -122.41824551841749
644 37.72306564892002 -122.4563275783121
645 37.76297293672767 -122.39419907636012
646 37.73341882839344 -122.45052748623445
647 37.75016773138854 -122.42802134077078
648 37.73327578702624 -122.4434651800704
649 37.760527143232295 -122.47020289263062
650 37.76335422201366 -122.43544100365581
651 37.78857049825618 -122.46344292654906
652 37.753539181246495 -122.41587066454929
653 37.72852496510015 -122.4453897280169
654 37.79130490204828 -122.42289340005983
655 37.72089068929256 -122.44581545835771
656 37.724525443888496 -122.38769090063548
657 37.7861363323442 -122.38630601188652
658 37.78176507350265 -122.47217214065276
659 37.75248054798384 -122.46892884279026
660 37.71209136981347 -122.4572466553211
661 37.73451696120304 -122.38661688024635
662 37.76940435708689 -122.42328878102411
663 37.74919941692673 -122.40890366366887
664 37.71526260226058 -122.45753923129385
665 37.78380724706219 -122.47643242075128
666 37.78791429289005 -122.45196900659587
667 37.772928515102556 -122.45863434464631
668 37.80202934330351 -122.45311482336565
669 37.756993276924256 -122.38556154637438
670 37.76575283982213 -122.39909846750808
671 37.77741909698588 -122.43710146255955
672 37.754837377333764 -122.45017034784753
673 37.79092508468798 -122.39176290989461
674 37.74619464187787 -122.47911417999549
675 37.74660245719838 -122.3766127963738
676 37.71397520230854 -122.45402336639054
677 37.73541576667751 -122.45512107568342
678 37.74754499496094 -122.41649885935472
679 37.769466843353875 -122.38360444273886
680 37.730298033344894 -122.50694663893479
681 37.80290992722036 -122.43876397332498
682 37.752781442009706 -122.41805640713045
683 37.75895149214853 -122.44976807694881
684 37.774516109956245 -122.430840663078
685 37.774427190491565 -122.48164332102317
686 37.74813147938181 -122.45766568026059
687 37.74729463844895 -122.40608200812908
688 37.80670096425109 -122.4309740481911
689 37.72200120227677 -122.50080678041196
690 37.785690084894114 -122.43215771065043
691 37.7142663515753 -122.49317648693648
692 37.76069950442679 -122.47203866169352
693 37.7858453810158 -122.47100044253905
694 37.802165484085556 -122.4741825669159
695 37.79716144833432 -122.39382896388034
696 37.75551989106042 -122.42805604683885
697 37.72107238432113 -122.4296114663543
698 37.72331906637497 -122.41240312517587
699 37.75286664450557 -122.42366871790973
700 37.72188288701722 -122.35877454735306
701 37.79181631425986 -122.44019356131236
702 37.785731239245244 -122.49971935224113
703 37.72733886165584 -122.46996188955927
704 37.80373412539201 -122.47280970576405
705 37.75162111159802 -122.48070051554294
706 37.787531894360924 -122.46813161349384
707 37.76466692411564 -122.41449382922399
708 37.72171105258097 -122.36708012706639
709 37.765106541232704 -122.42371656050838
710 37.733935862454196 -122.48841143300264
711 37.72175796683118 -122.4416181222761
712 37.781696950444164 -122.41583563226139
713 37.711188388660226 -122.43466059833202
714 37.75991953387316 -122.42441274812042
715 37.77025477059001 -122.43180700475983
716 37.7366777721713 -122.38231009886361
717 37.72323492178814 -122.36397116991476
718 37.77853382271679 -122.41614293684836
719 37.71070433852407 -122.48607802396609
720 37.77569655545745 -122.48802225060864
721 37.73833325457876 -122.46251836011675
722 37.776248951572285 -122.47221037842023
723 37.73173448419739 -122.42765751823369
724 37.79761121975891 -122.47168314048074
725 37.754433222383405 -122.43865094135131
726 37.7756594945215 -122.39472029727507
727 37.71081499742853 -122.48255910406459
728 37.8066845056832 -122.42650883746383
729 37.786334710498444 -122.47958248434648
730 37.75317265592221 -122.4836030528279
731 37.75658338583982 -122.4835086710277
732 37.77987481309101 -122.41966209551053
733 37.73482099089421 -122.49502588069785
734 37.721856063380976 -122.50420467342983
735 37.733494663403555 -122.50339738947304
736 37.75010232398464 -122.38778409009674
737 37.782013267559016 -122.51112684712332
738 37.71914793491973 -122.42264306081529
739 37.74078169222454 -122.48816274452072
740 37.78142094138978 -122.45927731108688
741 37.763799125926 -122.4802079389367
742 37.78818648464494 -122.38832410153744
743 37.79597651255393 -122.39383227882955
744 37.71630063290347 -122.39835157339306
745 37.73144781241533 -122.39302316159055
746 37.80529763652392 -122.41886534389123
747 37.78709868945069 -122.39204743245675
748 37.80758599305906 -122.46921578127842
749 37.74810520580161 -122.43113146709493
750 37.7115819881942 -122.4505152170789
751 37.7287452791096 -122.42972029567838
752 37.79642620696729 -122.43900016407034
753 37.721759827168555 -122.48778485664346
754 37.72518034551582 -122.35975506102433
755 37.79884653819974 -122.4056394932519
756 37.78526636544586 -122.41203017146866
757 37.741872970640735 -122.4272570697682
758 37.764232749190384 -122.50741455046614
759 37.7845222214457 -122.49286754479502
760 37.72415426824108 -122.49936006081859
761 37.78574142874932 -122.44845418017599
762 37.7505715576292 -122.39548900896061
763 37.76712497573686 -122.39032061392076
764 37.72798543574623 -122.45333652419437
765 37.755011221134794 -122.38484651704745
766 37.77756121841781 -122.45952412970698
767 37.79216487757429 -122.45712482295242
768 37.75731885836626 -122.422472303399
769 37.72278979813186 -122.49453786069485
770 37.72497585089251 -122.44671454342259
771 37.758220713576414 -122.40895131052069
772 37.7758419907115 -122.47582382718757
773 37.77630928522278 -122.39343308344348
774 37.73457709279458 -122.36645066779062
775 37.74526541750787 -122.49425102429299
776 37.72183748260804 -122.50361637476752
777 37.801022573914445 -122.46174232530593
778 37.75397439709612 -122.3832786472267
779 37.72837855243759 -122.43001138371518
780 37.763109554412125 -122.43141671411075
781 37.71565541189831 -122.4093039089238
782 37.714306536620654 -122.39210703523243
783 37.71399476476569 -122.45583480769325
784 37.757039916705935 -122.38440138166348
785 37.72838079885293 -122.48681925680404
786 37.77879259610472 -122.43010069565186
787 37.7357534689864 -122.40341898639082
788 37.7256676716287 -122.50171885353024
789 37.75541548074349 -122.50470882017561
790 37.764882302000466 -122.4863398650181
791 37.77685592255045 -122.48647397849359
792 37.80737289564596 -122.47662958685711
793 37.76740676636476 -122.46620568055314
794 37.74012624537907 -122.50638543730284
795 37.73026605448941 -122.48311598760723
796 37.77675528369184 -122.43596389762685
797 37.80353421287557 -122.46874690802682
798 37.785293136961656 -122.45391990120356
799 37.77543334939094 -122.42775960096759
800 37.808058387752666 -122.4709829024886
801 37.78375478091079 -122.5045406355173
802 37.74564795037861 -122.42128495026522
803 37.77861449015015 -122.51327473625244
804 37.78267602721389 -122.48273683651287
805 37.77162315473028 -122.48033297924765
806 37.77891229826341 -122.4265090515847
807 37.72051650675625 -122.4477335392056
808 37.78343973362025 -122.45942892872691
809 37.7199656890318 -122.4180736543537
810 37.760768948275896 -122.43325328751914
811 37.74803226652704 -122.48483321307
812 37.76617629164899 -122.51041460738362
813 37.71113890712018 -122.47148671957677
814 37.75966208696261 -122.5108691917978
815 37.71250320793362 -122.38680068950046
816 37.74917642618527 -122.47608423105017
817 37.731321436469635 -122.37476124712983
818 37.75552868907061 -122.50833801894184
819 37.761641763113985 -122.50491768303317
820 37.71095023099318 -122.49056686925938
821 37.74563241659146 -122.43861617689613
822 37.76211351141983 -122.47480941848832
823 37.7779215238437 -122.51625957283817
824 37.78990324211522 -122.40313535748207
825 37.74010562202174 -122.50433791407836
826 37.73347008345168 -122.49170874430868
827 37.742886306254256 -122.37727905172859
828 37.72046462473313 -122.40136241993403
829 37.72916506647966 -122.49271231145202
830 37.794822013502525 -122.4435974430075
831 37.800290322847644 -122.43945052859641
832 37.710997668672654 -122.42901541346983
833 37.725940448658086 -122.49260064142506
834 37.76674483098582 -122.50331839862451
835 37.79931368144339 -122.46116279408535
836 37.764756747715 -122.47317916956096
837 37.75871145522997 -122.44814167310923
838 37.72145339928377 -122.38899906688306
839 37.72439701749081 -122.44757550168889
840 37.80400153214513 -122.46812044341127
841 37.72329185655304 -122.41035493312337
842 37.738425882787446 -122.50538009488845
843 37.72609668596275 -122.37965715877333
844 37.79016279865393 -122.42278581094156
845 37.72672571932745 -122.44953222751862
846 37.728351783858734 -122.47362999825279
847 37.740344815777036 -122.4806285986478
848 37.80073248443606 -122.45835203358851
849 37.70863603993035 -122.39493092580717
850 37.80467158686172 -122.44807739766762
851 37.777929615153255 -122.42260049234098
852 37.73004243148086 -122.39951100953486
853 37.72700876638616 -122.4364129861211
854 37.751654641516055 -122.39373461750252
855 37.77206825099788 -122.46098549923937
856 37.72846420040094 -122.46568352840855
857 37.775005574562506 -122.51114349982097
858 37.739872574577376 -122.38673158044654
859 37.73320944291604 -122.37639795695465
860 37.72160729680472 -122.3650217250078
861 37.72977010865168 -122.49787645341635
862 37.780693349096154 -122.48634312215991
863 37.735156929115945 -122.4933165665734
864 37.756935794299515 -122.45536782854586
865 37.769829608447964 -122.40700543885106
866 37.75094336202407 -122.44774505829774
867 37.73663161449576 -122.38057115067754
868 37.722481525102424 -122.36456917656503
869 37.7096063285621 -122.4733298002987
870 37.77094528478602 -122.44815856241588
871 37.71900341646489 -122.39419654516547
872 37.786722318611346 -122.385249326399
873 37.71989782594972 -122.47753920073036
874 37.77998055170239 -122.44182346902254
875 37.72318072926538 -122.35851758436033
876 37.78163919186384 -122.47384711397758
877 37.79970970481301 -122.40596405620393
878 37.77403705855583 -122.45819924848281
879 37.72085373533016 -122.38893977481352
880 37.7936198573961 -122.42092310810169
881 37.723334061578015 -122.36665888187107
882 37.739271999584254 -122.41595774858791
883 37.75246723964325 -122.5074974403192
884 37.7474327807209 -122.46865263151071
885 37.76149147974931 -122.40019345745365
886 37.79787921830363 -122.41994699461404
887 37.74052255839732 -122.48303209239947
888 37.75982257196362 -122.38107671129413
889 37.736613118560726 -122.40716088872557
890 37.75682929868999 -122.42148146602425
891 37.77197128612849 -122.40448769205405
892 37.73340396219321 -122.37510862684269
893 37.774364940594914 -122.48254848595393
894 37.73558059516262 -122.42769310134415
895 37.76836573936827 -122.48151621285083
896 37.74631933484322 -122.50239047815306
897 37.80497685889241 -122.4535025494252
898 37.72640715063768 -122.44365633656132
899 37.735261735214934 -122.46342431514874
900 37.760723645492966 -122.43485922198003
901 37.75419345553836 -122.50956381221675
902 37.80173735339963 -122.4267170314534
903 37.7429166313147 -122.4665691633424
904 37.74025238074146 -122.42779365243791
905 37.74330486332647 -122.41939609216794
906 37.74588745261559 -122.45133256809504
907 37.76523103312398 -122.47622507075731
908 37.70885038448258 -122.4829622729371
909 37.785863544374656 -122.50303660772406
910 37.785569160250944 -122.50108909682189
911 37.738458708270365 -122.40284992457089
912 37.76189418120033 -122.50143635097832
913 37.80112249541125 -122.43253448027922
914 37.76827250375941 -122.46684011084717
915 37.76386128240705 -122.43996345143054
916 37.72222790474892 -122.45292626435713
917 37.758393312046216 -122.41275376822912
918 37.794813648876996 -122.45746928084206
919 37.75345680259992 -122.46183373257787
920 37.724815962967924 -122.47413260250184
921 37.763385092107505 -122.40054277963458
922 37.800732721627995 -122.39926198173755
923 37.73479598297785 -122.40411050391063
924 37.8025604861581 -122.41725953234065
925 37.78927130229243 -122.47487002696121
926 37.78468195971468 -122.39651570959684
927 37.803627014560576 -122.46546034069758
928 37.78817251382545 -122.39976193852016
929 37.76637780619169 -122.38717833660704
930 37.753181441877935 -122.40272863267646
931 37.76828629067278 -122.38789762574945
932 37.744219895890446 -122.4090712009576
933 37.7593768496159 -122.48546266224965
934 37.775755551136825 -122.43921705466093
935 37.79666727721266 -122.46747813088406
936 37.79078844385458 -122.42014517378212
937 37.745474250166225 -122.48352677603907
938 37.78501347881282 -122.44741592422307
939 37.72206004721247 -122.39755931927728
940 37.77023444864298 -122.51083699710078
941 37.77062954945967 -122.44090460413749
942 37.79463387784741 -122.47182410521668
943 37.71285422990579 -122.38681281453977
944 37.734492450664504 -122.41348529455259
945 37.785663307561336 -122.45029591640083
946 37.74591070537956 -122.46468868106552
947 37.734308314796586 -122.40373036929323
948 37.78164562406947 -122.49318352831523
949 37.78411401025581 -122.4277502592396
950 37.729679485397384 -122.45937547048342
951 37.76175883438439 -122.42575066996926
952 37.774145767261906 -122.50129016369053
953 37.80384406550531 -122.42927049616522
954 37.712790243689206 -122.43206172367134
955 37.7869988791504 -122.41854739615016
956 37.7277302689979 -122.37344375563042
957 37.80181269659298 -122.39821494033777
958 37.71161011528883 -122.44154751593031
959 37.80253249581966 -122.46277190239833
960 37.743649306149834 -122.43043668547857
961 37.787254563877376 -122.50330930241573
962 37.72284038652161 -122.40549557843632
963 37.759896926852186 -122.39149423004059
964 37.79762069637375 -122.46914223561778
965 37.744661287439875 -122.43682527352844
966 37.79134767620483 -122.42645267241828
967 37.73971318706376 -122.40382917728826
968 37.72169098229787 -122.4453105617762
969 37.7594349238328 -122.4657943116732
970 37.74867642830118 -122.46174880169256
971 37.794011251117816 -122.40902979356737
972 37.7461318113293 -122.41940544872779
973 37.73094559841947 -122.46049976017744
974 37.73351587321152 -122.47077448948629
975 37.76589417217185 -122.42641017950801
976 37.8077086467722 -122.43227371081315
977 37.7210459529539 -122.41451468053344
978 37.72287088283531 -122.36769532627234
979 37.7090466735649 -122.4225840517914
980 37.711443463157025 -122.4551241447318
981 37.74816157747656 -122.39600234265815
982 37.75583328124408 -122.38400872713116
983 37.71142224048424 -122.4751500669524
984 37.716672858953864 -122.49676696658335
985 37.721459620324154 -122.47566295133385
986 37.74834138635003 -122.43990433061688
987 37.76080974788826 -122.39103778247595
988 37.76045122446248 -122.49890979136481
989 37.78084921103291 -122.45079165777913
990 37.79254808642959 -122.40637377919757
991 37.73891069898618 -122.40625061904124
992 37.79828063570957 -122.43638825586116
993 37.76433913317305 -122.4717901167263
994 37.78752605863 -122.3853867210174
995 37.76945674273506 -122.43391214071507
996 37.726500724514594 -122.48811350330507
997 37.74300228120805 -122.38492223059859
998 37.748675044804415 -122.46257209994513
999 37.75343175479569 -122.44301024429343
1000 37.7559492829624 -122.38891473330978
1001 37.77877313225459 -122.48305565738258
1002 37.709865583760006 -122.44187622074496
1003 37.8008094661664 -122.45707801358155
1004 37.723748191005235 -122.40688601966538
1005 37.773515542243885 -122.45018431535898
1006 37.72296168563379 -122.46075576318755
1007 37.73093491579796 -122.47510925770969
1008 37.741384958868636 -122.41807386280779
1009 37.70994174933101 -122.44073532220506
1010 37.80597318493469 -122.43018451243472
1011 37.73179634059482 -122.49535617919322
1012 37.77196819019586 -122.49755236090037
1013 37.77719975918149 -122.50694566570836
1014 37.760606928977985 -122.45573637589564
1015 37.746381592127854 -122.48294105944859
1016 37.71149774211104 -122.45907619228696
1017 37.71893595217393 -122.47793361137721
1018 37.749536557681836 -122.41714880430219
1019 37.76899340175791 -122.43957699361756
1020 37.75424018126475 -122.42244603279177
1021 37.80147071592667 -122.46288566927059
1022 37.76503241258145 -122.42969234567681
1023 37.776938605167956 -122.50773258860123
1024 37.78530738310925 -122.46570901646793
1025 37.72467785436702 -122.40680816049142
1026 37.785704618521855 -122.46635058185038
1027 37.72794102636337 -122.43993444499597
1028 37.716156960987846 -122.4108788189292
1029 37.76465330565814 -122.38811532852505
1030 37.79577579559363 -122.44853110612506
1031 37.788868469605426 -122.40840213592286
1032 37.79834493367626 -122.45772383319238
1033 37.79485699542465 -122.45469423766659
1034 37.71474031159894 -122.49068980010513
1035 37.73094036876164 -122.46904843620445
1036 37.731678078450805 -122.37001109559398
1037 37.77272241222403 -122.50227686735798
1038 37.76270619753102 -122.44537444382574
1039 37.744497320471055 -122.4716355897504
1040 37.77144966413438 -122.43500198326635
1041 37.71978464406356 -122.37101911976141
1042 37.71932299284825 -122.45569118539505
1043 37.753294135741164 -122.50391908858045
1044 37.73468387390411 -122.4583813136611
1045 37.79460751370215 -122.39324956177478
1046 37.75447672078149 -122.3989311946523
1047 37.79092637191825 -122.42041552244419
1048 37.742182183943605 -122.44043478890028
1049 37.77754634214023 -122.47471687954626
1050 37.710232662453656 -122.45946973329114
1051 37.755024554602166 -122.47167643151353
1052 37.72628433290858 -122.40327310512352
1053 37.7977917851927 -122.40450088463807
1054 37.74656985917538 -122.40699439018906
1055 37.764305705466285 -122.49821046117614
1056 37.736160219387976 -122.44567921075314
1057 37.78290149142858 -122.42226627761528
1058 37.73086476431346 -122.45253632071608
1059 37.751942285818 -122.43743903998767
1060 37.777758912293585 -122.49768180062686
1061 37.746416300824606 -122.38182205427275
1062 37.73963593224646 -122.46001404087129
1063 37.795654400313715 -122.46150598843299
1064 37.75699004726598 -122.43527076973982
1065 37.719803974403035 -122.48070965658208
1066 37.785334194976194 -122.43057651376857
1067 37.73373840672243 -122.36509512486418
1068 37.72769759326362 -122.42365795452325
1069 37.738263717077416 -122.49839155028675
1070 37.78017959933476 -122.46662116342529
1071 37.773923749382725 -122.42672263006452
1072 37.709976522532 -122.47957129191572
1073 37.77578846479544 -122.48148641258501
1074 37.783112638365296 -122.48239476492891
1075 37.79534826816764 -122.45902579685433
1076 37.72030538125072 -122.43117301563886
1077 37.720093950086614 -122.46914400937841
1078 37.7273543174119 -122.38848355809613
1079 37.76532134507222 -122.49797860075498
1080 37.744680477468194 -122.50064127413401
1081 37.71946790445685 -122.46667214936608
1082 37.7995157278724 -122.46742297441155
1083 37.75332104292452 -122.38963949768981
1084 37.73176213110245 -122.49315524771751
1085 37.73695101096858 -122.44826563348516
1086 37.737535208401404 -122.46668046154237
1087 37.74059081730882 -122.44322725403921
1088 37.75096623602686 -122.39978708149842
1089 37.70972023127083 -122.44952904131557
1090 37.72304646807785 -122.42873891563029
1091 37.76323569570243 -122.41642481977257
1092 37.75100748235731 -122.4571189193373
1093 37.795252483393575 -122.46500109802058
1094 37.72771778726961 -122.39248324952743
1095 37.72195379198002 -122.4833901568181
1096 37.77823052177861 -122.40050881585876
1097 37.80091721905065 -122.44127930166285
1098 37.75997634105539 -122.4069020604862
1099 37.73363922511126 -122.49967045689849
1100 37.785027968855736 -122.41077705214832
1101 37.80673355907025 -122.41726468517142
1102 37.74822984450312 -122.39145574317507
1103 37.72188091752989 -122.39967689153076
1104 37.77369368809425 -122.47409664509992
1105 37.75565769058359 -122.42476538141295
1106 37.7313349710044 -122.47888630480598
1107 37.72811111786295 -122.49873943998698
1108 37.782940889363076 -122.49961863807577
1109 37.72794411044221 -122.40084904641841
1110 37.74122942606108 -122.50692937041367
1111 37.7980091316445 -122.42529376683993
1112 37.794272258054086 -122.45979107439001
1113 37.72203940044456 -122.37283093322425
1114 37.724394464669565 -122.37162628479473
1115 37.796296188927826 -122.41573720104095
1116 37.7731125635947 -122.47586687401477
1117 37.72844406103185 -122.44751705778667
1118 37.76740787178872 -122.48336033043367
1119 37.74347088495347 -122.4003190818532
1120 37.73097571920255 -122.46418552419887
1121 37.73110829372456 -122.43471901445996
1122 37.77192301326426 -122.39349339584055
1123 37.772076578976964 -122.49402783718156
1124 37.7399879626217 -122.38681458833005
1125 37.750882554591804 -122.46332061246262
1126 37.76637987650583 -122.3958698542385
1127 37.79819374513711 -122.44622434168916
1128 37.71058837198182 -122.48128638834365
1129 37.74201409471955 -122.4163604592769
1130 37.792450588448446 -122.44410196448777
1131 37.746607499380524 -122.46331917375774
1132 37.73629984281511 -122.48475391446337
1133 37.716673473496684 -122.44137235618963
1134 37.7599394746831 -122.47735866359923
1135 37.73416285218418 -122.47953193994054
1136 37.73677258713685 -122.46648350455068
1137 37.76211179322266 -122.49754122478868
1138 37.801740217474276 -122.40321897581512
1139 37.77490556053035 -122.44210883994457
1140 37.77088561430653 -122.43592464764582
1141 37.73113849544489 -122.48238316669377
1142 37.79244733186809 -122.46786881192483
1143 37.780487709573265 -122.46543261853786
1144 37.751095761749674 -122.50050359949533
1145 37.77831128749953 -122.44303246359374
1146 37.729616711263034 -122.39061159638797
1147 37.77953327483582 -122.40715595373
1148 37.73848242858889 -122.50328367348078
1149 37.784620990587264 -122.45752728880404
1150 37.74809449381849 -122.42284349247588
1151 37.77473141374319 -122.50942659258496
1152 37.76617645167048 -122.47687765165679
1153 37.785384885082344 -122.42514785378856
1154 37.72202639842381 -122.45767657276919
1155 37.72791473850725 -122.50019214599978
1156 37.748120245200475 -122.49657340387964
1157 37.74740511999067 -122.46406041640368
1158 37.77404654457666 -122.43872402761481
1159 37.726803475791336 -122.48205189912966
1160 37.76751103913231 -122.43428827965904
1161 37.74033727568344 -122.38633704594672
1162 37.709973066526565 -122.39287625854074
1163 37.76553832547988 -122.48856072919523
1164 37.77230854048288 -122.41948531327586
1165 37.73709071007456 -122.4860351231374
1166 37.71926495222076 -122.42838159853672
1167 37.7531120380472 -122.40095796150239
1168 37.73249332717117 -122.49533010929103
1169 37.76349873321761 -122.39427339648377
1170 37.77416836835052 -122.38371555337675
1171 37.787675573068555 -122.42243376679178
1172 37.766719503101925 -122.41799801028472
1173 37.7486065564612 -122.48056229863575
1174 37.80451259991541 -122.45946000250538
1175 37.74843147440028 -122.4232204329606
1176 37.73004126445764 -122.48494807204482
1177 37.76782277210384 -122.42918926925972
1178 37.748173962694075 -122.48398142169673
1179 37.720549849378855 -122.44789875802037
1180 37.772384452419814 -122.42253529742639
1181 37.769614202178076 -122.46672588995763
1182 37.77947467629757 -122.41394904958636
1183 37.75073641514226 -122.41311617986511
1184 37.738417997851926 -122.40609828731608
1185 37.73839128003619 -122.4781509298684
1186 37.744376394713605 -122.4670332559383
1187 37.76932115243812 -122.40051613904157
1188 37.777149272300996 -122.4271009851706
1189 37.719593589178835 -122.47960107986387
1190 37.74146342486678 -122.41739767722594
1191 37.77940868335374 -122.41623270641134
1192 37.74497362732433 -122.41531288119783
1193 37.73183063949555 -122.45829921531323
1194 37.76796488731533 -122.42162921982727
1195 37.76363209067214 -122.49480162362185
1196 37.77923930783696 -122.47429731670525
1197 37.738033295247384 -122.47538092471673
1198 37.75233507351495 -122.38083331958266
1199 37.73087955689887 -122.35915983964532
1200 37.80030144089017 -122.42141071171113
1201 37.72524976594527 -122.36048736691234
1202 37.74625695596852 -122.39808098309074
1203 37.752602076998194 -122.39276710490383
1204 37.74030387275881 -122.49923515133791
1205 37.75616172849746 -122.40346031110762
1206 37.755544305147495 -122.45137429110918
1207 37.76457593925544 -122.48251150695604
1208 37.73809527735343 -122.50762520820932
1209 37.73527510200394 -122.49601659425232
1210 37.72064696582706 -122.44565158720798
1211 37.77420126957614 -122.41913619640846
1212 37.72955577743684 -122.41496984456755
1213 37.8008514595623 -122.45410877112948
1214 37.7093785215889 -122.48921979261924
1215 37.71488620516984 -122.37758592711033
1216 37.74946078854032 -122.42428591187465
1217 37.7570748504576 -122.43765337009845
1218 37.722334952277336 -122.45079633725322
1219 37.79987352472629 -122.4468963429184
1220 37.71221405036596 -122.43541886707945
1221 37.73690038869881 -122.48410623026332
1222 37.78391712564423 -122.44339814569436
1223 37.74227802174355 -122.4216868298319
1224 37.77866297324839 -122.44668662179994
1225 37.79597380264665 -122.40186718086615
1226 37.733372578171995 -122.48282325640503
1227 37.754607120275125 -122.39167304386991
1228 37.78887921175519 -122.43571730977048
1229 37.7688526268671 -122.38998267775119
1230 37.71799691243771 -122.44803499980408
1231 37.77043407827416 -122.3900081313868
1232 37.72589937666212 -122.45775107377726
1233 37.79093451296562 -122.40813932286872
1234 37.71019049011825 -122.45128159386884
1235 37.787176077926176 -122.4875477818393
1236 37.74462724428626 -122.47385817488669
1237 37.72386752329783 -122.43925445312196
1238 37.73232769318042 -122.3855278650369
1239 37.78457159864661 -122.50757083076476
1240 37.7528046892383 -122.46256596545227
1241 37.722168603851344 -122.3921258772945
1242 37.76779186400656 -122.44244079743103
1243 37.72964018557141 -122.38715156551692
1244 37.712755321963755 -122.48627251941643
1245 37.76498966116813 -122.39232748958042
1246 37.77308325486477 -122.46842552523081
1247 37.80428910030268 -122.45235696045538
1248 37.70978367028904 -122.38057707704776
1249 37.71091546625389 -122.4480246343996
1250 37.74187089582592 -122.40934541421797
1251 37.759557814976134 -122.45368080462391
1252 37.73796832474025 -122.41867945238818
1253 37.748132585715936 -122.39552154988047
1254 37.78524068046003 -122.46069647311472
1255 37.776371761936595 -122.46303978129404
1256 37.712538176652714 -122.3884004638815
1257 37.77440836622546 -122.48119277055437
1258 37.73465165730732 -122.4275826290212
1259 37.758737051530005 -122.3816656835932
1260 37.7413169072881 -122.42808229812748
1261 37.74689864726026 -122.41785425780843
1262 37.8001308231883 -122.40643197054537
1263 37.73484086192882 -122.45621830032213
1264 37.719623354984066 -122.47237639903375
1265 37.78436494996704 -122.48353734426637
1266 37.79427073865152 -122.44637907419163
1267 37.75125140481394 -122.48375231054975
1268 37.73319837304887 -122.49319027047602
1269 37.78039155133866 -122.50530671123514
1270 37.723102409047726 -122.49481735400944
1271 37.71594500044381 -122.5035800896984
1272 37.729724454825785 -122.4071562110963
1273 37.745376240149255 -122.4298457453111
1274 37.757828454361004 -122.43958032428806
1275 37.785846616748074 -122.38951333426014
1276 37.77651658775327 -122.44989688635644
1277 37.722565218297845 -122.4478191444011
1278 37.778710357705094 -122.44520742369505
1279 37.75140664204941 -122.41568895106568
1280 37.79204938728748 -122.40947437691761
1281 37.79883855366819 -122.4730590117064
1282 37.788630663353594 -122.46864660562987
1283 37.786454668510416 -122.40512588767146
1284 37.735545444922366 -122.39145795207298
1285 37.73518319573583 -122.48678204914899
1286 37.74004999403451 -122.49867341585845
1287 37.7083453484181 -122.46121304401652
1288 37.7203759043443 -122.41599766909691
1289 37.7108016910147 -122.38441731037386
1290 37.80398129640074 -122.42652255160331
1291 37.73333978861031 -122.4570400305689
1292 37.756084921483655 -122.50224228979012
1293 37.72541679998661 -122.43243690707163
1294 37.74392398617733 -122.43292696429053
1295 37.80077218640866 -122.42124452269992
1296 37.76333760583941 -122.40311633358
1297 37.73240656926023 -122.50317377270315
1298 37.80106380520487 -122.46228074019685
1299 37.768015086635415 -122.38923537827091
1300 37.77828780131462 -122.42221811396736
1301 37.75802991592858 -122.49939331818933
1302 37.74310916074491 -122.46812647988071
1303 37.760408648625315 -122.45675258726814
1304 37.77470578922726 -122.4488340962735
1305 37.72058310781158 -122.47734598245576
1306 37.76013631457635 -122.4355089510678
1307 37.710724861551085 -122.47965624425821
1308 37.742907576826305 -122.48908253731827
1309 37.73947659739215 -122.47263668123968
1310 37.76286797164532 -122.4738661571947
1311 37.78667654062098 -122.48305574454868
1312 37.80462483759334 -122.40846014750602
1313 37.76312522323436 -122.45698486370752
1314 37.73818666519365 -122.46215066174034
1315 37.7717514114556 -122.4481721543569
1316 37.74489343557631 -122.49360957840149
1317 37.75813647407895 -122.47217395086126
1318 37.78050255986154 -122.48190598162718
1319 37.72798777690127 -122.4865469112293
1320 37.760805579981586 -122.47464111571709
1321 37.72760036456101 -122.49650181226004
1322 37.804235903851335 -122.41048400654952
1323 37.759922949356124 -122.39875227120567
1324 37.769393915389294 -122.40017315535087
1325 37.77254559926105 -122.5043866675413
1326 37.78835748174309 -122.45168044347176
1327 37.779275727724006 -122.45720587321337
1328 37.76575906013733 -122.43862811949823
1329 37.73024251630196 -122.39914605750428
1330 37.73501934975858 -122.41219139090806
1331 37.72925973954154 -122.45633300423366
1332 37.73800327095392 -122.39992163161072
1333 37.72193476778054 -122.39088261220326
1334 37.76780853865943 -122.46145549977386
1335 37.73724698218319 -122.47200996035224
1336 37.717877513272825 -122.46685355652956
1337 37.80307507276553 -122.42246544783431
1338 37.71141731389214 -122.39144224422073
1339 37.75776237922163 -122.42764690547183
1340 37.72068373194763 -122.4027276051273
1341 37.79883109129312 -122.4547857782739
1342 37.74763534333529 -122.41875065004544
1343 37.76640978544626 -122.42395959587863
1344 37.757769926011534 -122.38234101783664
1345 37.7771375414086 -122.45608957950577
1346 37.80575168056958 -122.42594862869102
1347 37.732123635756516 -122.49747420238425
1348 37.77680148536991 -122.48561606569025
1349 37.7346788033288 -122.50506749101504
1350 37.74392099820065 -122.43831139742773
1351 37.75216278694672 -122.4458891117196
1352 37.775461451186096 -122.46765242846291
1353 37.79409142040158 -122.41514720257756
1354 37.733959866156134 -122.45545757092675
1355 37.800122384675966 -122.4524279359472
1356 37.716617041190524 -122.38002019497665
1357 37.72807664208679 -122.37733050142343
1358 37.802334571257575 -122.46216319325382
1359 37.738016536673676 -122.43214899564167
1360 37.80437426366488 -122.434030842268
1361 37.755756252483906 -122.4102903255826
1362 37.75571992770605 -122.4089298909041
1363 37.72993438836754 -122.47261742619
1364 37.76707142461203 -122.44815500262092
1365 37.713664914729605 -122.45948460649885
1366 37.742993389305475 -122.50319333385212
1367 37.75049968492805 -122.40467250732722
1368 37.7319068511157 -122.36561796104776
1369 37.76644816518546 -122.43415507833092
1370 37.77551736690355 -122.44307440009143
1371 37.75390700798267 -122.42088908678774
1372 37.713738731566295 -122.38472890590732
1373 37.726592580764425 -122.39871083984575
1374 37.77537394428258 -122.4047723861301
1375 37.725075599788276 -122.3973284681838
1376 37.72136332997449 -122.43380860481588
1377 37.787838384069914 -122.41175057340122
1378 37.71891210381514 -122.36008634027084
1379 37.79869000732894 -122.4113103915046
1380 37.728401007389756 -122.37507865529602
1381 37.73466330907471 -122.45622069346665
1382 37.739184589619875 -122.49404686859798
1383 37.71745405390845 -122.39731003682172
1384 37.73818129365891 -122.47177139063548
1385 37.78886880669332 -122.43037000617697
1386 37.749975255045385 -122.41928793871526
1387 37.7719487651154 -122.42187407694453
1388 37.725048394581925 -122.4084557529993
1389 37.776825854445086 -122.48514927591059
1390 37.755779872800645 -122.4797827171328
1391 37.72359444253998 -122.4882670283811
1392 37.71252068431962 -122.468893667115
1393 37.77856520981382 -122.42180813307318
1394 37.80464900437782 -122.42732113954757
1395 37.7271423951011 -122.4537615805546
1396 37.720059087346165 -122.47892540414801
1397 37.730457080913524 -122.40403569732439
1398 37.71632413459379 -122.40042461320432
1399 37.73566479725889 -122.48200924989405
1400 37.74952279503437 -122.45680076722347
1401 37.75555612080426 -122.47542942481633
1402 37.70909771617537 -122.3926752017236
1403 37.78346328855119 -122.50977236182831
1404 37.77043126209083 -122.49508603163652
1405 37.79892475294644 -122.45464816827435
1406 37.75149778769983 -122.39303158516726
1407 37.73496524511846 -122.41685162105685
1408 37.77234091140749 -122.41709433619621
1409 37.72492120791321 -122.40466383247262
1410 37.72229505648139 -122.44998148608728
1411 37.78101634205203 -122.50158050959537
1412 37.787317025497515 -122.44229464196847
1413 37.76530048645064 -122.51131778684913
1414 37.7434601807944 -122.45618428315736
1415 37.793464118497 -122.43281477347139
1416 37.76561641940032 -122.48791537600636
1417 37.708905987715454 -122.493990533706
1418 37.75049613389765 -122.4948256255836
1419 37.72393905212127 -122.47170568508942
1420 37.77340150937532 -122.43990896227783
1421 37.80412708022446 -122.4328918928208
1422 37.74033181142993 -122.47581009640562
1423 37.71107888404344 -122.41477913840177
1424 37.792178586589145 -122.41294544815808
1425 37.802187731644985 -122.4399177350852
1426 37.76182335942527 -122.4829494403404
1427 37.724474171829044 -122.42009672038276
1428 37.78482588686885 -122.45792085869387
1429 37.72331336555552 -122.40608264530793
1430 37.728041810442 -122.37211294221964
1431 37.74576032046808 -122.44346044271765
1432 37.7254455269061 -122.46110574892761
1433 37.73516675678274 -122.50158006504135
1434 37.71312933324895 -122.44389154690514
1435 37.715472296679565 -122.39717756703178
1436 37.76926354672796 -122.47883829257952
1437 37.77780591737159 -122.40218704851098
1438 37.74618464512065 -122.4512093713417
1439 37.72968298835943 -122.35847295607303
1440 37.793492341074376 -122.44674280069106
1441 37.75312973811516 -122.49363667411198
1442 37.71301974060729 -122.4544986755805
1443 37.7560312866259 -122.49252815928058
1444 37.73648121525809 -122.4224617452126
1445 37.723073083925776 -122.4673645914224
1446 37.7395465265619 -122.42928785562884
1447 37.78246536044666 -122.49037650610553
1448 37.784389113640415 -122.46292815154798
1449 37.72322511166466 -122.5040624027676
1450 37.80476846575008 -122.44004734881375
1451 37.75853134415786 -122.49246475848925
1452 37.7655937705033 -122.45490866251203
1453 37.741302597214236 -122.41189223192498
1454 37.76383906039312 -122.44332301339242
1455 37.7368551704101 -122.4667231171485
1456 37.76878625792462 -122.41913705435437
1457 37.728475777795545 -122.43949603690423
1458 37.74925183864551 -122.45608385432098
1459 37.73717669495371 -122.39968297699188
1460 37.80399649211112 -122.44837151214533
1461 37.7430941123889 -122.42747514088848
1462 37.747393767678815 -122.43484775291917
1463 37.73101570674942 -122.4607103206998
1464 37.714534206360696 -122.40125082442064
1465 37.75423338834564 -122.39059268354838
1466 37.750693066444335 -122.441837689165
1467 37.74867408242965 -122.47692551064026
1468 37.78831974921583 -122.43134090283851
1469 37.741965025732554 -122.45139967351723
1470 37.74481873960528 -122.48995982980968
1471 37.72486435963177 -122.42208733376323
1472 37.78622513780589 -122.41490705638445
1473 37.76799588380468 -122.49034236810513
1474 37.764396271743166 -122.45947892314354
1475 37.75090639535687 -122.43137313170831
1476 37.70984275951093 -122.42117204636082
1477 37.72320923148743 -122.41959473935732
1478 37.76659723761226 -122.44489930609471
1479 37.710359059884354 -122.47843710237909
1480 37.72362332052197 -122.43332266565346
1481 37.73517460839537 -122.39197107236323
1482 37.78639740995142 -122.42987383353514
1483 37.76007497688636 -122.4248329370134
1484 37.715613904725025 -122.39537002682489
1485 37.79060164937521 -122.44324026022505
1486 37.77589027775908 -122.459817261158
1487 37.79977481801364 -122.4465360879756
1488 37.77800042454686 -122.44042089313646
1489 37.73404635629335 -122.47400483119054
1490 37.77161918541062 -122.49058497143285
1491 37.74028957528961 -122.47821590302009
1492 37.80851114223495 -122.41362870532727
1493 37.732465061553945 -122.44593830090194
1494 37.79552671272377 -122.403857150912
1495 37.77159219965526 -122.45675319521723
1496 37.803225489578054 -122.43449829635826
1497 37.741005959522504 -122.38780421057798
1498 37.72649021403778 -122.3635386800165
1499 37.764418306159875 -122.40393177834424
1500 37.77485986213802 -122.46653935298303
1501 37.764337649406635 -122.50395528931271
1502 37.80198316606326 -122.44428089641646
1503 37.71160696494533 -122.4698564616782
1504 37.78435835821248 -122.44673208112728
1505 37.74915489079806 -122.50208266039724
1506 37.737404118343605 -122.50468761621923
1507 37.737186867486 -122.46429281008935
1508 37.72132076608626 -122.43134852831913
1509 37.75386968027976 -122.4429567397971
1510 37.78580078625675 -122.45535850136123
1511 37.717938732786756 -122.43042312500225
1512 37.752977834911114 -122.47560466270028
1513 37.71833731622132 -122.39459654163844
1514 37.770921363843854 -122.45784650943592
1515 37.74233361008992 -122.39740609340448
1516 37.710950996802424 -122.49292507598571
1517 37.77893057416276 -122.48053364646202
1518 37.79391069068834 -122.42987602855449
1519 37.748380839831405 -122.484802758528
1520 37.728831735170665 -122.45356056171735
1521 37.79988237385022 -122.4556212370646
1522 37.771647230649826 -122.44600982803804
1523 37.795239378931086 -122.43249182312255
1524 37.76383999527201 -122.47492398510695
1525 37.80480804842162 -122.44607087848
1526 37.78718333942049 -122.48524083939284
1527 37.80074983657645 -122.44063278989536
1528 37.79589557404526 -122.40101470936254
1529 37.77824022020223 -122.47515458309786
1530 37.740719636182355 -122.49755011013146
1531 37.75982183939971 -122.46902537059748
1532 37.77774621923638 -122.4326649249809
1533 37.78407451341178 -122.51051123429563
1534 37.71703834953711 -122.48179929392754
1535 37.72084768289813 -122.37347788675672
1536 37.80594974010345 -122.43861090449678
1537 37.765769274872575 -122.41667914882738
1538 37.771405856686854 -122.43695981234319
1539 37.730679616851056 -122.37458330864399
1540 37.7141563277845 -122.49408342813172
1541 37.781083299857485 -122.45324326407982
1542 37.7271497340906 -122.43899071746098
1543 37.743538376434365 -122.45709153400801
1544 37.80605769809798 -122.47052484375524
1545 37.75422362019268 -122.43000541892812
1546 37.74809187292941 -122.46643795310868
1547 37.78113638918493 -122.45535386592101
1548 37.74253517833181 -122.48016159318185
1549 37.73730952353286 -122.37561830297275
1550 37.7876101118954 -122.40403454724057
1551 37.76621267073845 -122.41117781930612
1552 37.73478094635013 -122.50578024478068
1553 37.80370845341404 -122.4490221477968
1554 37.78716090714017 -122.39158931971909
1555 37.717614920265746 -122.43348267790832
1556 37.775874133931666 -122.45097151442918
1557 37.7533333087424 -122.417837160183
1558 37.73330043500993 -122.42506125198167
1559 37.75496734683519 -122.44049593073625
1560 37.790595658319106 -122.45857971789117
1561 37.753185248962815 -122.46246347501803
1562 37.75311140815408 -122.45765587393662
1563 37.7600570469533 -122.39513969917093
1564 37.757073681627915 -122.50880031711618
1565 37.72155949751215 -122.39248113774885
1566 37.7935197905021 -122.40734691592505
1567 37.74265368584647 -122.46913361310767
1568 37.717991238790894 -122.43730701834126
1569 37.75304496383864 -122.49150387984555
1570 37.77108302509958 -122.39960060457635
1571 37.741009059682554 -122.38395717961484
1572 37.76112826236993 -122.40881686454092
1573 37.75982584926503 -122.4865825490052
1574 37.803873813385835 -122.44266051312437
1575 37.74456665428983 -122.47576284640415
1576 37.7526347383593 -122.47832795296378
1577 37.762717944237686 -122.49204419545298
1578 37.765291771868846 -122.43828551759408
1579 37.716228691777275 -122.4984322170852
1580 37.71069620171433 -122.4028347952785
1581 37.73396284503044 -122.45106256672419
1582 37.770482975901935 -122.47225831714677
1583 37.80034975221918 -122.42746251090512
1584 37.767471179739104 -122.42980643203522
1585 37.73324986885315 -122.39133225567848
1586 37.73453879474158 -122.38392407892322
1587 37.80126879712149 -122.42591449227046
1588 37.7537622524133 -122.42826146823539
1589 37.730990589413906 -122.4524907253797
1590 37.735725607626634 -122.42104975110318
1591 37.710748502495115 -122.46889890077539
1592 37.785774762195686 -122.39036396286026
1593 37.77315819536244 -122.47851667121175
1594 37.72188609432091 -122.43860415096027
1595 37.78447726083565 -122.46072006226755
1596 37.73222556346266 -122.36293048259375
1597 37.776037534143136 -122.41372462970051
1598 37.758307050076546 -122.46262980415398
1599 37.75289188921705 -122.4681067833141
1600 37.74300874588765 -122.46754280049798
1601 37.760173513254564 -122.39483424703532
1602 37.73058720929192 -122.46145734115241
1603 37.804887160209525 -122.44958625100409
1604 37.75552909695559 -122.46696671507125
1605 37.762707321437006 -122.39293454757492
1606 37.78412441990382 -122.45043755835115
1607 37.712321932632236 -122.38111018370395
1608 37.73722817946691 -122.4643654283182
1609 37.755909713443955 -122.45775188363478
1610 37.77495781564916 -122.49757286210051
1611 37.78778412495031 -122.4764226996745
1612 37.783096522108224 -122.51199990758779
1613 37.73611392924164 -122.43581640605207
1614 37.774298509496255 -122.43007292183407
1615 37.78758629411444 -122.46319134993509
1616 37.76326329076251 -122.51037908451617
1617 37.74450332630239 -122.47852792419098
1618 37.78896580805003 -122.43189507486957
1619 37.7867229149569 -122.40222144880633
1620 37.71931977809999 -122.37075321963614
1621 37.72052904025134 -122.40055465793054
1622 37.788408123267864 -122.45845088837257
1623 37.79758506556659 -122.4386094777197
1624 37.755431659132846 -122.50121444648371
1625 37.773075334857474 -122.41225095866992
1626 37.78385889001488 -122.49065061647482
1627 37.72774968017237 -122.38945198136332
1628 37.77316306383396 -122.47288443672699
1629 37.75847141745181 -122.49283812254181
1630 37.79136346469425 -122.41238419698794
1631 37.73809589316151 -122.50185864204691
1632 37.78714486878965 -122.4991808504149
1633 37.71625550069734 -122.39752324836216
1634 37.72605885410374 -122.4904824331441
1635 37.73201119558939 -122.45625067905428
1636 37.79860548449259 -122.4218817579095
1637 37.74987217480302 -122.3956378889727
1638 37.77077945682179 -122.4480805990055
1639 37.72905409371124 -122.4690451123265
1640 37.79583103671926 -122.41970785398391
1641 37.79122972546261 -122.46880989713989
1642 37.75091138507817 -122.45284793808574
1643 37.74580560415498 -122.39088039794491
1644 37.76119632065126 -122.50855662361984
1645 37.70968046053273 -122.39971436371071
1646 37.71609599059813 -122.46666072319645
1647 37.76208718250438 -122.51054112539094
1648 37.72419532293558 -122.36712936243087
1649 37.75207335321086 -122.4471954187092
1650 37.796131311902364 -122.43171797149677
1651 37.750670778931074 -122.44695216657905
1652 37.75321245764395 -122.40425789966433
1653 37.75140337424787 -122.45704832270464
1654 37.78693261163443 -122.43981156290724
1655 37.72229723373231 -122.48249781306859
1656 37.723191636967876 -122.47551387839351
1657 37.75617675480947 -122.38270292721168
1658 37.75088645902366 -122.42453555578486
1659 37.72172579471748 -122.44113435967645
1660 37.806855349680845 -122.40829959104823
1661 37.7083254013095 -122.50171309044387
1662 37.72616889972518 -122.42021805964522
1663 37.752264309087714 -122.48918714535957
1664 37.72204229807571 -122.48904771917086
1665 37.72199187318722 -122.42197143710845
1666 37.72754182838817 -122.41068218253953
1667 37.798175907596715 -122.4160651440495
1668 37.710880691808505 -122.44308918858194
1669 37.73499744225599 -122.4945026612522
1670 37.77177909718328 -122.46648533865607
1671 37.748917524158955 -122.45082393370815
1672 37.80168755759794 -122.47887428329334
1673 37.776136662667184 -122.4474878734663
1674 37.78902083093184 -122.46435130133685
1675 37.71441155889012 -122.39951846022711
1676 37.77470193391032 -122.49280521808474
1677 37.74547386982276 -122.45772143083268
1678 37.75573225905367 -122.40581112134252
1679 37.77728206659455 -122.47291943342489
1680 37.729062410147726 -122.39439432532606
1681 37.79118876053895 -122.43716129103917
1682 37.7851964872337 -122.39684493166156
1683 37.71821838788191 -122.49268726776609
1684 37.73654154518614 -122.41798241202791
1685 37.772007142362526 -122.4244619720553
1686 37.80531706723713 -122.42158757058273
1687 37.77212068729202 -122.501119780286
1688 37.75958338366532 -122.50830032908395
1689 37.7839298216317 -122.46081630652186
1690 37.75584438227417 -122.3987401522631
1691 37.76399872543991 -122.45931806222005
1692 37.80202030957499 -122.4628886750115
1693 37.80641293281744 -122.41089311976383
1694 37.758025295010945 -122.43040065868158
1695 37.77306556071028 -122.50751822524992
1696 37.7790919260108 -122.43522023987391
1697 37.734259134730564 -122.4321527775874
1698 37.747412899389154 -122.40429073122132
1699 37.77171621951891 -122.4889918673847
1700 37.78241210358716 -122.40709548557166
1701 37.777953240181226 -122.46734933071068
1702 37.750209201244715 -122.4318124327265
1703 37.739038101894046 -122.49855153323143
1704 37.70856218505542 -122.4117716329827
1705 37.799830353712366 -122.43704143084138
1706 37.75701149414712 -122.43358037916907
1707 37.746766911167924 -122.44715321508735
1708 37.73418014946881 -122.39710211370675
1709 37.74841700572264 -122.4505214140516
1710 37.7522903280074 -122.47338954134172
1711 37.77423321589198 -122.42262463398178
1712 37.789333846244624 -122.43994563468168
1713 37.76459109762979 -122.4728883246444
1714 37.76130754274428 -122.48544245293954
1715 37.79444016642032 -122.4378852863466
1716 37.77139523323197 -122.44087577801494
1717 37.750089734223955 -122.43383916484584
1718 37.727774017497175 -122.44420984133193
1719 37.75756792472035 -122.48585506336045
1720 37.70907789724903 -122.46761024781686
1721 37.745405929889145 -122.48918134235682
1722 37.762015706258936 -122.46503626977233
1723 37.76337911346594 -122.40553438236992
1724 37.71989979915343 -122.39962914029739
1725 37.738846026616976 -122.49337518089511
1726 37.73701099217102 -122.41551939611347
1727 37.72621354976402 -122.36678166447886
1728 37.722065081561986 -122.50266518967342
1729 37.73220480499207 -122.49105391062295
1730 37.74037397897687 -122.42284546781721
1731 37.713909287520316 -122.44456976853253
1732 37.73252401299943 -122.49246055773027
1733 37.77853730059382 -122.51060096874906
1734 37.71968028416979 -122.40959345540826
1735 37.75781224304054 -122.43048217529481
1736 37.783411227059375 -122.40828041153955
1737 37.71796982563598 -122.38814244025471
1738 37.77247267975741 -122.45220143321497
1739 37.7806271209284 -122.39747619910906
1740 37.78997995619214 -122.46511513094974
1741 37.78956561092387 -122.44670277902905
1742 37.73011250399882 -122.4061782117965
1743 37.78143416358357 -122.4248173796347
1744 37.741146635155296 -122.4570490870073
1745 37.7334106882234 -122.50002646470972
1746 37.73842691334419 -122.45132731591053
1747 37.748380072024915 -122.4863609197161
1748 37.721825579858184 -122.38542220689472
1749 37.71866676562489 -122.38606835088224
1750 37.72525133789538 -122.44848097767691
1751 37.71087838728569 -122.38730515600847
1752 37.737016660194264 -122.4022918393558
1753 37.71970291251681 -122.48514544562201
1754 37.76458923819159 -122.49696227812888
1755 37.72753957499795 -122.35803490354493
1756 37.73793731352793 -122.44590590009177
1757 37.80006956742193 -122.42408847034284
1758 37.712550631495354 -122.45410035560982
1759 37.77026485975466 -122.50823618589126
1760 37.7246455020381 -122.48015687399896
1761 37.78996332226209 -122.4753741046161
1762 37.773625407177086 -122.40720318349666
1763 37.72721083067476 -122.36198332174897
1764 37.7312330987534 -122.40951677775085
1765 37.74949557183693 -122.38321990535226
1766 37.7489888951037 -122.44197429120693
1767 37.7762559540818 -122.4248799478497
1768 37.71511652510904 -122.43400608294664
1769 37.71436654280957 -122.41858456925473
1770 37.80648437819744 -122.44233208316287
1771 37.71756602076986 -122.40147237819804
1772 37.76091233098439 -122.39237476974057
1773 37.79963257907816 -122.46753093630058
1774 37.77282327016034 -122.49403796033296
1775 37.75523982273684 -122.40660744454061
1776 37.76108852292237 -122.47882648210134
1777 37.743238587451366 -122.41108600939108
1778 37.73521592474867 -122.40008375139858
1779 37.73984446406107 -122.38844308235832
1780 37.77352345106007 -122.48853982294635
1781 37.79573833749131 -122.48127710895258
1782 37.79119750270599 -122.40743147310563
1783 37.7556442666607 -122.43864087204732
1784 37.71364701403203 -122.46250635799313
1785 37.731142304973616 -122.36428511160817
1786 37.763647677721885 -122.39601071291428
1787 37.74832821851214 -122.45921323361429
1788 37.75569838079132 -122.38691857461097
1789 37.748737787955776 -122.43747206988708
1790 37.75677937209602 -122.40448545879734
1791 37.76930452394554 -122.40041033505274
1792 37.74126520109707 -122.49939512667831
1793 37.72332157061266 -122.36101662768846
1794 37.79844741561691 -122.4427138801174
1795 37.76576354091919 -122.41196639319966
1796 37.725476619317654 -122.38299531566238
1797 37.78703398993358 -122.49316548224304
1798 37.73690391168138 -122.47966153685124
1799 37.79028642973053 -122.4026737572003
1800 37.73458926706405 -122.4031431522986
1801 37.73701500238433 -122.50174941458874
1802 37.709790996427614 -122.38978682028349
1803 37.72472595178093 -122.43883124510455
1804 37.74644592226018 -122.41503569894066
1805 37.75395571604801 -122.40990576800624
1806 37.807960510550316 -122.41943349983647
1807 37.757115243521845 -122.40695417747033
1808 37.76538726068055 -122.42737519043264
1809 37.718178321084636 -122.44302071204027
1810 37.71613916889828 -122.4817001443234
1811 37.72560463266612 -122.42095283312825
1812 37.779157615627554 -122.51050271365943
1813 37.76447415260891 -122.46887284183018
1814 37.76102409514109 -122.48665048212384
1815 37.77488104875084 -122.41293957602255
1816 37.75719464126087 -122.39056475991646
1817 37.75270600023071 -122.40630476631554
1818 37.77678428875255 -122.4476550082349
1819 37.724006456861346 -122.42694173437587
1820 37.74975290594458 -122.42659055224728
1821 37.76053351870144 -122.50421739997243
1822 37.74621124246667 -122.49451026870818
1823 37.78276406159535 -122.4210157868544
1824 37.74197096331403 -122.42369671244909
1825 37.805532785388586 -122.45864859654208
1826 37.74685291505995 -122.42654956025926
1827 37.75392774105071 -122.46140503850263
1828 37.788200249581074 -122.40106113690646
1829 37.73210315015511 -122.50007649303181
1830 37.79581291472788 -122.47395417886321
1831 37.74426607346604 -122.45666575415166
1832 37.7366238823216 -122.3797192113791
1833 37.768602657510556 -122.4990247586549
1834 37.71104851585331 -122.43821858836525
1835 37.764375287429516 -122.43936672806215
1836 37.73694852912771 -122.46542028186788
1837 37.75457064506507 -122.40138866366732
1838 37.77603324666928 -122.39284951702558
1839 37.741574336333976 -122.46516294021394
1840 37.736281562350406 -122.4768821317057
1841 37.74756954954747 -122.43615594811551
1842 37.726281787768066 -122.3661381639195
1843 37.72297422193964 -122.40432703970382
1844 37.71258347691352 -122.39339920346283
1845 37.71708581696716 -122.38337154026334
1846 37.72163674892135 -122.4908268900457
1847 37.76123413309822 -122.38852177955862
1848 37.71937103713962 -122.40908643614975
1849 37.71270540984204 -122.46985951950452
1850 37.731179222125554 -122.42681880364114
1851 37.72414737647097 -122.37493871077342
1852 37.784008001261334 -122.38681101521809
1853 37.73882062124895 -122.46802114097153
1854 37.756568167422316 -122.41168787988295
1855 37.72066881211585 -122.36623522680623
1856 37.7598087684582 -122.38373376863669
1857 37.776270205220506 -122.45173221432134
1858 37.753755541777764 -122.43172530472508
1859 37.77227817449884 -122.49058662383707
1860 37.76742084097288 -122.4425621873227
1861 37.758895477098186 -122.49500534455252
1862 37.76549919046084 -122.50323246330149
1863 37.805871937477576 -122.42143287679063
1864 37.74161199620232 -122.45802786846357
1865 37.74449442400683 -122.46082506451936
1866 37.709972088689845 -122.44387060626023
1867 37.73749585009027 -122.39108317421382
1868 37.7159300474574 -122.3869444500615
1869 37.71372812687131 -122.42799520957665
1870 37.78429804699274 -122.40749411009514
1871 37.767975168836045 -122.42776561765913
1872 37.79146793797804 -122.43612433191831
1873 37.74195631444634 -122.42483619116653
1874 37.786916706407595 -122.45600471563024
1875 37.766429633196026 -122.41487335731605
1876 37.757013198138566 -122.42079755384904
1877 37.73357910941906 -122.49858010100913
1878 37.75192069755416 -122.45722617736719
1879 37.73977645576801 -122.47099857748398
1880 37.78669734070001 -122.45187185551495
1881 37.748117888607325 -122.50647749600697
1882 37.78333369282396 -122.39296099651399
1883 37.76706333838818 -122.49416972039153
1884 37.7869654011361 -122.46091372455635
1885 37.71843772438235 -122.39217269071379
1886 37.71339615105969 -122.48657554135283
1887 37.72069726329143 -122.47254350862801
1888 37.767212826883764 -122.49760152434489
1889 37.7756114620665 -122.4615549930438
1890 37.72341177594279 -122.49129089143976
1891 37.79960315920465 -122.43086987554089
1892 37.7435778882009 -122.37556598144536
1893 37.71562508780534 -122.45298588413512
1894 37.76179441216085 -122.38467339370509
1895 37.734644996230266 -122.39599376435126
1896 37.7925643209905 -122.40354222417736
1897 37.77982026153354 -122.4291778487386
1898 37.79676132830422 -122.44287414396513
1899 37.77239102278964 -122.43963149076961
1900 37.78358662409517 -122.39684142957006
1901 37.7577243870141 -122.4568259746354
1902 37.758866053621915 -122.43387134585488
1903 37.77822739072017 -122.38601064086619
1904 37.7648345967256 -122.48223160740811
1905 37.78458183051507 -122.44574473039452
1906 37.77457654020194 -122.40353502054467
1907 37.723997625711156 -122.45853667561246
1908 37.73605852098919 -122.4426211404918
1909 37.80018731556519 -122.46598255707545
1910 37.762503592068946 -122.49257426832095
1911 37.71863361895361 -122.49279335799376
1912 37.74634815677724 -122.37742970257217
1913 37.76803009784292 -122.43468270594906
1914 37.73181061449706 -122.4937859154923
1915 37.78100693917407 -122.46259184028148
1916 37.73378231325981 -122.47124352651673
1917 37.76369823185347 -122.4469375758902
1918 37.74993895343644 -122.40056585654439
1919 37.7654093879139 -122.50856183311316
1920 37.723716728310954 -122.44740587283985
1921 37.75064849654244 -122.42153269328541
1922 37.776793765889565 -122.43334686551523
1923 37.73286166808136 -122.44861169072561
1924 37.792851984595984 -122.45637865613541
1925 37.743727642454786 -122.42120899810621
1926 37.801148458555986 -122.45084755882897
1927 37.72670398687671 -122.4808210984463
1928 37.718176157691715 -122.39645146062314
1929 37.73856085022156 -122.41163379774427
1930 37.77423842322674 -122.44602991128895
1931 37.74878837859707 -122.39850816716223
1932 37.742763821362495 -122.38133523745911
1933 37.716269999283654 -122.49235021940304
1934 37.808873288703836 -122.4319341264555
1935 37.75434207665389 -122.4697196524875
1936 37.80012397084442 -122.47151853255507
1937 37.71570828182661 -122.50119127617371
1938 37.758892328889125 -122.4038278632338
1939 37.803874327458004 -122.40291589490262
1940 37.708433431648125 -122.43868173323281
1941 37.76807989725583 -122.44854571618914
1942 37.74226518310044 -122.38726648845409
1943 37.71043413738284 -122.49930438302542
1944 37.742846929852796 -122.46741207792911
1945 37.780427551091684 -122.41323463153101
1946 37.7199492219569 -122.46510199189554
1947 37.80508053291261 -122.44228855993165
1948 37.78619511423676 -122.48849012427576
1949 37.804695530121634 -122.4595453706055
1950 37.71825362873752 -122.45946597756986
1951 37.74922867265438 -122.49720075757185
1952 37.722611146001235 -122.50587055217485
1953 37.73844197498323 -122.49052284388186
1954 37.7453637471547 -122.41308964115343
1955 37.7602497204865 -122.43054011348003
1956 37.73049267399326 -122.41960286976364
1957 37.73798455790926 -122.40753432295712
1958 37.741479336609046 -122.44953104887455
1959 37.80695107124646 -122.47317463256985
1960 37.740006305723384 -122.4747299875303
1961 37.717957574369954 -122.42681761339836
1962 37.78387415720369 -122.39146426646019
1963 37.767169026651295 -122.47830225280546
1964 37.72679891907493 -122.48605162155953
1965 37.78840457663333 -122.4119096655
1966 37.7143202435888 -122.49964233305377
1967 37.75800218045052 -122.42523419831981
1968 37.76121793380088 -122.39865126995878
1969 37.78474790386278 -122.50241890612409
1970 37.77409151009209 -122.41772188545221
1971 37.78189756347953 -122.47797000729364
1972 37.751241648803735 -122.46558662885178
1973 37.77349766973833 -122.45699439492674
1974 37.766047565366364 -122.4220330714321
1975 37.78814048306162 -122.43713566710105
1976 37.73527883811592 -122.40979737910286
1977 37.73444613628343 -122.45835723841746
1978 37.77564191545042 -122.40894174755655
1979 37.78776918872895 -122.45686082720351
1980 37.73987647959194 -122.37892353901948
1981 37.72141940812512 -122.48533061470008
1982 37.745472712756715 -122.4708374445526
1983 37.79244822168575 -122.4409885687399
1984 37.8010390194184 -122.47730481204974
1985 37.75400255309951 -122.48069765552714
1986 37.764664331468076 -122.40967616178328
1987 37.784955961588395 -122.40245389729782
1988 37.79119109110733 -122.43657350504185
1989 37.77215858654213 -122.51096981823008
1990 37.73635019719347 -122.44753087068791
1991 37.766617254193314 -122.50569545188097
1992 37.765024389794 -122.41590689181928
1993 37.7253082903807 -122.39851640855024
1994 37.71812457552597 -122.48111312734245
1995 37.70866018362328 -122.41391277611055
1996 37.75555049152408 -122.40636873704622
1997 37.80586038973126 -122.45384212323086
1998 37.74936302668339 -122.42191910540852
1999 37.753225915646404 -122.418500566402
2000 37.70902902422536 -122.42211051668745
2001 37.746921501600625 -122.41797651542606
2002 37.76114910672641 -122.47117246126236
2003 37.73660234449125 -122.38636967491577
2004 37.718962981367305 -122.44107634370164
2005 37.72576545506561 -122.3898167865503
2006 37.76364929633983 -122.50074772576083
2007 37.77634301420269 -122.49558778604265
2008 37.74529890334764 -122.41744421391374
2009 37.724632801419666 -122.42895828313817
2010 37.784801412639375 -122.45905477363111
2011 37.729836605414654 -122.43730552966592
2012 37.747257001406226 -122.49633007154728
2013 37.73111004838758 -122.44702248473358
2014 37.72280914354335 -122.44114204005251
2015 37.72671942284195 -122.48639662194644
2016 37.729516646537306 -122.42798377730585
2017 37.780538116814526 -122.43852871303692
2018 37.72323966276068 -122.46339336244375
2019 37.73152907551722 -122.46350208425018
2020 37.7777434162069 -122.45032119340704
2021 37.76211775174269 -122.41123963263196
2022 37.78158435994811 -122.50148068974512
2023 37.75500169169826 -122.50366364451587
2024 37.71353361154585 -122.46771915377413
2025 37.76987202474175 -122.44763655465825
2026 37.721087410899564 -122.38620579553833
2027 37.71966934430192 -122.38580737249693
2028 37.72171884166612 -122.43808129620751
2029 37.763711097642776 -122.47901194157575
2030 37.71003291736079 -122.45795203345915
2031 37.73586735668385 -122.41534249570114
2032 37.76323270140532 -122.50185747518026
2033 37.74371367290309 -122.45593830133873
2034 37.79292161734973 -122.46579277876386
2035 37.73594402290681 -122.39535000496163
2036 37.76005593325745 -122.50769776661326
2037 37.77669719274847 -122.4142283537833
2038 37.76484667531268 -122.40919966022332
2039 37.72368545507189 -122.42966604581302
2040 37.76241241532337 -122.39052239539691
2041 37.77328716131761 -122.4692831217964
2042 37.7357615250237 -122.44933274970482
2043 37.75882475310577 -122.48381768177946
2044 37.76501385871968 -122.49773150535601
2045 37.74753208994759 -122.42702911479779
2046 37.746069556707766 -122.44856865300714
2047 37.74699905267654 -122.38011585566198
2048 37.7683920709571 -122.49756402665672
2049 37.73235383414036 -122.36977505691331
2050 37.76385719743863 -122.422310778485
2051 37.77881851944159 -122.4586991131034
2052 37.80841083809142 -122.47218550975772
2053 37.79117447667013 -122.40562742875844
2054 37.780360954454046 -122.47455761151778
2055 37.78211248440742 -122.49017108187665
2056 37.73687692254206 -122.45919417877995
2057 37.79899857870922 -122.4075427800082
2058 37.76463916430028 -122.4588318629479
2059 37.78681056004479 -122.49722061018984
2060 37.73509502828946 -122.47269191661736
2061 37.72210021921166 -122.42315865073878
2062 37.787673610184115 -122.46891801097873
2063 37.724902980958376 -122.5063087940588
2064 37.72995634179909 -122.42263203543907
2065 37.727214905865814 -122.42001819608014
2066 37.78178602297298 -122.49680844433803
2067 37.76224335521734 -122.4064591190615
2068 37.78307565598414 -122.47549708426304
2069 37.79873956447764 -122.39355118504804
2070 37.79561514917224 -122.46438885012296
2071 37.760737529737824 -122.40870916457926
2072 37.778801968959264 -122.44772252029026
2073 37.746471835197944 -122.4970362141958
2074 37.77696587179197 -122.43991018612908
2075 37.75426670489822 -122.47586139271779
2076 37.74680967865188 -122.50315972457716
2077 37.75924669520546 -122.38429896595035
2078 37.71647840168114 -122.43047029767878
2079 37.735014817258 -122.47504834970856
2080 37.78482650390484 -122.4841715619268
2081 37.734914730130754 -122.36572853621497
2082 37.76559012203892 -122.46766837820464
2083 37.80392559231997 -122.4699074984724
2084 37.71027720657071 -122.45666806491863
2085 37.78020592173696 -122.44437824446703
2086 37.76155470873657 -122.46085531599515
2087 37.71191288821242 -122.49299187624474
2088 37.756041770471946 -122.50319114626426
2089 37.73543799821712 -122.43817040780185
2090 37.72676922063027 -122.36564782127833
2091 37.78375181189369 -122.49456342069506
2092 37.74221578231694 -122.39411577021099
2093 37.71241104503946 -122.39557439040584
2094 37.7298082564059 -122.41965769709488
2095 37.7693137735699 -122.44183986158468
2096 37.748120941563705 -122.39730322950706
2097 37.79849938339645 -122.43762181513435
2098 37.747869942057854 -122.43268205827559
2099 37.77839055515523 -122.49828268990026
2100 37.710202069160914 -122.4627580681188
2101 37.754917687099024 -122.48165402374467
2102 37.737597927723364 -122.46770650994529
2103 37.72334825560806 -122.42792035119244
2104 37.77506521606425 -122.48812742060143
2105 37.709657999192196 -122.45771304561583
2106 37.77379012290131 -122.45143342346799
2107 37.73012229338584 -122.46707073016992
2108 37.7528130643107 -122.40597651389866
2109 37.7088616135113 -122.40507004643327
2110 37.769188856540666 -122.40490139143586
2111 37.73894188489679 -122.39614512079524
2112 37.7279538428531 -122.42337565457188
2113 37.80257280708062 -122.40747529678993
2114 37.788669435855795 -122.46437152446566
2115 37.77497974639462 -122.47745857883017
2116 37.70871668702405 -122.43910382166872
2117 37.77343346667139 -122.40290735936844
2118 37.70911125386459 -122.43621011481912
2119 37.80058646206366 -122.40521407747768
2120 37.72203594720896 -122.35800957656069
2121 37.72398912100868 -122.39494212572326
2122 37.748349262139705 -122.48331877354056
2123 37.716037842033835 -122.39904591949112
2124 37.7382611866822 -122.39934789589131
2125 37.76113508003978 -122.49584775342018
2126 37.75386503719681 -122.46429389881291
2127 37.794230431199395 -122.41562481743563
2128 37.75201244943153 -122.3931259698809
2129 37.77604687138813 -122.49022030525721
2130 37.76121438837816 -122.43877393298591
2131 37.74211208307729 -122.44120749977014
2132 37.79095557903853 -122.45240400513676
2133 37.775525514276595 -122.50179416111459
2134 37.76319827903263 -122.43101762421955
2135 37.76887190053459 -122.39520126353185
2136 37.775711403610224 -122.46593055973766
2137 37.73881049759694 -122.47653055870256
2138 37.719063684082265 -122.40632841087503
2139 37.770483556792435 -122.4797150246199
2140 37.73853730024779 -122.45182514445959
2141 37.73218971624947 -122.43304995706501
2142 37.79178190353183 -122.42273985768152
2143 37.73351950536603 -122.41611479130927
2144 37.761257963658366 -122.39277448388948
2145 37.72441361426761 -122.42550689769715
2146 37.71146198334211 -122.48528694382797
2147 37.73362205262429 -122.45686789618915
2148 37.78806124727021 -122.46088280573252
2149 37.731883877741545 -122.4694220730068
2150 37.76064338929512 -122.41661046703715
2151 37.71906721610352 -122.36403168174436
2152 37.711986807525044 -122.40366929006831
2153 37.75025524878608 -122.49609909928883
2154 37.715084779753376 -122.43549200708838
2155 37.74438846802962 -122.4046115605166
2156 37.717196018110386 -122.47005632354627
2157 37.7751138051986 -122.46404117937823
2158 37.734321256769576 -122.38927896827234
2159 37.794084506911084 -122.47045728351299
2160 37.716375066020035 -122.48990884912193
2161 37.76817258225079 -122.45230699720288
2162 37.80422406651322 -122.42775371143222
2163 37.77196117096893 -122.40075693857119
2164 37.77869019631064 -122.44021934275818
2165 37.73127385772643 -122.46784514165763
2166 37.74044871672629 -122.4116876858453
2167 37.791842070145584 -122.48257517396279
2168 37.740470309066424 -122.4643470723412
2169 37.78970331046473 -122.43821897298496
2170 37.728473140571836 -122.41877594015828
2171 37.71312664660238 -122.4044305130844
2172 37.77046138837677 -122.43415297318819
2173 37.75948859778394 -122.46100892015112
2174 37.73903783612674 -122.4776639247517
2175 37.7190175366714 -122.44935478248966
2176 37.722254195541936 -122.48973484826178
2177 37.737897348949396 -122.38376423613917
2178 37.742039545182976 -122.43107424094103
2179 37.80848797382691 -122.47740950100047
2180 37.75004360679919 -122.46769488153609
2181 37.748895454847435 -122.47115051915232
2182 37.801896884829254 -122.40226432911237
2183 37.74574996493637 -122.4110777869832
2184 37.719395693683204 -122.48787521655397
2185 37.75225406763395 -122.41489365583247
2186 37.77277983744077 -122.48640607228303
2187 37.75927127309648 -122.49550537800016
2188 37.774315420188685 -122.42566402661862
2189 37.78554408583579 -122.42726787401828
2190 37.74799034082513 -122.47982100978761
2191 37.79038261670977 -122.41200750018888
2192 37.75914112630321 -122.38514528040021
2193 37.75840626870005 -122.45205250667577
2194 37.7709717566953 -122.40005353775692
2195 37.80070750570942 -122.45602037945392
2196 37.71316449476803 -122.46408980178298
2197 37.72244490113363 -122.48783484573573
2198 37.7915404423252 -122.48233588063174
2199 37.78239826778579 -122.43105246901808
2200 37.77288644787564 -122.50201803060203
2201 37.74361846245083 -122.38990507503316
2202 37.785767342144354 -122.41303308954564
2203 37.74193619338251 -122.47886550948942
2204 37.7773266251243 -122.43097141581117
2205 37.764677394854886 -122.47779362101737
2206 37.77635148829389 -122.4896685059117
2207 37.72026441974274 -122.45580586771658
2208 37.77386376274157 -122.50496254813763
2209 37.746688371849565 -122.38728902212011
2210 37.713642782761205 -122.49313370625254
2211 37.7752375215247 -122.44856577393531
2212 37.72458545845235 -122.47743310923082
2213 37.753978284174856 -122.47053880048493
2214 37.75380163106275 -122.42547786364231
2215 37.749960785584705 -122.5092255573285
2216 37.77424831113813 -122.50124388672778
2217 37.74772729885214 -122.41429199865085
2218 37.73366078680588 -122.44323175840499
2219 37.79798157715387 -122.48004354551657
2220 37.71567045577528 -122.48042211018824
2221 37.72425696643599 -122.49781457759505
2222 37.72111898234998 -122.41708090049256
2223 37.754034977200405 -122.49754664036412
2224 37.719900524674046 -122.48389412983936
2225 37.75450553801377 -122.43607830527777
2226 37.774705789599864 -122.47886518030366
2227 37.78200229918567 -122.46636753767737
2228 37.784387276037585 -122.46113888671297
2229 37.733923936474255 -122.44978714897898
2230 37.77352388696317 -122.45894006728842
2231 37.71747416131794 -122.41743968193688
2232 37.785172088954496 -122.3899008172109
2233 37.76148634443956 -122.38508676952843
2234 37.804940329995034 -122.4296830207936
2235 37.75870979457028 -122.41672576059949
2236 37.744099147218336 -122.48064263468235
2237 37.76542547252581 -122.41157146417879
2238 37.73924676545732 -122.47708801613545
2239 37.78512490631616 -122.39653002734087
2240 37.759485829885655 -122.4597380274303
2241 37.76047065248506 -122.51048897977742
2242 37.77982199080338 -122.48625081578646
2243 37.74105582058398 -122.44658962195771
2244 37.79250815408653 -122.40024908993585
2245 37.7949993047546 -122.39818872875799
2246 37.730521759484944 -122.36505331472245
2247 37.75401027395625 -122.4078171733189
2248 37.74750086220049 -122.46587826518777
2249 37.72054504106055 -122.38937130226435
2250 37.767575997483696 -122.51110456821189
2251 37.72725498717317 -122.37659677187303
2252 37.77707945932881 -122.50912817510688
2253 37.71988755802889 -122.42028946059284
2254 37.77771668938307 -122.48704674180321
2255 37.73273946355441 -122.43681387111218
2256 37.76641870048901 -122.50634464794538
2257 37.8082053512913 -122.40750446086543
2258 37.71506821716692 -122.4935759747338
2259 37.72274647792078 -122.40437276528696
2260 37.7184810399079 -122.45457700543417
2261 37.78287667356662 -122.4974828275998
2262 37.72518774403634 -122.47258677713802
2263 37.73460526315425 -122.40463994679902
2264 37.71276819358591 -122.4261278531019
2265 37.798487619148666 -122.43734834142614
2266 37.748745479121766 -122.39408453626811
2267 37.78009961971041 -122.4504111179817
2268 37.76774992214387 -122.38705624357466
2269 37.71959739139844 -122.43300065275399
2270 37.77227441835097 -122.46830570726975
2271 37.726962341572786 -122.36883819013067
2272 37.713756757780594 -122.45653818907076
2273 37.76054082626953 -122.4818549636329
2274 37.75862034809187 -122.40458112620738
2275 37.785690897204894 -122.39084127484384
2276 37.80676064725495 -122.41654715918361
2277 37.74922385423861 -122.4472039674464
2278 37.72581487311931 -122.41337960454035
2279 37.71901355303292 -122.38476345360937
2280 37.78832298951231 -122.46642906326527
2281 37.757380910575435 -122.40289904410425
2282 37.714200960256825 -122.37933477564644
2283 37.72588816432731 -122.37017139115864
2284 37.77002487874504 -122.41872963598631
2285 37.75569503665718 -122.38886455193634
2286 37.75603178465159 -122.38530603077359
2287 37.72891264457224 -122.38027071474622
2288 37.80322096180193 -122.44174893467329
2289 37.79138645296724 -122.3941083429076
2290 37.72483229353487 -122.45265044655449
2291 37.79313639903383 -122.41420258498543
2292 37.72500369479496 -122.37043596027905
2293 37.76241188946059 -122.4190265418652
2294 37.79457410222606 -122.47022595199698
2295 37.72107614417767 -122.48170152270065
2296 37.783373557624934 -122.40802741515047
2297 37.7217884401603 -122.36561932231697
2298 37.78994177142109 -122.44506388669926
2299 37.74117131964192 -122.44822672232742
2300 37.74165274657612 -122.49457818305787
2301 37.778045278223324 -122.38725013990324
2302 37.77283974724917 -122.42154486584674
2303 37.791186908388816 -122.38917535616321
2304 37.80208844653367 -122.47056493375753
2305 37.73762440865071 -122.49626090725381
2306 37.72366204686831 -122.42509025446756
2307 37.73093984864176 -122.47877095138819
2308 37.76649189534461 -122.42122466071949
2309 37.72628857501791 -122.48722350465019
2310 37.74657412022458 -122.42888251772942
2311 37.7317145459112 -122.37809480943774
2312 37.77561392949536 -122.45603005234024
2313 37.7453727336652 -122.476638762266
2314 37.733143398637466 -122.39831717510542
2315 37.773905406174805 -122.38707229647541
2316 37.75234883207281 -122.46205754448746
2317 37.74499602090863 -122.49384634505465
2318 37.76359274552872 -122.41070662775999
2319 37.72135429791961 -122.37524378285404
2320 37.73919609415061 -122.4737930702966
2321 37.78298952688475 -122.4506290140923
2322 37.76574803625192 -122.4152966802548
2323 37.72956487880366 -122.37006210155748
2324 37.708884708502595 -122.49710564102698
2325 37.75071125727328 -122.44621371678477
2326 37.77916431777494 -122.509642114014
2327 37.781779533846596 -122.38863130034933
2328 37.77879460979413 -122.42561794868955
2329 37.72859165800623 -122.46015125696773
2330 37.75678445513238 -122.40651164037696
2331 37.72161418244087 -122.46112883746237
2332 37.745333505063634 -122.40869092161425
2333 37.768070558477824 -122.40864613187745
2334 37.741216799815845 -122.47527492336037
2335 37.750839701275126 -122.49039875172502
2336 37.73424112625272 -122.47932601737433
2337 37.720310808015256 -122.44438107534856
2338 37.75210773618565 -122.4415446154392
2339 37.76935373577444 -122.40337979975644
2340 37.770103179963485 -122.39287155562792
2341 37.718304173099455 -122.48718910082601
2342 37.72067437532643 -122.49579616602848
2343 37.750614798256194 -122.42482014705521
2344 37.71141286652158 -122.47480397752425
2345 37.790664197287676 -122.3900856081466
2346 37.77358233821134 -122.46738325757235
2347 37.77010024184774 -122.43095519385702
2348 37.713331353264216 -122.50092258943945
2349 37.78088077207025 -122.4397381387016
2350 37.736028639805404 -122.42519474990675
2351 37.78801137649239 -122.39478264372991
2352 37.79185178799805 -122.46851837577316
2353 37.76935115540445 -122.39792389671693
2354 37.74034392242564 -122.50568753226541
2355 37.75133551489769 -122.40655651886557
2356 37.74322247001506 -122.41309727092029
2357 37.79672531841237 -122.41571254087786
2358 37.76706385253687 -122.39575826946309
2359 37.787242255574085 -122.45147884258758
2360 37.725685109989904 -122.38388121393538
2361 37.7452866784977 -122.4796584884849
2362 37.728700200692955 -122.48627081917337
2363 37.73124136622509 -122.42097911759394
2364 37.77387254612779 -122.46075910126805
2365 37.74962105991949 -122.47138109002013
2366 37.78466086585621 -122.45575241374044
2367 37.71355359946526 -122.39259738361287
2368 37.72178825028989 -122.4984687944322
2369 37.79619279748092 -122.42132448838693
2370 37.742028710763634 -122.4392518741298
2371 37.784420810188294 -122.4319952746702
2372 37.742028915875906 -122.45903997393206
2373 37.76237723773913 -122.44557095221614
2374 37.79412121371299 -122.44008812020422
2375 37.73844687759032 -122.43985573414892
2376 37.7607290561187 -122.41662914273375
2377 37.762125594840754 -122.44876886196198
2378 37.72021380690072 -122.5048313800591
2379 37.80251310955872 -122.43340053412915
2380 37.79603482897661 -122.41130005699854
2381 37.784780718732485 -122.45953415973891
2382 37.75477709483392 -122.4684580141174
2383 37.75591738505899 -122.40544148711078
2384 37.776804360479204 -122.43258967270243
2385 37.802633804386204 -122.45374428406586
2386 37.758767748870326 -122.42714917248837
2387 37.74802329569531 -122.38758355474307
2388 37.712408269582596 -122.41492485413248
2389 37.71973093755344 -122.4550994490641
2390 37.71116489862668 -122.44331418626814
2391 37.72695045868299 -122.48847626113003
2392 37.74387904245668 -122.45706722987467
2393 37.76594064013132 -122.4562361146976
2394 37.7810285029276 -122.44700340945204
2395 37.74233061855289 -122.37829733200032
2396 37.724966876705274 -122.44476694846766
2397 37.78337730946391 -122.45172275120738
2398 37.72909923115385 -122.50439633018414
2399 37.75716599086595 -122.39948970524082
2400 37.72951103666354 -122.37879514155874
2401 37.75206165045117 -122.41155725804605
2402 37.722812756270514 -122.46518508027965
2403 37.72078052857361 -122.45632821350776
2404 37.71240485962773 -122.38402769282222
2405 37.766123131194256 -122.41654476680264
2406 37.73622494634702 -122.40082857104736
2407 37.719612786791586 -122.505010865352
2408 37.74118119139486 -122.45138097942069
2409 37.781917630153885 -122.40971867278749
2410 37.753160228768714 -122.50283773558137
2411 37.73900055205929 -122.40841497604934
2412 37.73050309731761 -122.50697584308243
2413 37.769490621728416 -122.40731005232692
2414 37.7679158660641 -122.46890855417251
2415 37.7968196285209 -122.47982631169144
2416 37.73164079944701 -122.43105341543881
2417 37.75757822651706 -122.41773741201563
2418 37.74982594400969 -122.41095420917807
2419 37.730540556079006 -122.45041396183625
2420 37.7994771336005 -122.43413230901528
2421 37.78436056510641 -122.41113475049612
2422 37.70876434342168 -122.42655976384948
2423 37.73021134135542 -122.49759494171786
2424 37.75817318690115 -122.41080461936038
2425 37.77708889677044 -122.47458417420636
2426 37.76711555216195 -122.47298899240306
2427 37.793302559089646 -122.4790075411337
2428 37.777035480162525 -122.51209328284571
2429 37.8009078144295 -122.40317640274539
2430 37.785804230086576 -122.43713269923497
2431 37.72213200795711 -122.42372753320426
2432 37.709322758504236 -122.4868462323201
2433 37.7831126857498 -122.39922896272782
2434 37.7496866775021 -122.49184020416149
2435 37.73792327789456 -122.42793260358143
2436 37.768883677365956 -122.4496529184688
2437 37.80242050399161 -122.4711944415252
2438 37.7835076406878 -122.47257671386818
2439 37.789030416742115 -122.45336891039224
2440 37.78567934766364 -122.50445397286617
2441 37.725525489606 -122.4290761497616
2442 37.73632640642982 -122.41792899333159
2443 37.76762193213514 -122.46418060964082
2444 37.714381181062095 -122.45910676906753
2445 37.72537864498056 -122.44351331150968
2446 37.790955998455125 -122.44757369634132
2447 37.72460204523895 -122.35776341204664
2448 37.71627568949014 -122.48392547218482
2449 37.70977071149553 -122.44101860652563
2450 37.739255759720216 -122.46447370731912
2451 37.77690845843865 -122.46499440995775
2452 37.768050504451615 -122.46347935743829
2453 37.72697370751203 -122.43777218679102
2454 37.715302462239165 -122.42917342946626
2455 37.73435519603686 -122.38217414012053
2456 37.75245839494545 -122.43989424245562
2457 37.7609470995424 -122.44440381182352
2458 37.749646090125374 -122.4495425589874
2459 37.76643296307626 -122.46103539821752
2460 37.76136625441272 -122.42653144707369
2461 37.78776540583939 -122.46164150937445
2462 37.739519992634875 -122.4904013331592
2463 37.781480912695244 -122.46995161586395
2464 37.7914609684563 -122.42968632506619
2465 37.77269203568544 -122.50041636305
2466 37.76117770189527 -122.44591259806178
2467 37.753086094527646 -122.44903274294322
2468 37.77906601898954 -122.49056939688586
2469 37.77326603330496 -122.46545547836709
2470 37.727186270722164 -122.47614823127627
2471 37.80045101554571 -122.4637908183505
2472 37.74177705000441 -122.39594032108212
2473 37.76706666405743 -122.42344664823547
2474 37.77556297961951 -122.4844300767362
2475 37.709778638019614 -122.38864163829257
2476 37.78483971625497 -122.50814020990002
2477 37.73688007622685 -122.490316756083
2478 37.79562413577056 -122.40283866090716
2479 37.788419387189144 -122.43013191747205
2480 37.78590612052964 -122.41938232702643
2481 37.719956299623284 -122.41036233490942
2482 37.75424364476355 -122.43585764766654
2483 37.796506292809276 -122.43206350530976
2484 37.75848002746481 -122.45257380215335
2485 37.74117448926405 -122.37722333320964
2486 37.800095095685755 -122.4431140030307
2487 37.74086183939467 -122.44089400998071
2488 37.76052933331175 -122.47283412202852
2489 37.766769075577486 -122.50676595491474
2490 37.74242789665255 -122.5036899303506
2491 37.806949681553334 -122.41071402494963
2492 37.749679245365165 -122.44326717329429
2493 37.73893518307718 -122.44085335721945
2494 37.71873454750095 -122.45513181529098
2495 37.799942132291456 -122.43146441524868
2496 37.71096960462306 -122.48903589278913
2497 37.764167322699436 -122.40467932088609
2498 37.748312874289205 -122.47862651845065
2499 37.709882425769834 -122.44419793515809
2500 37.72107331543908 -122.4745282901876
2501 37.71399118510975 -122.50195347669954
2502 37.769611296187605 -122.48283343668426
2503 37.74640865551272 -122.46702456198685
2504 37.76495618694035 -122.394904153789
2505 37.78176076154467 -122.46200864741198
2506 37.7113153145852 -122.43153601296652
2507 37.71048374529578 -122.4212550890139
2508 37.7084467351323 -122.4087961476102
2509 37.7571364585167 -122.43462906344048
2510 37.78605288889724 -122.46477635881791
2511 37.78329756562736 -122.41186419379778
2512 37.7312504371921 -122.44408394180559
2513 37.73136506672251 -122.43415284421147
2514 37.791604435568196 -122.42142406202042
2515 37.803715413328774 -122.39988853008956
2516 37.73310670648545 -122.41615526912422
2517 37.74878662231096 -122.46805227731981
2518 37.72456036003671 -122.36423056499346
2519 37.75572098654491 -122.4723415110225
2520 37.728398371499345 -122.48117133109335
2521 37.79472719146767 -122.48118617996018
2522 37.74908194647717 -122.47193693857025
2523 37.720180221714216 -122.43327767712634
2524 37.74695003115685 -122.43091603070413
2525 37.72078125270015 -122.39987502754376
2526 37.73232257683447 -122.48723455237085
2527 37.72757209909132 -122.40407845010242
2528 37.71152175559657 -122.45464024399439
2529 37.71974042937057 -122.46535108950818
2530 37.720012379198046 -122.44379400131037
2531 37.751234688657306 -122.46270954412878
2532 37.73999360718232 -122.4099239791024
2533 37.714312929943425 -122.3920857503136
2534 37.734919226342264 -122.46759290739284
2535 37.711006956765736 -122.42600303665073
2536 37.75747430142782 -122.48281430823222
2537 37.772475330784204 -122.46258042919416
2538 37.75513782039431 -122.4477058636287
2539 37.80129742364965 -122.43471790102903
2540 37.806319483163676 -122.44912623780941
2541 37.78481250053163 -122.41502436979566
2542 37.711473718573885 -122.48406621507249
2543 37.71992607344211 -122.44536951842296
2544 37.77799391884933 -122.41491265076831
2545 37.79497835352444 -122.46880861546131
2546 37.77253007178691 -122.42466330280178
2547 37.799775740929846 -122.43594635062448
2548 37.7229483554836 -122.44672727286499
2549 37.79433444625615 -122.44657153365317
2550 37.71152493086477 -122.43699824575859
2551 37.784837374505436 -122.45717333459707
2552 37.736290585692544 -122.46920838062847
2553 37.807158128586025 -122.4489032411728
2554 37.73470012444895 -122.4634527742655
2555 37.77000069022346 -122.5071336690396
2556 37.793286310139756 -122.45895258495027
2557 37.710277153981416 -122.38635000568718
2558 37.77038869997623 -122.48327070245858
2559 37.760574406786084 -122.38653084329289
2560 37.75787900945941 -122.50410435891288
2561 37.73742208120554 -122.389832903512
2562 37.73711437284911 -122.47816097001085
2563 37.777886715972855 -122.45002571387025
2564 37.72692095330899 -122.39559625918646
2565 37.74471777269161 -122.38393881132332
2566 37.80420496884841 -122.41576283598272
2567 37.78379006477635 -122.4431284584852
2568 37.75743197047064 -122.47085615035105
2569 37.759924442525005 -122.38806100370579
2570 37.709413899929636 -122.44724903979933
2571 37.77525298495948 -122.49069862945778
2572 37.783271207017044 -122.39642713343956
2573 37.73322299985331 -122.40589667150704
2574 37.7577035473026 -122.46516201999563
2575 37.79281887884322 -122.44110663071784
2576 37.791257825418555 -122.43101236258916
2577 37.717689446010844 -122.44606611782416
2578 37.75913763619668 -122.41629535132172
2579 37.74157961566279 -122.42007220284587
2580 37.740350553131 -122.3874520493696
2581 37.79388134242944 -122.39937880272652
2582 37.752903541390026 -122.3992153456232
2583 37.75709932964288 -122.47937634634832
2584 37.75266273746484 -122.38086869276964
2585 37.70877371092772 -122.42791022731575
2586 37.74917311415438 -122.46668018006493
2587 37.80623880032623 -122.47435832034107
2588 37.764586625698115 -122.4406831055384
2589 37.7904447017163 -122.39822840283927
2590 37.784642404253304 -122.43288827940624
2591 37.772102380424144 -122.41787641598097
2592 37.72244835787861 -122.45272834265141
2593 37.718007497028964 -122.42623014622315
2594 37.75786335801351 -122.3967890486657
2595 37.78960529289823 -122.48667531091989
2596 37.736770071033924 -122.38514199264918
2597 37.78523174152234 -122.45631637709776
2598 37.759445424324106 -122.41346379475745
2599 37.734141940860454 -122.44744080607722
2600 37.79940728158859 -122.45248674671714
2601 37.74424345976114 -122.48301600092732
2602 37.76950927209626 -122.44457035511024
2603 37.724511946009635 -122.45743343336122
2604 37.78440774267232 -122.3959149764973
2605 37.77861759766228 -122.45536562560025
2606 37.732924244470645 -122.40526472985198
2607 37.710424476037026 -122.47066048055311
2608 37.75183588249667 -122.48776811702233
2609 37.72285920370938 -122.50534815228808
2610 37.76558324126884 -122.4148998640681
2611 37.73464969452212 -122.3859455218556
2612 37.727292823800695 -122.46970973116866
2613 37.790558215713816 -122.45583359953106
2614 37.71835515833168 -122.43209033225638
2615 37.74344289705384 -122.47920191015139
2616 37.7292390373028 -122.37650334297791
2617 37.770848260933924 -122.42957886734294
2618 37.77390052503817 -122.47723894785031
2619 37.766018495768236 -122.46595429673135
2620 37.75009573674725 -122.47497900628858
2621 37.75613886834077 -122.48474134385776
2622 37.775623295360795 -122.43763189978903
2623 37.74979124942755 -122.42892899350991
2624 37.72476049146815 -122.49489103411095
2625 37.73339251728002 -122.3843234565372
2626 37.77236671487289 -122.43670348748168
2627 37.76686678173537 -122.40942453452391
2628 37.752861031962325 -122.44514520793673
2629 37.785862851711805 -122.3964334646513
2630 37.72169615947715 -122.36627033708993
2631 37.72988312220241 -122.36223527191875
2632 37.75107588906074 -122.42514853275226
2633 37.71318504175333 -122.45694695082425
2634 37.77329070349011 -122.39767398213209
2635 37.76063585135993 -122.41618500240142
2636 37.763565299893855 -122.48990130183482
2637 37.79855386391899 -122.46357317857104
2638 37.72358981363488 -122.4792804125194
2639 37.761416907505335 -122.46253656745813
2640 37.71802083515587 -122.49961999911892
2641 37.708973502319004 -122.47028249139048
2642 37.78657646362058 -122.4902810159529
2643 37.78948990860565 -122.44314026883605
2644 37.772998243487564 -122.40189872304599
2645 37.710431847201875 -122.45695533455641
2646 37.71317955777961 -122.4336617576273
2647 37.761059244177105 -122.43821587236684
2648 37.76049410017009 -122.46429923525572
2649 37.78792899177396 -122.47745448834807
2650 37.74219071856553 -122.41998527071503
2651 37.72160859440195 -122.43566305440834
2652 37.7455930502805 -122.47501006910998
2653 37.78859345243663 -122.4383062644101
2654 37.7922508242251 -122.42953738513802
2655 37.797767792515494 -122.47918128627796
2656 37.78068586675159 -122.45848455409231
2657 37.71270328880988 -122.45348114826328
2658 37.756997186151345 -122.46776059244009
2659 37.7706433699085 -122.4607170117297
2660 37.72988397513458 -122.48523646585208
2661 37.76717707312883 -122.44033053367376
2662 37.76785276103443 -122.48824577006599
2663 37.71076254245639 -122.4573102363912
2664 37.74302545480404 -122.48287115614234
2665 37.74460449539908 -122.43557413514097
2666 37.73937451246194 -122.37740617459636
2667 37.740821062227944 -122.44397059221228
2668 37.77848127050827 -122.43936927858695
2669 37.76158746080045 -122.50780954447995
2670 37.7565158484439 -122.49296703757008
2671 37.752044930610936 -122.44630306431313
2672 37.790949013591835 -122.39121804348419
2673 37.73581859303198 -122.3997182626758
2674 37.75901003115809 -122.38304094268517
2675 37.785509385264334 -122.45553770178329
2676 37.73643867556197 -122.3798309549196
2677 37.76677913756571 -122.49326265412667
2678 37.744568387365796 -122.40748114103704
2679 37.742342655705784 -122.47464748488044
2680 37.70985091594927 -122.49226205549931
2681 37.75248669756609 -122.38335610704496
2682 37.73225004180231 -122.45841556852861
2683 37.77443685913937 -122.50582429115403
2684 37.718579980124794 -122.43060657657301
2685 37.749596079564895 -122.45894890366709
2686 37.74177573604698 -122.47894666433785
2687 37.72214639295732 -122.36071913489796
2688 37.733521870859924 -122.49996592891566
2689 37.74118218053915 -122.40968430620403
2690 37.772765871147314 -122.44122305731976
2691 37.800082650513794 -122.42205296448753
2692 37.76021429684494 -122.46209246514282
2693 37.783608607559906 -122.39720895925123
2694 37.77846294340924 -122.48361788833071
2695 37.79186579909681 -122.40311478122828
2696 37.761817836638315 -122.48173384687617
2697 37.74654888863154 -122.49060259605821
2698 37.73826434195174 -122.43597280433457
2699 37.763875201389936 -122.4555903840882
2700 37.746138471567086 -122.45107724527452
2701 37.763305761617126 -122.44932531863932
2702 37.727777692161894 -122.41553420816997
2703 37.74121120367092 -122.45188324321863
2704 37.78733576277552 -122.45560982424773
2705 37.79261650920662 -122.44422190138029
2706 37.77510629073682 -122.50109223244166
2707 37.754056177655364 -122.49886357987236
2708 37.80037231968862 -122.39794858924422
2709 37.774320435561194 -122.49156375314787
2710 37.725480457361556 -122.41548230200124
2711 37.78725635317216 -122.48527097771643
2712 37.80307972779366 -122.46846305288072
2713 37.72657745558984 -122.38428020642036
2714 37.787065741531265 -122.49987352900769
2715 37.80320200339968 -122.41121320904854
2716 37.71539241043681 -122.44994243959174
2717 37.78442177250662 -122.44490933288814
2718 37.710278198583225 -122.4489057136418
2719 37.74034857927975 -122.48747204390983
2720 37.790157227196424 -122.4499269898295
2721 37.752957513658416 -122.41731911338805
2722 37.74195357908514 -122.39751130710331
2723 37.73009593709681 -122.45075527199953
2724 37.770318114984384 -122.42015575226999
2725 37.73842135873047 -122.50546523738652
2726 37.75981350745902 -122.45213319682578
2727 37.71151162455702 -122.47745527239287
2728 37.74119468905331 -122.443994078295
2729 37.776241912539184 -122.47168312895793
2730 37.7789423729356 -122.41121409924465
2731 37.71341458931226 -122.43112830026999
2732 37.735412438104305 -122.4836426394356
2733 37.713088342964525 -122.41895355032179
2734 37.78815104457713 -122.46074700172045
2735 37.7411245684399 -122.45448462576184
2736 37.71644642322267 -122.39283369860806
2737 37.758745361538956 -122.48023102727487
2738 37.70928334144396 -122.4206913455012
2739 37.79947890165382 -122.43695901894512
2740 37.71180257206224 -122.4446781315071
2741 37.75062391912519 -122.5049224996685
2742 37.71245402259106 -122.49387110232244
2743 37.76537978371056 -122.49636463858924
2744 37.76975105653716 -122.511427798896
2745 37.784773587746976 -122.49011762539699
2746 37.78461584744023 -122.48874096790213
2747 37.77772548303784 -122.44063551356916
2748 37.759167824556606 -122.41829361245765
2749 37.72786054504488 -122.47891564439027
2750 37.78467304529768 -122.42871820114841
2751 37.79541578575114 -122.4675108793835
2752 37.75101392151464 -122.41474164361857
2753 37.71270580173132 -122.48846057837527
2754 37.80271944378162 -122.4101204697943
2755 37.7865245160008 -122.43828410907226
2756 37.75476602069574 -122.49057187304187
2757 37.75400587515768 -122.43672860449573
2758 37.72991622689605 -122.42208868880152
2759 37.76708775288907 -122.44390895437849
2760 37.75624770706351 -122.44792701987038
2761 37.79329420419693 -122.40809794011471
2762 37.77536680969508 -122.50927260402256
2763 37.77741530799989 -122.42645971420033
2764 37.798450815168444 -122.46128762852534
2765 37.70845720799105 -122.44388933285781
2766 37.754398385379865 -122.43409632021024
2767 37.75989974833183 -122.39960990437606
2768 37.79043818491602 -122.3905745961829
2769 37.799496277685904 -122.4261171010821
2770 37.71546564233689 -122.47710177164444
2771 37.7366215379362 -122.40748804429074
2772 37.77379720787944 -122.50224921682806
2773 37.78101358244019 -122.46799475665496
2774 37.72332764750214 -122.50623728304485
2775 37.75586801765172 -122.40974168499463
2776 37.747501633049716 -122.4149739293184
2777 37.76849384358164 -122.40689607043456
2778 37.78754941055121 -122.43810207475694
2779 37.8068323746512 -122.41737003733456
2780 37.80405959687052 -122.43256454384571
2781 37.758482224652155 -122.44246043599233
2782 37.715798889397234 -122.49734436281302
2783 37.71681674932563 -122.45665703972853
2784 37.71407838300579 -122.4537149905503
2785 37.7612381788206 -122.45426430479675
2786 37.7352313070721 -122.36716566627469
2787 37.73042883102677 -122.38665690677624
2788 37.76108144380331 -122.46017560459603
2789 37.72365520497662 -122.4030882036431
2790 37.728512127780455 -122.41283036430835
2791 37.72008264524564 -122.42915020420115
2792 37.74224502287374 -122.411683544776
2793 37.730622659547855 -122.37398230745676
2794 37.77720416448578 -122.42553382111286
2795 37.72869577956513 -122.41269353011026
2796 37.76536634281138 -122.39425542847555
2797 37.79488974379233 -122.46774554629292
2798 37.750462267772924 -122.5047381380444
2799 37.73573823540864 -122.47576241454067
2800 37.776813307895964 -122.42178487617662
2801 37.77100185835362 -122.43828864423907
2802 37.76136822343237 -122.40741627679843
2803 37.8034366085304 -122.44975144135041
2804 37.769069326909026 -122.43219603829709
2805 37.75109658985816 -122.38272038245213
2806 37.728889787699046 -122.44648653631624
2807 37.755558043060134 -122.46775873391749
2808 37.74439611559315 -122.40362578033873
2809 37.736674130114224 -122.45585551901455
2810 37.78330060800324 -122.50414050585309
2811 37.77377526286952 -122.47250972251457
2812 37.765144721929474 -122.43378109103497
2813 37.74702610726061 -122.38453348576127
2814 37.710467634320885 -122.4513366894592
2815 37.76644307402026 -122.49317439032632
2816 37.712630886675846 -122.40564211714138
2817 37.73649673446078 -122.40952619657025
2818 37.76583020191576 -122.46284006235689
2819 37.75258340579567 -122.47462455395204
2820 37.789465625816234 -122.45957031317681
2821 37.72835339381201 -122.36421351511177
2822 37.74087773778333 -122.40248041378733
2823 37.70927944365721 -122.48491250968885
2824 37.791425041875435 -122.43373372637497
2825 37.73568608817724 -122.43816028429293
2826 37.75504277445166 -122.45369148807983
2827 37.713524328363135 -122.4823598894348
2828 37.71266978101586 -122.40774039025709
2829 37.72520064855621 -122.45917892848357
2830 37.732342495826195 -122.44185023831874
2831 37.724291579134935 -122.41073644255171
2832 37.72225112524118 -122.43494540782389
2833 37.73950649144602 -122.37537332269522
2834 37.755699880681334 -122.38428672313825
2835 37.746727291471274 -122.41124926757723
2836 37.79039747840784 -122.43080557410859
2837 37.74032365674893 -122.38925153560841
2838 37.74917983180612 -122.38991685421249
2839 37.770619096024994 -122.49899439964516
2840 37.714794883753854 -122.38130584714064
2841 37.721012842472206 -122.49086911953435
2842 37.783113008762626 -122.47837966552989
2843 37.75994425102396 -122.38025349511346
2844 37.77075902846621 -122.45123187767133
2845 37.752734554803176 -122.3994260380871
2846 37.72211596826146 -122.4824850307163
2847 37.80843802644426 -122.42719329815056
2848 37.725228469995855 -122.46007441825817
2849 37.7474631389001 -122.44802970016175
2850 37.76641181103927 -122.48249384436248
2851 37.731054325547895 -122.45467845046153
2852 37.76077460440655 -122.40670579070688
2853 37.72095452182896 -122.4461131109935
2854 37.765838743285535 -122.44436527523092
2855 37.71317713660961 -122.44336983215851
2856 37.7577954148157 -122.41425674755195
2857 37.7594177705621 -122.46677525198874
2858 37.74080916671675 -122.39355003862494
2859 37.71523144225965 -122.46243976282767
2860 37.805014253947085 -122.41401486899159
2861 37.7829161079085 -122.49218894219092
2862 37.76285970154972 -122.47449979175543
2863 37.80443605816218 -122.4046900934721
2864 37.74246088713265 -122.49780924247007
2865 37.73423408923166 -122.41377232539448
2866 37.73639182238996 -122.45405038426881
2867 37.71692819067014 -122.38038081753342
2868 37.78109466602199 -122.4264289549997
2869 37.76270990804782 -122.39430298167088
2870 37.73070359624543 -122.36262271549717
2871 37.786721013785396 -122.45183396639571
2872 37.73233225085335 -122.40107366820754
2873 37.77035635466326 -122.47475341901807
2874 37.750125355629024 -122.50723852797788
2875 37.729079545596754 -122.49085413176557
2876 37.75258908851729 -122.50305580622478
2877 37.782025540170004 -122.41731074761387
2878 37.74064806417628 -122.49175206984441
2879 37.76009823154503 -122.50711418678551
2880 37.75693463069572 -122.49802711295834
2881 37.792061323989216 -122.4478180457113
2882 37.737778850351816 -122.46561565145353
2883 37.71961199121827 -122.41559807094627
2884 37.71688245243324 -122.42448392347903
2885 37.80107188678273 -122.42141754522429
2886 37.75775938427705 -122.38412741583346
2887 37.72506533210389 -122.50528874101184
2888 37.770356868630415 -122.476287536955
2889 37.795269770586906 -122.41739835269996
2890 37.72829787420105 -122.5062456717273
2891 37.7275347716047 -122.43506046460173
2892 37.712049056742764 -122.38956293805153
2893 37.75602579260113 -122.39400953639692
2894 37.77118633467466 -122.46575713748432
2895 37.74197938537805 -122.45698894507625
2896 37.71695641866664 -122.39195079416393
2897 37.7322859057399 -122.48671660103591
2898 37.78710819068225 -122.41042851102142
2899 37.720887873644756 -122.50199998124627
2900 37.73677309585557 -122.40982456846469
2901 37.72084495025296 -122.41104927988646
2902 37.79275850537895 -122.43932367103302
2903 37.733130644491574 -122.43106514485822
2904 37.725909512654525 -122.42837064823492
2905 37.78327859338839 -122.50975568201116
2906 37.73918273256869 -122.4897675742638
2907 37.72017922747512 -122.39564684761656
2908 37.75204607123455 -122.41643764150191
2909 37.72430716798052 -122.49359392381389
2910 37.751913087411516 -122.40432421778922
2911 37.71585510314282 -122.4939585458266
2912 37.78907660854401 -122.48078876147166
2913 37.78888040134985 -122.4297563044102
2914 37.768769910280106 -122.46666399227864
2915 37.743613020116854 -122.43451665463918
2916 37.73711257285671 -122.47013097050579
2917 37.77788016157623 -122.43222149937576
2918 37.76971034730445 -122.42941877723914
2919 37.75619587819468 -122.44351497736899
2920 37.78377952592724 -122.38970403098912
2921 37.75574431860622 -122.47572625976616
2922 37.75491202164847 -122.43126812318852
2923 37.772971411868795 -122.4640388223182
2924 37.73592088226801 -122.42014547489377
2925 37.80276197686088 -122.45107706872334
2926 37.797884836353894 -122.43692355937571
2927 37.72540310832159 -122.42632621495177
2928 37.755490940588956 -122.38502542992302
2929 37.74471067284913 -122.50464015987492
2930 37.78797335026424 -122.41885242003603
2931 37.77690695594859 -122.47078251333838
2932 37.73391270618254 -122.49442413862225
2933 37.80256607471175 -122.39672726055943
2934 37.724194973125805 -122.42719830166432
2935 37.740265375600465 -122.47925342685737
2936 37.7343982783511 -122.3837476145333
2937 37.72209486124403 -122.42157751453186
2938 37.740601240200576 -122.3940495492697
2939 37.71522039521872 -122.44747049808338
2940 37.790506894389594 -122.46939037271572
2941 37.78651490215391 -122.42919027880654
2942 37.766480430268274 -122.42482030020437
2943 37.756373795591124 -122.43676641936108
2944 37.744027341561505 -122.41802069643671
2945 37.77462841347793 -122.49729901221512
2946 37.75526341421241 -122.43564103401773
2947 37.74179752307649 -122.43983272325697
2948 37.76928594525347 -122.49853657488504
2949 37.732312827091064 -122.40602729704945
2950 37.72394537817558 -122.39911620549825
2951 37.727809528784185 -122.47365085888833
2952 37.7397146497052 -122.3786220102217
2953 37.74768986724781 -122.46944121075641
2954 37.75673448245886 -122.39176993287289
2955 37.74434880954109 -122.4945798822434
2956 37.75371022839013 -122.39902006841112
2957 37.73528655670895 -122.4130448135842
2958 37.796003417431486 -122.42714662272518
2959 37.727094363449545 -122.3896259305445
2960 37.78308998591802 -122.4466904011956
2961 37.75558049092306 -122.3809512490489
2962 37.744156289093645 -122.43919341234142
2963 37.77746020190421 -122.48657005429442
2964 37.739805738564904 -122.43399547229689
2965 37.725211627555645 -122.41484203884603
2966 37.755980449689744 -122.41376843114841
2967 37.75106538438844 -122.47111350413078
2968 37.70814919491933 -122.45231490813785
2969 37.7311670060187 -122.36283683683976
2970 37.71366018941409 -122.42190004419204
2971 37.729748498174466 -122.46729028210962
2972 37.720035757609885 -122.36103297700535
2973 37.78959134029067 -122.43949759357187
2974 37.74234016056855 -122.4228876067507
2975 37.77887860819148 -122.4731847655565
2976 37.75709638146785 -122.50318337322561
2977 37.747896748459176 -122.41281137863355
2978 37.72720711878492 -122.47754047071916
2979 37.79224205820499 -122.47689425956669
2980 37.736859090269014 -122.38778579209786
2981 37.745453155289844 -122.41278184568539
2982 37.76416398545668 -122.48801179135917
2983 37.7672545970533 -122.39325236012381
2984 37.78485739981209 -122.44040986995155
2985 37.78331479800028 -122.48910772398844
2986 37.74078934643975 -122.44109400516243
2987 37.714772503681004 -122.40770183859614
2988 37.72046245810514 -122.37054627708987
2989 37.757247216674244 -122.39111052355322
2990 37.713012139293404 -122.48506368152816
2991 37.71179171582504 -122.45367627437416
2992 37.72642496388173 -122.50329385655114
2993 37.76345455359219 -122.48950442632328
2994 37.73783380653863 -122.50405320936817
2995 37.74865623857303 -122.4798222640253
2996 37.75522790966045 -122.40258940046793
2997 37.77537556912656 -122.47360561338068
2998 37.75751041207587 -122.46464425514941
2999 37.791938883752046 -122.44400422421566
3000 37.76845319993019 -122.50146433090936
3001 37.76477223353748 -122.38759951942072
3002 37.75616581538214 -122.44965304453613
3003 37.75088784861906 -122.40195663353232
3004 37.7480762236005 -122.41818688570122
3005 37.740372567210585 -122.3977663709467
3006 37.78091670966641 -122.38451575747224
3007 37.71997121647233 -122.42036232800177
3008 37.77434657499484 -122.49190839048076
3009 37.80497802783588 -122.47560885340648
3010 37.758038151540426 -122.49334736316169
3011 37.73775279130131 -122.42855254871711
3012 37.75118450765671 -122.41003755726129
3013 37.71586942648094 -122.44854634259246
3014 37.71789494609744 -122.40532743157527
3015 37.78393535949034 -122.40568813905881
3016 37.777274049808625 -122.51184073221077
3017 37.733412829542324 -122.50614067581424
3018 37.75020916431773 -122.39720312185132
3019 37.803268904716816 -122.46076847706387
3020 37.71984168170459 -122.43957517901872
3021 37.78476535006029 -122.46028502209197
3022 37.70919230368383 -122.46547983133587
3023 37.78581454021477 -122.39839602329302
3024 37.75294853755451 -122.3889383323947
3025 37.72821369942257 -122.47773065484262
3026 37.73491793358775 -122.40791822189087
3027 37.79246947528306 -122.48465623650742
3028 37.7305074876099 -122.40858209857386
3029 37.750703717290186 -122.5087453378294
3030 37.72471970923843 -122.49968810646511
3031 37.76070248584807 -122.4654098445797
3032 37.777927783495926 -122.46508340045175
3033 37.73942398005084 -122.3876800228215
3034 37.78889044149162 -122.4897147975925
3035 37.738973051897226 -122.44568685305872
3036 37.72574956855525 -122.50186036085447
3037 37.79917923036672 -122.46086400252632
3038 37.747025594355584 -122.38180565943851
3039 37.732067665147916 -122.36666612264113
3040 37.712840282219545 -122.44298231070154
3041 37.761457196847516 -122.44726437404987
3042 37.72599529714029 -122.38260349871675
3043 37.73094181805608 -122.40552647948746
3044 37.73802846433669 -122.47463425083079
3045 37.79315192614471 -122.43737946005626
3046 37.80351065480561 -122.46834397666763
3047 37.73311223668703 -122.38749044716779
3048 37.75525878848723 -122.48426671080931
3049 37.79230033609209 -122.48243750571856
3050 37.77937626269639 -122.44241586059115
3051 37.75985215725299 -122.45995879994447
3052 37.7549649455423 -122.38479400398734
3053 37.796582344491966 -122.4319470009343
3054 37.78256027206024 -122.46721226118851
3055 37.72332263441655 -122.43353306608363
3056 37.797759004160085 -122.4208286199427
3057 37.78279080854291 -122.47213691997702
3058 37.77013472061941 -122.440759979113
3059 37.70935772402521 -122.40130787502282
3060 37.74667910459274 -122.4410901218306
3061 37.71076846173106 -122.47279997094546
3062 37.78263594876321 -122.38758768101438
3063 37.73636691786894 -122.48916055533181
3064 37.76594547473961 -122.49764418706363
3065 37.77842414786021 -122.46019314581223
3066 37.75768874079183 -122.44080186379723
3067 37.7870957473326 -122.38657682745577
3068 37.76735603376832 -122.39133746944538
3069 37.73470146727678 -122.49857297858578
3070 37.78940367832597 -122.40436861580147
3071 37.76137589804027 -122.46561346446772
3072 37.791530258091896 -122.43227353692441
3073 37.72643170435383 -122.43590926235436
3074 37.717421765988185 -122.50059825365113
3075 37.7836737584632 -122.44284215574045
3076 37.738699775240455 -122.49944568272142
3077 37.74946162377701 -122.40493221431834
3078 37.72055268142907 -122.47291920980989
3079 37.74546115261055 -122.50715138508036
3080 37.781884414041315 -122.44363197304062
3081 37.788031939529304 -122.46703040436513
3082 37.7676702521725 -122.40635676405219
3083 37.73810872436884 -122.49568354713396
3084 37.74269996806776 -122.39100664859261
3085 37.78424964714506 -122.47781407501047
3086 37.79025091785679 -122.41228540989707
3087 37.73270778717595 -122.38572594776723
3088 37.76098395999161 -122.41896445637748
3089 37.727367968696036 -122.40406735330295
3090 37.79188607475172 -122.40422527138261
3091 37.737819884749655 -122.42162029502687
3092 37.75021881037293 -122.40037716985134
3093 37.78230912397879 -122.43744009861032
3094 37.768600863001026 -122.50356898201125
3095 37.714803922425865 -122.47141728567657
3096 37.77818953776582 -122.38637539392293
3097 37.748596659924125 -122.4913949027833
3098 37.72082961593551 -122.40149441142351
3099 37.7852470794804 -122.42549335957091
3100 37.77481903015714 -122.47204960418141
3101 37.72711769868714 -122.42681767328735
3102 37.726451809252325 -122.40317952230689
3103 37.73648893856967 -122.41925208535505
3104 37.75194115103862 -122.48070041056184
3105 37.79178257550626 -122.44358403144038
3106 37.7148508720739 -122.41331053522885
3107 37.76861336544752 -122.47625290212255
3108 37.78139406589847 -122.39327580406984
3109 37.72138495338486 -122.40265980231104
3110 37.74230239085861 -122.48338279750286
3111 37.71962814570573 -122.38674957526199
3112 37.74983044530422 -122.42334079172022
3113 37.80503345470796 -122.44376276568003
3114 37.7173582139007 -122.44867896113833
3115 37.712788796799686 -122.43029620249123
3116 37.75130070314016 -122.48005111752757
3117 37.77719957137938 -122.40387309951743
3118 37.78951454213869 -122.38907184028753
3119 37.74310420515036 -122.42958113051824
3120 37.79905065049818 -122.40094066159274
3121 37.7574430089913 -122.45361611780078
3122 37.72625231489588 -122.42060279099067
3123 37.75884485220972 -122.40182269994969
3124 37.77939133171 -122.45096256351196
3125 37.73478720019777 -122.50568645977461
3126 37.74559110526831 -122.40001820315543
3127 37.749223197189835 -122.50087899770217
3128 37.73410677378634 -122.37870147049782
3129 37.76445615694216 -122.39013963997759
3130 37.7244630723292 -122.40202149814783
3131 37.78119455776164 -122.51134225780571
3132 37.77955440345483 -122.44494885719318
3133 37.71756559006603 -122.42131430734707
3134 37.7468638880418 -122.38157021208093
3135 37.80128019801306 -122.44748451265204
3136 37.749699171445656 -122.45800014103429
3137 37.806627398593086 -122.4085123769788
3138 37.76529337836653 -122.45185357319193
3139 37.76641650635214 -122.40868732418599
3140 37.783626637512306 -122.5098643215373
3141 37.793523295323624 -122.43930403136655
3142 37.781830642313736 -122.50883788894312
3143 37.708391502482215 -122.42651555696065
3144 37.73787073104051 -122.46991995403536
3145 37.73461186046497 -122.47769630062575
3146 37.75111840856818 -122.43808557172216
3147 37.76612171683784 -122.46103614765379
3148 37.781088597648846 -122.45424389043862
3149 37.73998043023537 -122.49997366132776
3150 37.75504453066079 -122.44909738788219
3151 37.75334439740584 -122.40178216028876
3152 37.74936714608572 -122.47771325297863
3153 37.71024504516676 -122.44355490976362
3154 37.71922692169413 -122.44328205759024
3155 37.781163440389065 -122.44541870611842
3156 37.80467276784067 -122.41905827428604
3157 37.744981692230986 -122.49249468430575
3158 37.73329292143852 -122.4442192280198
3159 37.73454432085321 -122.36496878977842
3160 37.77529553043076 -122.43850856061795
3161 37.722578676134894 -122.41450814755846
3162 37.72293516283379 -122.48484918112477
3163 37.79344349438038 -122.40680640903444
3164 37.79547037374235 -122.44130362505695
3165 37.76752049337467 -122.49080923589092
3166 37.721268974077695 -122.3943557363907
3167 37.746205404069435 -122.38612555195043
3168 37.732929033953155 -122.45652911454204
3169 37.750583243370244 -122.48440518700342
3170 37.72333252149814 -122.43410415224905
3171 37.71592581535864 -122.37648316549443
3172 37.80243375735206 -122.47358762590964
3173 37.71263351215511 -122.47488617720383
3174 37.777871792316134 -122.50382290906005
3175 37.7772597876782 -122.38987828153589
3176 37.771642103722165 -122.44518467134961
3177 37.76858820336655 -122.39419452500672
3178 37.80799366239941 -122.41545607514894
3179 37.79467722256855 -122.45626222519715
3180 37.800438298654555 -122.4761956483879
3181 37.766117990254905 -122.44312821935914
3182 37.7226680850872 -122.44791358900173
3183 37.800081192473115 -122.45115990643541
3184 37.74807367142919 -122.43347288462026
3185 37.7811062339387 -122.39298160939443
3186 37.753245099819026 -122.50592158478622
3187 37.76894968564826 -122.43980254220034
3188 37.71604119097681 -122.50174944366088
3189 37.790610315572 -122.41009759825795
3190 37.78439517157572 -122.4508310772597
3191 37.7703074845867 -122.43090764913894
3192 37.71502970336361 -122.4477267662793
3193 37.79265799499412 -122.46686953939015
3194 37.754697250906645 -122.40452109036922
3195 37.762347801283525 -122.50200853173173
3196 37.79055575466281 -122.48452883856194
3197 37.755777924371806 -122.39093473946508
3198 37.782420289418276 -122.41963842182294
3199 37.770054986753536 -122.38537157160044
3200 37.776731050338725 -122.40877075410646
3201 37.789214859859065 -122.47497404816185
3202 37.735779303759635 -122.4488996605002
3203 37.7632115692063 -122.41333093960846
3204 37.73409364302601 -122.3864648146188
3205 37.722879110775565 -122.48117270682788
3206 37.76463234800475 -122.47527492123541
3207 37.718660311387204 -122.39168057215724
3208 37.74591838575931 -122.45270524512749
3209 37.79443918510662 -122.4712859861537
3210 37.75990871541092 -122.4546656432419
3211 37.72373259127955 -122.49747881688832
3212 37.76424143698551 -122.4274976814571
3213 37.77941794646771 -122.4667978319365
3214 37.730694348305114 -122.47296737874507
3215 37.7083638966198 -122.41243156220075
3216 37.77997564312543 -122.46934870116694
3217 37.747660297681335 -122.49262532292913
3218 37.78369441500886 -122.48198127970879
3219 37.76432056567562 -122.4109795937414
3220 37.72581932639202 -122.37284174716655
3221 37.75707699953676 -122.49414375861457
3222 37.781900702961785 -122.50658461682717
3223 37.740306959426015 -122.45261566036109
3224 37.75344153267495 -122.4600019502564
3225 37.74929692194235 -122.44559323101865
3226 37.71034944520471 -122.42605557864083
3227 37.79169356976457 -122.4693549723468
3228 37.744939327699086 -122.3755620390065
3229 37.784330534618704 -122.45944100381716
3230 37.77938091480629 -122.4996253423516
3231 37.76092237304896 -122.49470137434089
3232 37.80670546814304 -122.4379216511725
3233 37.74081901393648 -122.4958718591542
3234 37.77171603384404 -122.45396161997739
3235 37.72140882439477 -122.49740092814628
3236 37.792298969055196 -122.44074847824388
3237 37.74194849965348 -122.4059237655548
3238 37.73065706165688 -122.47465643517741
3239 37.760623946581596 -122.38418409319819
3240 37.776347855507275 -122.50667415406389
3241 37.74888561569146 -122.5055096448899
3242 37.73931824801644 -122.39787007587002
3243 37.775144812226685 -122.45636736428112
3244 37.73773155227836 -122.43745108875353
3245 37.72658124202513 -122.48683538957215
3246 37.752719128443445 -122.48189347472983
3247 37.74702502586563 -122.4077081813985
3248 37.7542035130903 -122.5089661187104
3249 37.76061773678818 -122.40563133570086
3250 37.725263937771516 -122.46192318542052
3251 37.75765862670683 -122.42999470669109
3252 37.77398231923331 -122.38947943348883
3253 37.7357858735056 -122.50122921497184
3254 37.768838944806646 -122.39352974542227
3255 37.709265945129545 -122.4140065551568
3256 37.72416811717817 -122.38825201565272
3257 37.77198218117503 -122.48219450826322
3258 37.74250680271285 -122.41960418065591
3259 37.75037134909714 -122.4389330706505
3260 37.799852112085034 -122.45426814531163
3261 37.77333214787848 -122.49224286053484
3262 37.78175571432896 -122.41012355583963
3263 37.72723952271175 -122.47962919755847
3264 37.74073330438571 -122.3984021391809
3265 37.77601345987549 -122.49049846627709
3266 37.72158053333392 -122.43101143180662
3267 37.75681553691018 -122.47359968835265
3268 37.72320866626715 -122.39789829121383
3269 37.77393146724975 -122.39147736273765
3270 37.719742690733106 -122.3980488580993
3271 37.77658991033985 -122.43103013422267
3272 37.77912504787475 -122.47377675557505
3273 37.73510698116741 -122.40454644689932
3274 37.792358635865135 -122.40447177643901
3275 37.780242490453226 -122.49697319054857
3276 37.74358415295517 -122.3799796199538
3277 37.71062110423028 -122.49117809043898
3278 37.72559607383466 -122.49363291412097
3279 37.75418623369904 -122.46856503236855
3280 37.739179145373356 -122.37956270557922
3281 37.744490908934466 -122.48592285557115
3282 37.75921112851128 -122.45118633118012
3283 37.71110448810255 -122.42974829625719
3284 37.72415574691024 -122.39473699729035
3285 37.7869678115828 -122.50274557920592
3286 37.72494136824666 -122.42567855533335
3287 37.76675774643165 -122.3911797655144
3288 37.7314174557178 -122.45418997781543
3289 37.743475255907235 -122.45614608967718
3290 37.74852148109324 -122.3904544755239
3291 37.74285666146631 -122.42726710931441
3292 37.77953136858462 -122.4185077114566
3293 37.72135979047755 -122.49163719926608
3294 37.7783196019402 -122.42653689995369
3295 37.77247227191683 -122.40461158974136
3296 37.764169822398856 -122.45458223331127
3297 37.77906898048424 -122.399441139231
3298 37.74418175555134 -122.45058791042165
3299 37.7281241062802 -122.37937159922376
3300 37.73775623261562 -122.50664187909862
3301 37.80114012528175 -122.46041220643122
3302 37.72136405912549 -122.50532748984674
3303 37.75330537341664 -122.43229469094244
3304 37.742215076623744 -122.47115775063405
3305 37.72669544212242 -122.44691225962389
3306 37.80600270366414 -122.45351577816359
3307 37.76690099004673 -122.48003646122635
3308 37.748557260414195 -122.4326223855032
3309 37.77770602366128 -122.45051178525847
3310 37.72131473333056 -122.38432325003672
3311 37.7951244591201 -122.42949262727828
3312 37.796052957334915 -122.4200792247511
3313 37.7373329864194 -122.39075743946977
3314 37.75815454729863 -122.45175240886782
3315 37.719844273208246 -122.42694683291109
3316 37.735494400125944 -122.3775650811573
3317 37.77654455579193 -122.50234871133014
3318 37.72240534583062 -122.483112036638
3319 37.717124187048455 -122.36790189205578
3320 37.79980961868493 -122.42829384372881
3321 37.73393921134447 -122.3662981120049
3322 37.72059940943397 -122.46324378918247
3323 37.76599508900053 -122.39734373883232
3324 37.734279141764276 -122.43146419528011
3325 37.76554041640483 -122.39864426755527
3326 37.737477788747526 -122.38675880094654
3327 37.76977488814246 -122.46132087295979
3328 37.79412249439449 -122.42970587589922
3329 37.71412164139772 -122.4114523587015
3330 37.72369164273189 -122.41580981570311
3331 37.79740542319193 -122.40126444046226
3332 37.77751428575869 -122.39847147840294
3333 37.77296891451925 -122.4958637171582
3334 37.730465009673345 -122.43289056829114
3335 37.75887533740238 -122.38655593328852
3336 37.7498228893462 -122.4123406024871
3337 37.80618244270931 -122.42218787147233
3338 37.75060597992002 -122.4473653756626
3339 37.74015481680968 -122.40277199088074
3340 37.7513145200729 -122.48847543034331
3341 37.781053720401744 -122.48224890009193
3342 37.797120950456254 -122.46528816085136
3343 37.741548091034964 -122.41357788245458
3344 37.74244352029468 -122.49920321787305
3345 37.71179115331789 -122.48480762980041
3346 37.78171852396062 -122.50622560890261
3347 37.753764834578384 -122.50214887275361
3348 37.748483073277804 -122.47947613628536
3349 37.725092837613396 -122.35958187423024
3350 37.72861841013963 -122.49183095401548
3351 37.734312131792414 -122.50198269578519
3352 37.72945740418591 -122.3934439979628
3353 37.74419706145805 -122.44013648400147
3354 37.75362312051482 -122.45904366714794
3355 37.7212009234356 -122.40477877641665
3356 37.741065246972674 -122.3736518612052
3357 37.71454560129766 -122.40091553909181
3358 37.74438025063312 -122.38366788367625
3359 37.743689214958444 -122.39976452136067
3360 37.720129650755744 -122.36535810001088
3361 37.73249347181773 -122.50521294317392
3362 37.73550723423253 -122.40369795100474
3363 37.79803360546863 -122.41104555587012
3364 37.73306743542998 -122.42332438513374
3365 37.77987794808435 -122.49220792795911
3366 37.712961436808186 -122.47415567207099
3367 37.739449651847735 -122.37550822675391
3368 37.7142055926531 -122.40777147357393
3369 37.718707850006545 -122.36325574069045
3370 37.778157874363295 -122.4847615000464
3371 37.77550925046563 -122.45985119244546
3372 37.72956619446967 -122.45948999034538
3373 37.74118732890545 -122.47055637643993
3374 37.774516923294705 -122.44201602452462
3375 37.722422701611364 -122.4046689310191
3376 37.76770153347494 -122.41792377149204
3377 37.70964455127467 -122.42990298570218
3378 37.76481333360324 -122.45421088673226
3379 37.757271063047696 -122.46839464801548
3380 37.76273806196076 -122.4471293867076
3381 37.742968105267224 -122.37612353175415
3382 37.78899901326713 -122.42598399494094
3383 37.71050285423479 -122.49022588875307
3384 37.7084330867405 -122.41802028024723
3385 37.74732635118224 -122.46553667224262
3386 37.76101777700848 -122.46997769536634
3387 37.75908192508058 -122.4591709874626
3388 37.775258635261345 -122.43731234312573
3389 37.75738851531623 -122.48890327258802
3390 37.77422093523654 -122.42557381706814
3391 37.72157169338023 -122.48939442443164
3392 37.743007525967315 -122.40618555464403
3393 37.714684920416445 -122.42947379357426
3394 37.75660051655166 -122.45072247395443
3395 37.78888588296907 -122.48329145470939
3396 37.74295858624288 -122.50569466041591
3397 37.780295132569414 -122.47949761651147
3398 37.768129776102946 -122.435198472487
3399 37.78985930603021 -122.41226093409105
3400 37.74118095610616 -122.49170841710637
3401 37.72784599669701 -122.45679729499953
3402 37.74892968052542 -122.50040769883884
3403 37.77944355449728 -122.43628694319277
3404 37.75518489707763 -122.43862378338483
3405 37.7293918129917 -122.41682708538681
3406 37.733414565553566 -122.39396020296192
3407 37.70942178721205 -122.43157019816104
3408 37.75198282675455 -122.47409061426255
3409 37.75922465900932 -122.49300847719886
3410 37.789157188881795 -122.48391350305795
3411 37.71922656381881 -122.49515185654263
3412 37.715572235030166 -122.46158823293528
3413 37.78213502616429 -122.40104780458006
3414 37.7871821606832 -122.49131580674698
3415 37.77739705544106 -122.42204672630812
3416 37.73154230562546 -122.46863212067818
3417 37.744955923663746 -122.44471031155446
3418 37.777014783436385 -122.46214997917212
3419 37.76104674066119 -122.50125743119231
3420 37.79996706573817 -122.462879815632
3421 37.731241180010905 -122.38177960332081
3422 37.768418264846076 -122.41075209108152
3423 37.730223152875496 -122.5030654883487
3424 37.7267018636223 -122.50617987940454
3425 37.715144228874806 -122.46132826334367
3426 37.787763200539196 -122.43123484633551
3427 37.72279555683333 -122.44881774088346
3428 37.79447772274122 -122.44254296230558
3429 37.77799022388393 -122.47077072604652
3430 37.72070139447052 -122.48595323368005
3431 37.709431808762 -122.49164487960536
3432 37.74890198798912 -122.42298168803984
3433 37.77454100773477 -122.51072478031173
3434 37.72074582589879 -122.47447580225334
3435 37.77630353161661 -122.51031231038412
3436 37.7816542779561 -122.40526696892532
3437 37.75338415790709 -122.48430007107582
3438 37.72163682946803 -122.48898655745721
3439 37.73162752382287 -122.3703936125597
3440 37.80760104494303 -122.47534330881327
3441 37.80694789331174 -122.44222907708743
3442 37.78320922874406 -122.42965755153303
3443 37.758010819560475 -122.4125812611494
3444 37.78562547466951 -122.44302547433553
3445 37.736433004411936 -122.48243439160353
3446 37.752065909438706 -122.50027523971697
3447 37.760525196610494 -122.51058987353699
3448 37.74945476665958 -122.46401508302283
3449 37.727798035747135 -122.4597950826913
3450 37.772155257932965 -122.47335808702715
3451 37.78930636591692 -122.45481832201318
3452 37.75167360659963 -122.40704677225789
3453 37.770763498092734 -122.41888097045498
3454 37.713581911815524 -122.41020059191025
3455 37.73021276922844 -122.47913640611296
3456 37.72538430530429 -122.50061364450585
3457 37.73246209489646 -122.40753803894414
3458 37.75305334191923 -122.44307768496918
3459 37.777517403989954 -122.4397161984719
3460 37.721233710988216 -122.42647781692747
3461 37.771037947024034 -122.45788400445029
3462 37.73082212970314 -122.42396319872937
3463 37.71242730489658 -122.45730542501526
3464 37.75654411014288 -122.41861580785998
3465 37.78215000245065 -122.43354905588659
3466 37.74606490177506 -122.40686225153544
3467 37.7242980689067 -122.40907376825888
3468 37.80564229451637 -122.41734791664943
3469 37.72774966898157 -122.4866275646982
3470 37.72283255398662 -122.44598857120052
3471 37.73073678383828 -122.42324830723854
3472 37.73415117473606 -122.45229112013857
3473 37.77793177583203 -122.5128513869117
3474 37.73326489586159 -122.39962394820958
3475 37.78827387716166 -122.40037919023135
3476 37.80550309549634 -122.4342625112242
3477 37.795341425522956 -122.4599867264195
3478 37.735955525078026 -122.49976631398017
3479 37.77262136579635 -122.40919923813772
3480 37.78436852932648 -122.43405149784431
3481 37.73383900776599 -122.44624204277338
3482 37.75952060863887 -122.45177528651689
3483 37.75798340057451 -122.48540974067086
3484 37.74350708367831 -122.4703774959219
3485 37.73418407426457 -122.47476393740726
3486 37.74802740431844 -122.44144476794413
3487 37.77971209453998 -122.50395174007744
3488 37.728329477806184 -122.45414220840668
3489 37.756638337516854 -122.40823395739761
3490 37.727989257861786 -122.38946178546767
3491 37.78440274699621 -122.41973235133455
3492 37.76908530782663 -122.39526306443457
3493 37.754271183751094 -122.45747443880879
3494 37.74504353759279 -122.37611403328091
3495 37.714079207524804 -122.39257862147771
3496 37.76730541231784 -122.46834437676422
3497 37.77709738586241 -122.40278383951477
3498 37.76428412474958 -122.39239739012785
3499 37.75156605653203 -122.40626300309209
3500 37.72891135977625 -122.46135158656223
3501 37.7956641248077 -122.42273194463684
3502 37.74723072323327 -122.42305957498499
3503 37.72769527678404 -122.38064433181066
3504 37.75477365535225 -122.49353384176683
3505 37.78388749803251 -122.49600020194492
3506 37.76662700902709 -122.4415699614832
3507 37.80533520605827 -122.43059232691316
3508 37.78196909390301 -122.41617129185477
3509 37.73776010116926 -122.430889598568
3510 37.74441753235795 -122.43934175605968
3511 37.79249699654951 -122.39805995878963
3512 37.79969010581201 -122.43362756073243
3513 37.77800188377994 -122.44946739717196
3514 37.768663173999485 -122.44044096739005
3515 37.74488986057106 -122.39164924045234
3516 37.74452343957914 -122.45050490078691
3517 37.78391003449011 -122.46920046012018
3518 37.7452552349637 -122.44383924420234
3519 37.74001315296537 -122.4304977112557
3520 37.77532287782967 -122.44771550590346
3521 37.717540191251004 -122.38623703869816
3522 37.80436279452401 -122.44005442977912
3523 37.78651844621842 -122.47332123354708
3524 37.77897240216068 -122.48803487917965
3525 37.75553969933768 -122.38705369443913
3526 37.770078964588 -122.50881307909823
3527 37.75099466089295 -122.44171659485866
3528 37.733419374877876 -122.38887416620832
3529 37.795893780594824 -122.41325550313148
3530 37.724004237366636 -122.35881411382866
3531 37.79429807440573 -122.47000792272875
3532 37.80059573519936 -122.41585441596848
3533 37.78759077076187 -122.46478624003423
3534 37.79952099398696 -122.39624938890262
3535 37.80321839129634 -122.43619724444775
3536 37.80250119574824 -122.45438312380104
3537 37.73816967746654 -122.39809208647225
3538 37.75487219860066 -122.39015592709593
3539 37.75137238396871 -122.50775328796264
3540 37.71362887998881 -122.48608769318355
3541 37.73168660415284 -122.43752250510731
3542 37.7945871480956 -122.40346658972416
3543 37.756473199392936 -122.46823713261092
3544 37.74200826468322 -122.4677575298897
3545 37.78917794302975 -122.39627969897889
3546 37.734114785032936 -122.44867609501146
3547 37.745065912501225 -122.48738101837932
3548 37.74123417210229 -122.44372399780833
3549 37.76338863891467 -122.45695681874322
3550 37.78424641270195 -122.43972838626
3551 37.7621070706802 -122.38078919445404
3552 37.753425068538874 -122.42199237484988
3553 37.73920160389222 -122.41880696455206
3554 37.73152999825006 -122.40003920014236
3555 37.7403206108403 -122.41873520962251
3556 37.74195669336077 -122.50722250182262
3557 37.73230837571939 -122.3938936887263
3558 37.79114458414692 -122.47246809292648
3559 37.72461182419098 -122.49284669940344
3560 37.75286932073234 -122.43769659699281
3561 37.79337209605399 -122.40149941655821
3562 37.70917145798751 -122.48976819385013
3563 37.76553099967863 -122.4686228641801
3564 37.77447004421039 -122.47812569238859
3565 37.75811972582507 -122.48545322531082
3566 37.708861623720004 -122.48532523266947
3567 37.75831566158573 -122.45915359495775
3568 37.73876282732638 -122.44722291886195
3569 37.76334981517618 -122.46974496448719
3570 37.725718322327715 -122.41562799458144
3571 37.80578923133558 -122.4259574429614
3572 37.72556711036153 -122.48660150856492
3573 37.73884325730069 -122.45825411250748
3574 37.735218993899004 -122.476454622078
3575 37.748210259928804 -122.42748384325888
3576 37.729516318941656 -122.47393759840529
3577 37.71563856074305 -122.48179543936575
3578 37.75504835722605 -122.41662488937085
3579 37.75993218111528 -122.45390951596214
3580 37.71389358525323 -122.46620587724843
3581 37.731025989710105 -122.45047005811001
3582 37.77572302714307 -122.47868634604306
3583 37.71216757367283 -122.4460965309161
3584 37.774798493774924 -122.43533567426374
3585 37.717062294527146 -122.47136849206976
3586 37.80210629501029 -122.41095051906707
3587 37.71006676993426 -122.40551707926458
3588 37.74258653180942 -122.48601447521408
3589 37.76910075106133 -122.46016651683999
3590 37.74786136661332 -122.42249067352877
3591 37.71617904065895 -122.44964717036714
3592 37.7771059660431 -122.49150756114949
3593 37.77148825309811 -122.46906984826128
3594 37.737931036057425 -122.4671653795958
3595 37.71299587106145 -122.38525941501383
3596 37.799136828888386 -122.43014969429966
3597 37.7766436708837 -122.47294817605882
3598 37.7880083867283 -122.42243335155533
3599 37.78703510266563 -122.42419636129915
3600 37.794881514436874 -122.41421452212397
3601 37.73414187036648 -122.42478205920234
3602 37.74319135665069 -122.43438146035187
3603 37.73279361890747 -122.44054956132109
3604 37.72189103985342 -122.47477999675566
3605 37.80052506258372 -122.45059858738638
3606 37.80270459112164 -122.47317819243543
3607 37.76847111498765 -122.46371502540521
3608 37.744373344515736 -122.38142080663302
3609 37.77318287439672 -122.50190695281675
3610 37.75983506560289 -122.41466983641234
3611 37.7625911128468 -122.50267309886812
3612 37.80379635579947 -122.42356245325898
3613 37.73605596486992 -122.4894912661796
3614 37.76969654073249 -122.50748767702184
3615 37.771635475129905 -122.48062366176698
3616 37.72389132330934 -122.44317814963665
3617 37.79334554852247 -122.43683827877767
3618 37.760201820480034 -122.42890369965379
3619 37.70960952855848 -122.46460395208032
3620 37.785852812129804 -122.47030918514685
3621 37.74227555241348 -122.4273045573818
3622 37.80598114548457 -122.40252328550862
3623 37.77848226197469 -122.44106094005531
3624 37.74227322128634 -122.45591607591558
3625 37.78303684433191 -122.50411076915753
3626 37.77676133613514 -122.42042942482209
3627 37.79056164953389 -122.44052728246555
3628 37.805609742102284 -122.47740503619252
3629 37.721795514783466 -122.50479304584059
3630 37.756740520497345 -122.42562632720852
3631 37.76470355003237 -122.40824828745494
3632 37.733694042493816 -122.39586179517917
3633 37.719696393984165 -122.38345024834297
3634 37.80803153310652 -122.47481636145007
3635 37.77606517783304 -122.41636264368883
3636 37.76393378600433 -122.39165784500261
3637 37.79057079005081 -122.43857486744761
3638 37.75789483417914 -122.4838781468542
3639 37.72614839184975 -122.43008669604558
3640 37.72513367577048 -122.38533352772913
3641 37.78207897937888 -122.46803243429747
3642 37.752145279310895 -122.45802735993172
3643 37.721163928482774 -122.4157904746869
3644 37.757957972842156 -122.40116931262776
3645 37.77004378825311 -122.4712736490155
3646 37.76856285907189 -122.41769301424691
3647 37.782818033117195 -122.39684850442531
3648 37.75666355910167 -122.42316226978181
3649 37.718684660803326 -122.39019250812783
3650 37.77458623395954 -122.39211536184841
3651 37.7689474694141 -122.45120172693258
3652 37.752217805870856 -122.46885147759754
3653 37.722294524214576 -122.41793213771913
3654 37.796295394095544 -122.44046986463277
3655 37.73091357063142 -122.3648312292646
3656 37.73104462834266 -122.42898769486949
3657 37.71011203831777 -122.41293407737588
3658 37.71659915556215 -122.40072313366235
3659 37.7626698560355 -122.39206729711643
3660 37.71070190365085 -122.49286570093152
3661 37.72292644147549 -122.39314908794736
3662 37.7599058013253 -122.50032615551008
3663 37.76751067831083 -122.44679219087331
3664 37.76212422176158 -122.43379464620686
3665 37.76665120964558 -122.46208457151153
3666 37.7492222169659 -122.4561943795037
3667 37.733902940625406 -122.3900257862227
3668 37.79962887179112 -122.47996130557829
3669 37.749754440379476 -122.38987233884222
3670 37.772329734569844 -122.50410037521394
3671 37.788175609538406 -122.48544530570031
3672 37.73326622730693 -122.38059366564383
3673 37.802245762257115 -122.48017396071144
3674 37.75717144299547 -122.46708896554233
3675 37.740684360604895 -122.45213480736847
3676 37.78518824928736 -122.48350413210706
3677 37.76602222294997 -122.40996031083125
3678 37.72573789204157 -122.36175309816272
3679 37.775377166372536 -122.48325411863166
3680 37.72072025674553 -122.50427471365913
3681 37.79732981333339 -122.43149814080708
3682 37.71424331323048 -122.49148884434504
3683 37.78161183263808 -122.498533628286
3684 37.72096383423337 -122.44921036630586
3685 37.732896650095434 -122.48548571743174
3686 37.767510070556376 -122.39896453474135
3687 37.738792417999434 -122.40241512190646
3688 37.76779057978351 -122.39619231474084
3689 37.71917918267888 -122.45974950740035
3690 37.72793540373245 -122.37126125531202
3691 37.76005515113833 -122.42524253106244
3692 37.72527265178107 -122.50394875644255
3693 37.72731152487018 -122.45224358893297
3694 37.76119107124405 -122.44485849107464
3695 37.73352083919518 -122.46382286460208
3696 37.709696008882524 -122.39907670224109
3697 37.70973293829828 -122.50271500127006
3698 37.73498317329744 -122.43161165350953
3699 37.734593249166814 -122.39239090165535
3700 37.72771329971473 -122.45159528257798
3701 37.727734604263574 -122.36667523730192
3702 37.744455039264615 -122.40293764932137
3703 37.7188250712925 -122.44936858621624
3704 37.73757227059763 -122.4640659046714
3705 37.74193007097206 -122.44637441430228
3706 37.73903244951158 -122.41703110694672
3707 37.76585688168334 -122.43250725003884
3708 37.78387883813494 -122.43328886769186
3709 37.71711357424008 -122.47850869798589
3710 37.7653769612466 -122.47952293024252
3711 37.776282917574 -122.45081507945258
3712 37.71292955918755 -122.48348770207433
3713 37.76898940392406 -122.38900952103042
3714 37.767369949564454 -122.39441954886634
3715 37.767430973852846 -122.50026805907433
3716 37.73450491500984 -122.46050857061635
3717 37.75520417416816 -122.38548490661621
3718 37.74155781408916 -122.50218044489827
3719 37.75648794194506 -122.44772791713172
3720 37.791568928143825 -122.41164683558686
3721 37.7907402579375 -122.43116221281014
3722 37.7130954359517 -122.427921771039
3723 37.72822299861075 -122.43181901414255
3724 37.734732970479925 -122.48385187212986
3725 37.7687640406754 -122.51169094166553
3726 37.71832266368826 -122.47900414908659
3727 37.763024416426326 -122.45457873375177
3728 37.776424094850036 -122.48945931120535
3729 37.75378682679924 -122.41890931496931
3730 37.728578617194074 -122.47493031475784
3731 37.753214732884246 -122.51055270883583
3732 37.71009153843552 -122.43356985183382
3733 37.78366490899791 -122.50094664547801
3734 37.76567414406989 -122.39580508324194
3735 37.79882061298466 -122.47760363124532
3736 37.714072201909474 -122.38404249085006
3737 37.76785207930614 -122.41589540147098
3738 37.74818174057875 -122.4196225156049
3739 37.71430231218296 -122.45311215468207
3740 37.74351331919277 -122.47365697504658
3741 37.747572905471344 -122.41947120512592
3742 37.80249614509828 -122.43877721778269
3743 37.70901090281544 -122.44159965566588
3744 37.72746894845601 -122.47834071309057
3745 37.75126959560237 -122.4468127440383
3746 37.76754838957074 -122.43172989697707
3747 37.773325313392846 -122.43778798234011
3748 37.722221271778 -122.40428153743102
3749 37.80106681269017 -122.46226552039087
3750 37.756652075465624 -122.39912357341898
3751 37.759412434479096 -122.41445160214118
3752 37.77099729124356 -122.4008083734907
3753 37.75559568844339 -122.38197129793393
3754 37.79928447562538 -122.4797904608539
3755 37.74289297946808 -122.38185168079549
3756 37.76138017928366 -122.45400813505225
3757 37.78166850295358 -122.47835945036516
3758 37.73640181330778 -122.50758264713919
3759 37.74208390265842 -122.41184687831289
3760 37.78689981278205 -122.45351374684384
3761 37.73461215288149 -122.41505333540859
3762 37.70850080527726 -122.49834696838606
3763 37.78533940188694 -122.40354945949653
3764 37.779299257046915 -122.40868476777857
3765 37.78434067766785 -122.45543646725261
3766 37.738239007090726 -122.44006930016049
3767 37.74271382100553 -122.41016519640803
3768 37.75202967491793 -122.414855772066
3769 37.79800444845952 -122.43685805326948
3770 37.76916670738008 -122.45505993077771
3771 37.78238363863458 -122.39676600866274
3772 37.76658390642043 -122.45025201493152
3773 37.768647412155715 -122.46674624016065
3774 37.71786088198376 -122.47665421659968
3775 37.77981903137175 -122.49411617853504
3776 37.78198762113935 -122.40852992840914
3777 37.76763246238611 -122.42608254412205
3778 37.71103378480615 -122.39037598735572
3779 37.75696590755605 -122.48768456753483
3780 37.71537561603437 -122.41068125797977
3781 37.764374288540495 -122.48991424352793
3782 37.79979170800227 -122.42019030876233
3783 37.71970965565638 -122.48948136077036
3784 37.71877556287574 -122.42716544616836
3785 37.797869951863916 -122.44949630443831
3786 37.773333954558126 -122.41147223702907
3787 37.746219720663554 -122.49699384892786
3788 37.77331890801723 -122.41627836882535
3789 37.767914616248305 -122.40626529215616
3790 37.74198249493296 -122.41962596867377
3791 37.78582282856158 -122.4207677357704
3792 37.74109284330409 -122.43743281958393
3793 37.783654110582376 -122.41617014007633
3794 37.731430990251326 -122.50575925134713
3795 37.73917403689569 -122.47199928916918
3796 37.767042963712306 -122.47040770459762
3797 37.77402014169602 -122.47599407725006
3798 37.72210792647594 -122.38935488975964
3799 37.78187182491947 -122.44602018889992
3800 37.72759875645487 -122.38166514933134
3801 37.70904737390029 -122.47244423122397
3802 37.71975218254694 -122.47304314734608
3803 37.736862118621666 -122.44445594990582
3804 37.77322217673707 -122.47671591526533
3805 37.781111568997595 -122.41060035658313
3806 37.78636439135389 -122.47029583940159
3807 37.75101819396768 -122.45722215881716
3808 37.779972482900526 -122.40256919781558
3809 37.75926766048148 -122.43307003702964
3810 37.77460218219474 -122.39330747256648
3811 37.7970685506274 -122.45416569392256
3812 37.79324042087005 -122.47081859518272
3813 37.805060534105436 -122.44253660531113
3814 37.71706136115726 -122.4146558718223
3815 37.790005637326175 -122.47132951563066
3816 37.76229395112611 -122.49098451295998
3817 37.72719971496674 -122.42243265713303
3818 37.714564633696675 -122.46002539026594
3819 37.718357082127575 -122.44224149424421
3820 37.72087528345326 -122.43271102976496
3821 37.78988672563856 -122.45586759571789
3822 37.79426383709673 -122.39694144098407
3823 37.75698948237781 -122.44482698327911
3824 37.74740682899019 -122.45387295309519
3825 37.712865432148085 -122.4705811377372
3826 37.757629127942586 -122.39039086633386
3827 37.7778438842663 -122.50661790859117
3828 37.770811136804014 -122.44128361420982
3829 37.75358465352261 -122.40659770940351
3830 37.77925936789738 -122.5046571484856
3831 37.722341646224116 -122.40117883911036
3832 37.760619083231155 -122.46435019054466
3833 37.77365740937485 -122.46515395756694
3834 37.761623200693876 -122.38294185040651
3835 37.773122126045514 -122.44692587446114
3836 37.77797402991985 -122.40675942470479
3837 37.728110806808566 -122.43390199791219
3838 37.77184507255868 -122.45989469509253
3839 37.80345682290466 -122.43391621786978
3840 37.71580005892007 -122.43322701050278
3841 37.78411000194306 -122.43080031733683
3842 37.728562441830945 -122.50519227744302
3843 37.7204376004165 -122.39666117055401
3844 37.76545306720193 -122.39445642911512
3845 37.80196742998545 -122.44056433715573
3846 37.80011789324476 -122.46696415423372
3847 37.733809864678435 -122.50065258029998
3848 37.76489650165263 -122.49977974962309
3849 37.75621197423125 -122.40778707564269
3850 37.73251836877402 -122.3808907432846
3851 37.766945026666484 -122.42862991456722
3852 37.783890535726506 -122.41273848629956
3853 37.803925130654115 -122.47009220014219
3854 37.715398071868954 -122.47098258891275
3855 37.77468551539258 -122.42340333765065
3856 37.777406588394484 -122.46410709767837
3857 37.72010963435163 -122.39976960813574
3858 37.71545549136884 -122.46470522220426
3859 37.72452965170334 -122.41669130198319
3860 37.78500236220537 -122.50524556998162
3861 37.76771321842925 -122.43108531790169
3862 37.717608812562545 -122.39410448739957
3863 37.76125329589738 -122.43292231840847
3864 37.70829014110638 -122.48260956747723
3865 37.80888268342484 -122.47548901981173
3866 37.76144571863258 -122.50111288386186
3867 37.728291136822335 -122.39848178816213
3868 37.77274114057694 -122.44611972678418
3869 37.805299424195816 -122.44049978152918
3870 37.73983104503804 -122.39068225559697
3871 37.74896706882901 -122.40219256665735
3872 37.73457099788627 -122.41976473819577
3873 37.805308922370045 -122.44479285806922
3874 37.771529381496634 -122.4893891429838
3875 37.73439424520601 -122.39763486674414
3876 37.741420590118906 -122.4675828594849
3877 37.80743365196513 -122.44664131830982
3878 37.78381223736039 -122.43782646918942
3879 37.753942169875685 -122.4858678267417
3880 37.733130248989866 -122.37310280957526
3881 37.72447464246716 -122.42067910746322
3882 37.75188355678248 -122.4047024670289
3883 37.71662043206486 -122.40354727760264
3884 37.78049506311164 -122.38888452242708
3885 37.78626893551182 -122.41203272718677
3886 37.76552193173986 -122.4305040300541
3887 37.72162632940822 -122.45299975556327
3888 37.798416508109355 -122.4049827667137
3889 37.7560010605822 -122.50140004866562
3890 37.72101222522891 -122.37116306640226
3891 37.74594582181826 -122.43668263063785
3892 37.725934703166125 -122.4640288919522
3893 37.77575116623175 -122.48262725688714
3894 37.734013803933074 -122.42891223002667
3895 37.756749050675275 -122.50106460466966
3896 37.73883365307552 -122.48713798244454
3897 37.73967845476006 -122.4496501875232
3898 37.778214557220515 -122.50769975007974
3899 37.71220949649115 -122.50159150170374
3900 37.75020966201075 -122.4519597100191
3901 37.716559193238425 -122.38760629033617
3902 37.77110894009757 -122.45503276818457
3903 37.75829627434237 -122.46216525853252
3904 37.79472285259298 -122.43966587634235
3905 37.766649742314115 -122.4211123206742
3906 37.762711833810044 -122.44062162985287
3907 37.7399014154802 -122.42642299043295
3908 37.76652586279813 -122.40815759256343
3909 37.80365715060258 -122.45058395972092
3910 37.78940565733891 -122.42181696560763
3911 37.72204920076039 -122.36988213928434
3912 37.713431620315 -122.49344543172951
3913 37.77693515088656 -122.42200829331776
3914 37.722560342025275 -122.43826854729254
3915 37.74614232276559 -122.3882658734004
3916 37.75846760359255 -122.47696684062097
3917 37.776821051216146 -122.44866403027217
3918 37.74866071288683 -122.48906740373788
3919 37.795390638882466 -122.3964589593617
3920 37.76324170580761 -122.40490722369971
3921 37.7566548534707 -122.48105463481446
3922 37.75659096823121 -122.47842546737846
3923 37.74296742541083 -122.42981544791067
3924 37.783705608106104 -122.50408933241084
3925 37.739424646599915 -122.38561555782468
3926 37.78406334258497 -122.43546264803774
3927 37.77515765863674 -122.39042278041383
3928 37.76134273918769 -122.47216436357836
3929 37.77816060568654 -122.40552068242563
3930 37.70915848725544 -122.46472889649475
3931 37.742828723552314 -122.45431097312097
3932 37.735606363504736 -122.48362281110145
3933 37.74560301320491 -122.41006111082248
3934 37.792913098147714 -122.47316262659602
3935 37.73463701205104 -122.50251970872327
3936 37.710243681830065 -122.40833259249403
3937 37.75246528974893 -122.47748414732548
3938 37.727644499098226 -122.39340806593722
3939 37.79111621859694 -122.4013520749679
3940 37.767043209384 -122.41028926967054
3941 37.77197580483587 -122.40116526061803
3942 37.799592066596986 -122.4655718535252
3943 37.74708423081201 -122.41197295024364
3944 37.742900659721926 -122.49679346531799
3945 37.77756609433151 -122.51024790023187
3946 37.79157712871594 -122.42095356365209
3947 37.740756985069844 -122.38933506670679
3948 37.735739297399974 -122.43537922589147
3949 37.73948664844362 -122.49843109921753
3950 37.71629247087502 -122.45015958710407
3951 37.757191735155416 -122.49394517647025
3952 37.75993410782685 -122.38635641292832
3953 37.720713983377635 -122.46565146073189
3954 37.780761169934635 -122.4559754294409
3955 37.78311826371623 -122.42565928463998
3956 37.800439157511796 -122.43040938290285
3957 37.72527126802296 -122.37634257414484
3958 37.784798828542286 -122.50825249869145
3959 37.721594893155505 -122.50316331939496
3960 37.709511233250986 -122.3874653670772
3961 37.7506901883273 -122.45793526940868
3962 37.7544958329987 -122.50988007942327
3963 37.8049555340878 -122.41749333061426
3964 37.73060915929107 -122.4258749887947
3965 37.71767022717683 -122.45740152328436
3966 37.77580253706086 -122.395781430115
3967 37.768442014117554 -122.50805212502094
3968 37.71453533007789 -122.47339120958286
3969 37.79303929499732 -122.44767951513855
3970 37.742880233714374 -122.450034488022
3971 37.77079058318105 -122.47707626881804
3972 37.76158073966838 -122.4566767204831
3973 37.78752418893719 -122.48662855289759
3974 37.71619233669417 -122.49742390748513
3975 37.74481500697743 -122.4457141192702
3976 37.75950044190426 -122.45424166319421
3977 37.80481306092833 -122.41777176323653
3978 37.74114149575733 -122.50375812714398
3979 37.77546623749851 -122.45168340149353
3980 37.773599390215786 -122.47333037007502
3981 37.775233942967425 -122.48146394446503
3982 37.73154206639051 -122.46554256624037
3983 37.729235088575884 -122.49542015407708
3984 37.79622493289821 -122.41679655825108
3985 37.80427270019712 -122.40144108917902
3986 37.72327555465471 -122.40488021557807
3987 37.73347671255446 -122.46477057097952
3988 37.74330630184786 -122.46623283168823
3989 37.74288694284905 -122.38533813379689
3990 37.714828239285644 -122.41206637226645
3991 37.73919404662203 -122.49477753649042
3992 37.747729799003224 -122.45055415242116
3993 37.71996399289629 -122.38969767473066
3994 37.72750345885222 -122.38969470726741
3995 37.747614230681904 -122.40819114755456
3996 37.78601760429528 -122.39667124516097
3997 37.77827689279333 -122.48354631022298
3998 37.71012677210141 -122.47372025574448
3999 37.74555096388875 -122.37928897831998
4000 37.74411307231647 -122.39629425991485
4001 37.803084570746215 -122.42676495842464
4002 37.72449491572261 -122.36832301440282
4003 37.76113529665891 -122.4440009645762
4004 37.713557616805105 -122.38105474520262
4005 37.71621550643142 -122.46843924599449
4006 37.75562923478994 -122.49246950533215
4007 37.72789232906708 -122.44015159781513
4008 37.78744662330953 -122.49767345021134
4009 37.783811674335276 -122.40290260190449
4010 37.72268954471718 -122.48773741122847
4011 37.74794969638867 -122.44753745059637
4012 37.760898048828075 -122.4421069042474
4013 37.77248346379071 -122.44413845958492
4014 37.73614180492896 -122.38188436940582
4015 37.7156691664632 -122.3807357452042
4016 37.75379580346802 -122.43782131705834
4017 37.73167562204015 -122.36592758206255
4018 37.747514424922365 -122.40660003304559
4019 37.76020837516589 -122.47914807314923
4020 37.79756711242712 -122.4068321702853
4021 37.79537507628818 -122.4120915818511
4022 37.71443493149505 -122.45880377962466
4023 37.76313258722159 -122.43928611997157
4024 37.73108371158305 -122.49929491708792
4025 37.78483432987683 -122.48951772117984
4026 37.79869331567398 -122.47325286798285
4027 37.73780611094118 -122.47655437487512
4028 37.76914230675223 -122.40187736038428
4029 37.7975693536145 -122.41759787409367
4030 37.721851561573274 -122.39273423930842
4031 37.772055976302674 -122.40654908866763
4032 37.737067657115574 -122.37644633881771
4033 37.802582085093405 -122.4656302881942
4034 37.718029718342706 -122.4057692384605
4035 37.794017641311655 -122.39242876134688
4036 37.74150004992935 -122.42764737980181
4037 37.76337887602851 -122.46227257926012
4038 37.747371623593594 -122.45371672782404
4039 37.75536011574468 -122.47205904279319
4040 37.72269005859286 -122.42459378830647
4041 37.736900125160076 -122.45258043517183
4042 37.77119171252089 -122.44813110605523
4043 37.71172226954154 -122.41038104381586
4044 37.80290970094425 -122.44893521671828
4045 37.779415599884395 -122.4273068014981
4046 37.8042268139251 -122.47880794147046
4047 37.74634640912382 -122.4833142777626
4048 37.73455261394731 -122.40645872376662
4049 37.78386078156392 -122.42695115338607
4050 37.7613758497451 -122.46286135524797
4051 37.72814799025663 -122.42370450627047
4052 37.7287448405478 -122.45102226895744
4053 37.76541910363902 -122.46846333627434
4054 37.79501685110364 -122.42090477357122
4055 37.75413533368885 -122.42282079051853
4056 37.72682886592734 -122.40519870709358
4057 37.743998107206956 -122.40098172020865
4058 37.7782486459517 -122.49381787532499
4059 37.71639648773129 -122.4595475131491
4060 37.73699402994613 -122.49572958359815
4061 37.720655568821186 -122.36675319817964
4062 37.78184279395959 -122.43129188642715
4063 37.80422478608602 -122.46053889865797
4064 37.76586220020532 -122.44379189137057
4065 37.72757459320568 -122.42176756065263
4066 37.72331491023457 -122.46220009803035
4067 37.73984065517169 -122.42637654135214
4068 37.71050642731198 -122.40561255537912
4069 37.73967945599168 -122.48415137118864
4070 37.787169245023456 -122.39012862612175
4071 37.79709833501268 -122.45473783795774
4072 37.72282454967583 -122.39343776100078
4073 37.73417903992826 -122.44373805479218
4074 37.72762582663603 -122.42926182753621
4075 37.80620037078447 -122.47850596784102
4076 37.7768070976462 -122.47989118699456
4077 37.73367507812103 -122.38774038569174
4078 37.76871389007473 -122.4565490266499
4079 37.7226805589391 -122.42867236958267
4080 37.7978053287126 -122.39928742352578
4081 37.75690561139416 -122.47712630442358
4082 37.758165424162996 -122.44139160127766
4083 37.75976658208586 -122.38142083025379
4084 37.74621812298103 -122.39872370165995
4085 37.75803293092449 -122.4640708931034
4086 37.73533494227336 -122.45061938338655
4087 37.71318233114041 -122.41017057265711
4088 37.74571391680112 -122.47904611949025
4089 37.728489220864176 -122.48528783777887
4090 37.76041393321826 -122.4963201662268
4091 37.723817702697254 -122.41215695958543
4092 37.75885441847652 -122.38830737397166
4093 37.73598764075281 -122.3778832824146
4094 37.74111974755338 -122.41731760270035
4095 37.7487059370789 -122.49471019243893
4096 37.785970797579715 -122.41288941840662
4097 37.80696075850807 -122.40713130681999
4098 37.74503500776836 -122.41047587377611
4099 37.78522286758089 -122.4781050033827
4100 37.75099344896812 -122.5098080771303
4101 37.77141322273948 -122.44995147197378
4102 37.73875153577588 -122.42461789138417
4103 37.71631368793003 -122.41909762846355
4104 37.74500716659021 -122.43330225250318
4105 37.742426515531605 -122.48058127497808
4106 37.785328866354035 -122.38928520847607
4107 37.75153581898572 -122.48009425117613
4108 37.77117227907786 -122.41600224445904
4109 37.770613656695446 -122.44416070614484
4110 37.72653691943734 -122.44792615721633
4111 37.771626965231874 -122.47699152911387
4112 37.778425637134966 -122.49169963485383
4113 37.75377928441038 -122.40602896744764
4114 37.70889163972488 -122.41471240460646
4115 37.785772108880735 -122.4263296109407
4116 37.771542173442334 -122.49489967475512
4117 37.70946833104168 -122.49100232311481
4118 37.767691881678005 -122.4121413924047
4119 37.740083049491595 -122.43797819419883
4120 37.78928572393331 -122.39818651642398
4121 37.7808007978304 -122.43114240517693
4122 37.78475550562099 -122.48284910614612
4123 37.74283753767432 -122.4388527107784
4124 37.78172893682583 -122.41146575369568
4125 37.71428684743247 -122.47355353349957
4126 37.77491701913185 -122.43668333044756
4127 37.75036374110411 -122.40773497160772
4128 37.777999265233554 -122.40455179025292
4129 37.749270366828405 -122.44560703315364
4130 37.774309582950394 -122.49170110291091
4131 37.7415992220613 -122.49571285387074
4132 37.72281810468871 -122.47215712243381
4133 37.77029800432334 -122.45173627703761
4134 37.77493300689065 -122.42392492145983
4135 37.75364609112505 -122.4047891447634
4136 37.76467832148611 -122.4132961217847
4137 37.719780814172466 -122.45161335963556
4138 37.772230611623435 -122.39080212958237
4139 37.76816891594302 -122.49251448279988
4140 37.73018235431743 -122.37847486567966
4141 37.78025038008817 -122.47125025393503
4142 37.75435315523216 -122.45095133383984
4143 37.71187630665191 -122.46492430062166
4144 37.78456766464466 -122.48065277569843
4145 37.777211681300926 -122.50306734682484
4146 37.72841590367424 -122.44645367999594
4147 37.72419131945778 -122.4251480248418
4148 37.781187488752664 -122.49759643427409
4149 37.778217263136426 -122.44969077337056
4150 37.80015335694445 -122.42571290297808
4151 37.75273826360813 -122.38928506761275
4152 37.715861970171574 -122.37913299327411
4153 37.72414086938358 -122.40431132738557
4154 37.725728656819406 -122.49084636352784
4155 37.77094626125338 -122.39803176519194
4156 37.784511397161516 -122.41214557027278
4157 37.726360925124126 -122.39643864826283
4158 37.76861567547554 -122.46598898026673
4159 37.768347042667074 -122.41354758270286
4160 37.741568908724574 -122.38222863587457
4161 37.8023797621987 -122.39808205710032
4162 37.74417963720378 -122.48399816270104
4163 37.78094526115976 -122.41006296771143
4164 37.76431956060995 -122.48789272502071
4165 37.7749486934038 -122.47592682041817
4166 37.77521449854214 -122.49956813334367
4167 37.738798314934385 -122.47949799737673
4168 37.74044750769697 -122.37128734558009
4169 37.785145203460864 -122.4856571382322
4170 37.77832325364495 -122.44185538793462
4171 37.74021320310679 -122.42101765883538
4172 37.70844817770017 -122.44428835162364
4173 37.75359697359411 -122.38937909278046
4174 37.72568471035212 -122.41291996101621
4175 37.79006130254253 -122.41170830149309
4176 37.71799189633804 -122.48363212575711
4177 37.79000679691374 -122.4560740285406
4178 37.76096495331173 -122.50266903961239
4179 37.76881561692961 -122.51032270405096
4180 37.73129831916123 -122.45549087531514
4181 37.72785163647063 -122.44713504402262
4182 37.72850282078329 -122.45627614468845
4183 37.767827440760705 -122.38808959979949
4184 37.73642349749456 -122.44416070677798
4185 37.76547259479297 -122.49154114760472
4186 37.716005029573985 -122.41816121845775
4187 37.74474061258286 -122.41982784703784
4188 37.74562725963068 -122.39346787777332
4189 37.746930102372254 -122.39991736498472
4190 37.72105606979707 -122.42771791923491
4191 37.73468444959509 -122.41629668579353
4192 37.75640589436192 -122.45297574906249
4193 37.776549502978604 -122.44865713016816
4194 37.721034810191284 -122.44822600433332
4195 37.74671164870936 -122.41361542870143
4196 37.80035833473309 -122.4811469526002
4197 37.737010719157674 -122.48137895441091
4198 37.77698610130367 -122.41946855550975
4199 37.72494487597757 -122.49826613433943
4200 37.766808759153484 -122.49452840149702
4201 37.78714679956641 -122.39144220481231
4202 37.75137887516658 -122.39490814050201
4203 37.72809175988555 -122.45057982864412
4204 37.72583027850448 -122.3615480880546
4205 37.7700219751758 -122.44767847922704
4206 37.79866962263858 -122.41671566705634
4207 37.76119541378351 -122.44242606026188
4208 37.789835429494836 -122.39923359543165
4209 37.744568112123424 -122.48716579214029
4210 37.730942738208284 -122.3931570310185
4211 37.71316170978338 -122.44420193300816
4212 37.7658738115104 -122.42015275989013
4213 37.720814220018866 -122.38760018156275
4214 37.76322829616113 -122.47109119803835
4215 37.77444643504548 -122.40497932492423
4216 37.731561252358645 -122.48257993627345
4217 37.72368968441398 -122.45900919983661
4218 37.73021738226428 -122.4368022763139
4219 37.73057840691814 -122.43371477307821
4220 37.747104350980834 -122.50246645621964
4221 37.756290024068946 -122.46201555855963
4222 37.74007633717325 -122.41043939024415
4223 37.78835935953557 -122.47571833642755
4224 37.79483019647869 -122.46630668473165
4225 37.744155435885716 -122.42612787384802
4226 37.73872855826934 -122.45099031282777
4227 37.78044980237858 -122.44934261958865
4228 37.72782594488474 -122.49564900590266
4229 37.78304922582348 -122.40878209996099
4230 37.75128536048058 -122.43683829392319
4231 37.73724990063965 -122.38626292165995
4232 37.76181728047503 -122.39456988082459
4233 37.72797935932538 -122.50135954209411
4234 37.727240319131006 -122.48780476382774
4235 37.7778950357076 -122.42129711423911
4236 37.79383309796753 -122.41074523108041
4237 37.76673282144321 -122.46514256966185
4238 37.73134101875696 -122.40737570868377
4239 37.730756196549756 -122.37479827283171
4240 37.74758362388398 -122.48779195053
4241 37.75879772021221 -122.39794573084608
4242 37.72128804516756 -122.4434106903408
4243 37.7179565500805 -122.43430681996821
4244 37.78459423718426 -122.42119013562632
4245 37.79229997587134 -122.44315941403855
4246 37.73299976926679 -122.38916514378468
4247 37.73519612130951 -122.47425333058294
4248 37.72506367285149 -122.46724030089057
4249 37.771872444466986 -122.44229947796991
4250 37.748650593199095 -122.50903690046582
4251 37.708676945865115 -122.48233956077175
4252 37.72728193742358 -122.46063802740785
4253 37.77142655509265 -122.44163645434035
4254 37.78417314101769 -122.3921417948995
4255 37.727121422347544 -122.43662344497064
4256 37.78127767092267 -122.43810430120935
4257 37.76270083558408 -122.49738419400191
4258 37.79336171862663 -122.45045244785008
4259 37.71004004045121 -122.49009420294212
4260 37.710953993349655 -122.49520790126218
4261 37.733078358126136 -122.37305075806714
4262 37.718019707425164 -122.36051369550046
4263 37.7581447105095 -122.43171325558305
4264 37.7675182161289 -122.42275313781538
4265 37.79756421352412 -122.44280348032989
4266 37.739116074060064 -122.4241047686011
4267 37.73592207705894 -122.42166866798125
4268 37.75197933945336 -122.5091195169575
4269 37.72267500622375 -122.39982173956969
4270 37.75488037674369 -122.44446304081123
4271 37.70970760706232 -122.39714523343848
4272 37.74967430589265 -122.43081522685064
4273 37.73779947989508 -122.38329850289409
4274 37.73565574121229 -122.46411930046185
4275 37.74939935891952 -122.38745498304452
4276 37.76020549193043 -122.40486617137306
4277 37.79152987636684 -122.45598365616594
4278 37.79622572298896 -122.42872260726409
4279 37.763945647034674 -122.44357000081327
4280 37.717404975930386 -122.4003712518305
4281 37.72665009366616 -122.4919048686145
4282 37.73509008434261 -122.39460416601842
4283 37.78853607815136 -122.42698509945177
4284 37.7442623794602 -122.44564945312432
4285 37.744198979014286 -122.4782348317718
4286 37.73678268351064 -122.38432187732523
4287 37.723898632224845 -122.46430832395208
4288 37.77669711260479 -122.49368289391198
4289 37.72996199700827 -122.38012143462825
4290 37.76640196626678 -122.48308574959013
4291 37.71162784427815 -122.46042074880896
4292 37.79717288329316 -122.43003540298766
4293 37.76755909864871 -122.42562473108022
4294 37.80521429378352 -122.43637506382015
4295 37.77042715686542 -122.51017238639928
4296 37.70973057603508 -122.39913311084835
4297 37.72052404366421 -122.479512882863
4298 37.77765276796052 -122.47356778034532
4299 37.80440607431195 -122.46021796540234
4300 37.71633838523665 -122.42315480821158
4301 37.73416067678665 -122.43423371212899
4302 37.71601518487839 -122.4285045678293
4303 37.79284728249336 -122.45244064233113
4304 37.78640076002141 -122.44408192610197
4305 37.791262137917585 -122.41949745780543
4306 37.732754710832396 -122.48525971288564
4307 37.718051840526044 -122.49774969975536
4308 37.751545943586535 -122.41311617038683
4309 37.80296344756631 -122.42783063253097
4310 37.77255316372941 -122.38826913310892
4311 37.739948117559955 -122.37728715464661
4312 37.7752038186442 -122.46248894556851
4313 37.79794304808157 -122.40240008842355
4314 37.71296424663989 -122.43644230429803
4315 37.71239162466076 -122.38385621597774
4316 37.714804931795456 -122.47358565110522
4317 37.737306212287386 -122.42014764148603
4318 37.798167756508896 -122.44870536194212
4319 37.751317344126825 -122.42696203237051
4320 37.722711431531486 -122.40936841177671
4321 37.73972297991595 -122.500570494423
4322 37.71428520634942 -122.42715508712723
4323 37.738281768714515 -122.43750380915831
4324 37.7765267701793 -122.48709853608504
4325 37.71345298803221 -122.40330342482302
4326 37.74143791759797 -122.40591104752286
4327 37.74694306447896 -122.42009980973104
4328 37.74336118656226 -122.42436145603251
4329 37.74667040570796 -122.42587466359431
4330 37.80712041882015 -122.41887294808795
4331 37.75544479790845 -122.47603225727022
4332 37.772258212514245 -122.50728517151381
4333 37.80140501526496 -122.45677418538266
4334 37.79052654668818 -122.42135662098389
4335 37.73383790366165 -122.4810771428084
4336 37.74310730201536 -122.48360765050957
4337 37.77727395774869 -122.51023461885039
4338 37.735670040768234 -122.41990329481429
4339 37.71843695794895 -122.41576617818215
4340 37.72286384802639 -122.3807985232809
4341 37.71164857413824 -122.40564803894213
4342 37.74863005843222 -122.38304173888241
4343 37.78362534592369 -122.51058266127585
4344 37.75637648949546 -122.50307169501446
4345 37.77462741752332 -122.46966433229953
4346 37.74287413596982 -122.44162341550069
4347 37.8006608108063 -122.46267452345471
4348 37.79706487661693 -122.4695378726997
4349 37.805782609267304 -122.4475914676993
4350 37.7934787699384 -122.47785261944252
4351 37.791801012726566 -122.44774951879178
4352 37.76509556795598 -122.46193929994182
4353 37.79495850287076 -122.47880067969207
4354 37.76834823520096 -122.4595719259503
4355 37.75246748261027 -122.42134450391933
4356 37.769987610771246 -122.47080708932957
4357 37.73637318799649 -122.46287056718681
4358 37.76910171367038 -122.38671035889337
4359 37.721694879624934 -122.38103324525964
4360 37.779859286969746 -122.39706135180934
4361 37.776617006356716 -122.45539015420611
4362 37.73084528001173 -122.46579485091927
4363 37.79281116474013 -122.4636393462864
4364 37.76253718814074 -122.46227421002814
4365 37.726906753017666 -122.40168537662107
4366 37.79922173538642 -122.42182800234913
4367 37.74479323389213 -122.45009293977589
4368 37.719015425137435 -122.42936419744059
4369 37.71725265937226 -122.49733789468257
4370 37.73318869513559 -122.37843228264437
4371 37.751292147926826 -122.42176644438507
4372 37.78328752044769 -122.40813938768741
4373 37.74364756187264 -122.4931113679849
4374 37.72730746139134 -122.42498813545404
4375 37.72405253286471 -122.49522531475833
4376 37.74899366862558 -122.40664776015561
4377 37.75506681249813 -122.50516949841871
4378 37.73945913787494 -122.45707534923001
4379 37.77884970028943 -122.49863239888091
4380 37.7260138916644 -122.45364608322308
4381 37.7589661816337 -122.41712411771516
4382 37.73060765186483 -122.48150353550983
4383 37.75069711596 -122.43174961472063
4384 37.71115026619148 -122.45272494738585
4385 37.73219741474524 -122.4178646559747
4386 37.75309099791739 -122.50602643493586
4387 37.727903703451716 -122.48857686878243
4388 37.75699745326392 -122.39446132927809
4389 37.79224809258255 -122.4767021752734
4390 37.72250948855291 -122.4151411428867
4391 37.74620403926228 -122.37689355321898
4392 37.715631013436024 -122.47599031119734
4393 37.7869716117824 -122.4119997122618
4394 37.77567385054328 -122.48926621451132
4395 37.72586280897236 -122.4831613791782
4396 37.74784470797216 -122.4475086266937
4397 37.758178677068955 -122.42971239206939
4398 37.772851031278634 -122.4146462639391
4399 37.80573458667958 -122.47273518685253
4400 37.74366555483862 -122.41871874335948
4401 37.75911178037554 -122.40846681875988
4402 37.74236762588487 -122.50448907861215
4403 37.735477663933544 -122.48420448378891
4404 37.732880686168166 -122.4486671852646
4405 37.72482458556716 -122.46421289564226
4406 37.77597482178397 -122.4078226863767
4407 37.74309751384288 -122.43213015414992
4408 37.78375725107468 -122.50863599835658
4409 37.709203294953014 -122.47895115057017
4410 37.729017825765595 -122.36844849533189
4411 37.75258701717835 -122.44551510008931
4412 37.77030326267866 -122.44898617072631
4413 37.765903389711134 -122.48606953782195
4414 37.75232552432077 -122.39665306932089
4415 37.79182743211573 -122.41282484255326
4416 37.7520534833953 -122.46819028496233
4417 37.798150993637805 -122.40318599793677
4418 37.710978899437386 -122.41226863524929
4419 37.72190890152967 -122.45746568144173
4420 37.71099345939826 -122.45321557470761
4421 37.788749249895645 -122.39306755660047
4422 37.728192895596834 -122.3587938490384
4423 37.77480337098364 -122.39147011254238
4424 37.75123095915458 -122.42277683550552
4425 37.73622539231618 -122.5056609234341
4426 37.75576866543336 -122.50614430577505
4427 37.7120824234998 -122.43720053989522
4428 37.74170092223634 -122.44374552338132
4429 37.7290293263719 -122.40549950022834
4430 37.78680666591901 -122.41526442104309
4431 37.75320197325457 -122.46501173139693
4432 37.74885705649533 -122.47856932258223
4433 37.76319511143082 -122.45090615601103
4434 37.74412235812662 -122.40816928047994
4435 37.78519772714013 -122.5000932476889
4436 37.781096053942164 -122.50492737159321
4437 37.71539498300586 -122.49060163850778
4438 37.743680863718225 -122.42589904761107
4439 37.794251207194364 -122.4025606394646
4440 37.75327781162893 -122.44621016106363
4441 37.78397418076643 -122.48080610791872
4442 37.761189503066774 -122.42220699954808
4443 37.80647395608408 -122.407405240758
4444 37.71764054104101 -122.5025677538213
4445 37.73877524203192 -122.45957132844069
4446 37.75495806245271 -122.45758155750697
4447 37.76920660755544 -122.50219882566113
4448 37.76670504226716 -122.42719371189774
4449 37.76767406378459 -122.40635433649808
4450 37.729023476247164 -122.394919607485
4451 37.77697799921651 -122.39715296944811
4452 37.78417003575965 -122.48263533966487
4453 37.73425524579678 -122.46560291220992
4454 37.78986257812327 -122.47288068871889
4455 37.76318682079753 -122.44389981077146
4456 37.768511565506856 -122.49477362628153
4457 37.714254316587386 -122.44406671590775
4458 37.756007737755525 -122.46023513406189
4459 37.75115243013981 -122.46627024693008
4460 37.77016633607495 -122.44914587455136
4461 37.78435558066508 -122.44826465953597
4462 37.807506604394355 -122.46920302913735
4463 37.71064144721346 -122.39790018847367
4464 37.74281696059966 -122.39179128942146
4465 37.7752853800528 -122.44206308978066
4466 37.749468213173785 -122.49080793745517
4467 37.76044909312084 -122.39392549724067
4468 37.77043403384882 -122.51121740782918
4469 37.753063365854544 -122.50252991593462
4470 37.73337334181435 -122.50311017471947
4471 37.733233888678626 -122.41326875115695
4472 37.75167788429949 -122.38624360799545
4473 37.71151944053792 -122.4480862776583
4474 37.78397008423451 -122.46072191223843
4475 37.764849604015716 -122.48295253224238
4476 37.786574707247674 -122.47083722768026
4477 37.77692481484829 -122.49121071183292
4478 37.79455302665697 -122.46755443511795
4479 37.776750340872 -122.50961001686628
4480 37.72220131034911 -122.38664292446795
4481 37.70884805728267 -122.47656713985181
4482 37.79746629254054 -122.39852413650625
4483 37.78134124697815 -122.50727120039684
4484 37.77018355358485 -122.42048724450969
4485 37.73594823547562 -122.50679499033899
4486 37.725691055968035 -122.37868330382791
4487 37.800453637640146 -122.4450266783664
4488 37.715844906834086 -122.38421004158131
4489 37.797155614230746 -122.39517893176195
4490 37.759108273617265 -122.42465422215821
4491 37.761630372174785 -122.4468740937428
4492 37.8029287715028 -122.43040352910502
4493 37.71319583572021 -122.39041374770069
4494 37.712727253187786 -122.45631579277465
4495 37.71375628086398 -122.45080757654206
4496 37.763030703755234 -122.44906115563197
4497 37.78279372384901 -122.38991637262943
4498 37.80656017006596 -122.4523490164298
4499 37.71628556048864 -122.41172690521587
4500 37.762318963843846 -122.46055398765064
4501 37.733465858415606 -122.48063536787596
4502 37.7508981642319 -122.47035703774458
4503 37.75131300578882 -122.47246257372937
4504 37.72292549741415 -122.43417781720721
4505 37.75593009257614 -122.43080508093051
4506 37.721092965185186 -122.49685604620848
4507 37.7802651907404 -122.49013932892036
4508 37.78185707539653 -122.4439631553841
4509 37.791801752431205 -122.45681053555553
4510 37.750806119475435 -122.43595211373217
4511 37.80824958822325 -122.42160145145746
4512 37.78565148287674 -122.45181547190444
4513 37.71226350329618 -122.39501213134204
4514 37.765237575474195 -122.49488799624699
4515 37.75034900483757 -122.50471946539649
4516 37.75632581664566 -122.49506134942445
4517 37.772612493964104 -122.47923044192225
4518 37.787756385897794 -122.40421722024655
4519 37.71558339188537 -122.39507613797055
4520 37.78272785987898 -122.46233701342645
4521 37.72085603541811 -122.36291352362095
4522 37.78970592962422 -122.437271943851
4523 37.79718692984345 -122.474165980931
4524 37.74371332142 -122.39967600638181
4525 37.766593054555514 -122.42417110739372
4526 37.767318037746655 -122.41599654609763
4527 37.716393141065595 -122.47537661607934
4528 37.726268520424135 -122.38848076890694
4529 37.74370977915474 -122.44727986232
4530 37.777941620084945 -122.50477940078612
4531 37.757015715165146 -122.49906209994185
4532 37.804780857021505 -122.45047020691315
4533 37.78186239401367 -122.5014264916192
4534 37.78570342365543 -122.47767023762918
4535 37.73944285792282 -122.47539130689516
4536 37.73766036672199 -122.41738779864764
4537 37.72340883873058 -122.41616594487981
4538 37.72807675192438 -122.43389312314417
4539 37.80438473836145 -122.43067729379717
4540 37.722747968770356 -122.46239633655514
4541 37.77164163350973 -122.40103622054949
4542 37.76020273744991 -122.43002168799245
4543 37.71505829757622 -122.45082001907517
4544 37.755028992563325 -122.43775350406642
4545 37.78684134813676 -122.4689405236628
4546 37.72575771605789 -122.35890783582617
4547 37.76324396334796 -122.42538271918758
4548 37.72450280737776 -122.38859578623344
4549 37.72453852114498 -122.41333206475832
4550 37.771902336621444 -122.43538636337067
4551 37.79089578262383 -122.47276353148139
4552 37.71999896656362 -122.4299012793818
4553 37.7609103550522 -122.49244476184282
4554 37.76646928123834 -122.47390907142102
4555 37.73573224618827 -122.40179325682153
4556 37.71533343502269 -122.44043471913024
4557 37.801587673591314 -122.44727317934569
4558 37.76813146177839 -122.46551978672433
4559 37.727314826832206 -122.4948983597424
4560 37.77491772373952 -122.42978709764144
4561 37.75052945054131 -122.46079102925033
4562 37.71130186971977 -122.43319386596166
4563 37.727529404553266 -122.47417036477889
4564 37.766597383434366 -122.44999903565643
4565 37.75702149006503 -122.41210483316297
4566 37.71271340800159 -122.47787310120964
4567 37.71447320684372 -122.44007048743931
4568 37.75973163883451 -122.46341701223018
4569 37.781490287203 -122.4687789135521
4570 37.75762100073301 -122.39603316119722
4571 37.72692028055577 -122.45922684002917
4572 37.76782117217175 -122.48688607733779
4573 37.75827010149862 -122.48673603006331
4574 37.71708343198544 -122.36111339720881
4575 37.802986995720694 -122.41617272733278
4576 37.71752436011143 -122.3803961629698
4577 37.784219946762356 -122.40591409928587
4578 37.788502573147554 -122.39846055495443
4579 37.74475192289439 -122.42046815016039
4580 37.71293564003598 -122.44569189644616
4581 37.742071788806754 -122.45453480961694
4582 37.72839120276255 -122.44300605744046
4583 37.7360766091813 -122.4689701376099
4584 37.76652286680239 -122.4468740044904
4585 37.75915167076829 -122.43002102446164
4586 37.745504429444985 -122.49963186213097
4587 37.72520647224609 -122.48048789537954
4588 37.72948339266477 -122.48719563648582
4589 37.77180080382575 -122.42417655501929
4590 37.7866781954618 -122.43912758024997
4591 37.71530415908034 -122.50189712749146
4592 37.769267364962964 -122.43229283317163
4593 37.772168336447436 -122.50561647507823
4594 37.724023984245235 -122.41005624041499
4595 37.716024101577176 -122.46205459702368
4596 37.713275618646854 -122.44674175350141
4597 37.77057698760627 -122.42831490892443
4598 37.72225225751051 -122.41581448308534
4599 37.72872536379164 -122.43493991952113
4600 37.74835839739503 -122.4582607819923
4601 37.775506710344324 -122.39570630496135
4602 37.78292848506265 -122.45078469386141
4603 37.73728660268118 -122.39779168279658
4604 37.76142367580297 -122.49328363422845
4605 37.74497830052711 -122.45289235500883
4606 37.77148009016359 -122.40661284315993
4607 37.772023565167665 -122.48365474895563
4608 37.74494334707183 -122.40767314020776
4609 37.77971054352832 -122.44177432984738
4610 37.7275934359833 -122.46456586454983
4611 37.75727790735678 -122.50348516650608
4612 37.79718061202647 -122.42226340474105
4613 37.78671373162783 -122.39404942076222
4614 37.73163731955671 -122.4841313170827
4615 37.76082490181569 -122.43630447238652
4616 37.77456886560494 -122.42476020605658
4617 37.7607303583606 -122.46085017878764
4618 37.72909183289642 -122.43547296505429
4619 37.74244235469634 -122.38846664944246
4620 37.74460308057855 -122.49693290606798
4621 37.80224502487134 -122.40097792016218
4622 37.71941910041816 -122.40287166704478
4623 37.77125019996226 -122.49496157833711
4624 37.72827682208296 -122.40366983763086
4625 37.72304425003936 -122.4264694719947
4626 37.75280747490321 -122.5094170695928
4627 37.7242395084061 -122.50498332309601
4628 37.714222006606796 -122.4113323432996
4629 37.80556112726299 -122.44046728773975
4630 37.7129218214915 -122.45674699840345
4631 37.799208144988064 -122.449940322141
4632 37.768466144773974 -122.48590373746683
4633 37.77638775843573 -122.46646620593248
4634 37.79249272278129 -122.43715410115718
4635 37.74378276431359 -122.41454566478137
4636 37.75612435424389 -122.49796386092487
4637 37.76168965436456 -122.48781324354523
4638 37.76591038887176 -122.50535919185447
4639 37.74347288969039 -122.4117841229675
4640 37.72555817621435 -122.4225356571027
4641 37.78486621987387 -122.48276227283421
4642 37.79093393349144 -122.41827439052592
4643 37.712953619265384 -122.40209025849191
4644 37.70883274605733 -122.45098358094612
4645 37.76497906696465 -122.40802298980184
4646 37.77154564591834 -122.4141076815763
4647 37.77976065318499 -122.43551993716704
4648 37.72328500947183 -122.43014424756116
4649 37.75102614043055 -122.387146699353
4650 37.749671444872 -122.39914910523002
4651 37.766494438892884 -122.44154279317534
4652 37.791564848077826 -122.3939895972621
4653 37.72352332350997 -122.4351505329286
4654 37.78400580826121 -122.4566466564348
4655 37.774508579612785 -122.42057822290019
4656 37.732237775540405 -122.48035657810297
4657 37.80401478460557 -122.4157470127326
4658 37.748769650979035 -122.40569906460487
4659 37.715813853563375 -122.39079408105387
4660 37.73206338886182 -122.447295688228
4661 37.764499136841565 -122.50220051070579
4662 37.79931257130781 -122.43926748158047
4663 37.799468033542524 -122.46926404894066
4664 37.75484503815568 -122.45628530525276
4665 37.741410582626855 -122.39706543032283
4666 37.79571909634415 -122.46918803005279
4667 37.711796830994686 -122.47527805090924
4668 37.756165759887615 -122.3888883391322
4669 37.739839228256606 -122.48614048564592
4670 37.71217065497392 -122.39291996790874
4671 37.76861655804837 -122.45176187615805
4672 37.762295713290506 -122.47206136640726
4673 37.713047512866076 -122.38287205638711
4674 37.79285070462269 -122.47141018318462
4675 37.78090910022765 -122.51321290618424
4676 37.712793616940104 -122.38162692529754
4677 37.80172927366991 -122.41796116872136
4678 37.79246196589725 -122.40646778601541
4679 37.7183843054325 -122.40879482738212
4680 37.785130235250094 -122.45915448801694
4681 37.76317203295829 -122.50063518670439
4682 37.78264634870454 -122.39022915409078
4683 37.77878233590006 -122.50167728272287
4684 37.720880085483564 -122.45815382097952
4685 37.74729337051466 -122.43285975673018
4686 37.7163785898697 -122.47387688148861
4687 37.719952404014805 -122.46780434067722
4688 37.784784684977765 -122.45513735581916
4689 37.74094723845707 -122.40127965914236
4690 37.71537478140449 -122.43069035839478
4691 37.79317240966172 -122.41854722374559
4692 37.740293051003334 -122.4405120847694
4693 37.75534164187336 -122.44732322354137
4694 37.73797303975134 -122.39786059833148
4695 37.78218443556789 -122.47189248756887
4696 37.74930368568853 -122.39789196732933
4697 37.76089006863092 -122.42963794150907
4698 37.73253723406126 -122.43356064440661
4699 37.777783519183615 -122.45150620263607
4700 37.723327190630485 -122.41800735064591
4701 37.7211313114561 -122.46238077805023
4702 37.71923482741222 -122.42905605065309
4703 37.77340338963047 -122.4808014292855
4704 37.77455757720054 -122.41848364295394
4705 37.70968338342329 -122.38758593699818
4706 37.79712893849027 -122.47950860118422
4707 37.72994559762002 -122.42363875803743
4708 37.80388326259026 -122.4555798411604
4709 37.758407614254075 -122.42671065065173
4710 37.744452606297386 -122.46735241346343
4711 37.739448496568656 -122.47007783870497
4712 37.71721811664942 -122.49340188750588
4713 37.774176039440455 -122.46546159406277
4714 37.740047296992415 -122.44059694717475
4715 37.76662395754657 -122.38932810324236
4716 37.77955345054267 -122.47877188636359
4717 37.77735383598604 -122.4097838266152
4718 37.71480016938855 -122.46297634516208
4719 37.80082031895166 -122.4595315112306
4720 37.800034740652265 -122.43350944431282
4721 37.778152119322115 -122.43598972327891
4722 37.754768097246654 -122.42240636492484
4723 37.77094270995973 -122.44979727992242
4724 37.781586515086474 -122.46641206589644
4725 37.75664373099647 -122.48765623930804
4726 37.796536450498444 -122.4647780498878
4727 37.77227938012815 -122.4920428052855
4728 37.71884218515033 -122.4005022577897
4729 37.8000948103334 -122.4173787951458
4730 37.76844312059261 -122.45140839950128
4731 37.72645184855618 -122.45518910710845
4732 37.72501866180047 -122.49430501980159
4733 37.79994561070858 -122.47914843936613
4734 37.74374598172734 -122.4559650631983
4735 37.77545904550216 -122.39671401137582
4736 37.754062746070986 -122.4819844515693
4737 37.77453877487762 -122.49537831499892
4738 37.78794129380566 -122.4684868798876
4739 37.713360874166156 -122.38062117128212
4740 37.71666824624485 -122.3909181650899
4741 37.75382809349735 -122.48410122763102
4742 37.79248736211481 -122.47359621209732
4743 37.75461306802282 -122.44578449511624
4744 37.7273575802996 -122.44361826834336
4745 37.72392038607 -122.46306712646971
4746 37.73034120259716 -122.49299742050056
4747 37.7537706835006 -122.42550036287965
4748 37.741280015467474 -122.37635260907568
4749 37.73630850245269 -122.46647834877173
4750 37.73654205859422 -122.46517096755807
4751 37.74204487388574 -122.48931169872641
4752 37.7423233689536 -122.46514766359537
4753 37.725815204507555 -122.47465837866967
4754 37.78289993380451 -122.49802383059819
4755 37.715409333060386 -122.40203162847355
4756 37.75046093630865 -122.43445955648562
4757 37.76565729932651 -122.49339937149223
4758 37.7100821022805 -122.38683805208726
4759 37.74301641265766 -122.46373312699025
4760 37.71720934432535 -122.41546515924865
4761 37.75561703945821 -122.50843887309455
4762 37.74516782815449 -122.47084054430832
4763 37.721437736834325 -122.40976959834104
4764 37.793061885059004 -122.39459965363754
4765 37.72901424981001 -122.43537739640134
4766 37.72985917206434 -122.38638604241712
4767 37.74833837411583 -122.42378599439046
4768 37.74507054325233 -122.49921418227746
4769 37.77761626369424 -122.48493870766151
4770 37.78532556286675 -122.46274242503158
4771 37.737673346378415 -122.40648865196549
4772 37.77919070988493 -122.4406417128161
4773 37.7187042038697 -122.38786484528237
4774 37.71566767877726 -122.42748210842561
4775 37.7089393332413 -122.47023577521558
4776 37.770478691543275 -122.47366723557808
4777 37.74981367321614 -122.38162901713288
4778 37.80026241384408 -122.44911887379628
4779 37.80843564748416 -122.47486847517858
4780 37.77485015540833 -122.43064230757811
4781 37.793217287638676 -122.4518394289667
4782 37.7249861231106 -122.39033172926402
4783 37.780296633515285 -122.48195403645343
4784 37.7151557349565 -122.38078160543203
4785 37.71909223206143 -122.40793005349016
4786 37.74824321195671 -122.49933556977965
4787 37.778355577399054 -122.5034353675872
4788 37.77756154350019 -122.50286201995851
4789 37.77666383565154 -122.43177789610674
4790 37.75514570264107 -122.43707290213923
4791 37.7710066834088 -122.44657082321265
4792 37.730490467375716 -122.39760930024804
4793 37.7642544750839 -122.41103553517331
4794 37.75402051347003 -122.46998032505996
4795 37.74213655619171 -122.40775094286512
4796 37.77357111123895 -122.39785251312524
4797 37.72025769554375 -122.41214793160859
4798 37.79936742167319 -122.46072266657998
4799 37.77320333677234 -122.49576375737432
4800 37.7924465046473 -122.42010344539919
4801 37.72714816178103 -122.48739670096525
4802 37.77025092773458 -122.42357460273928
4803 37.75434859487156 -122.42282965023384
4804 37.79180373878807 -122.46152071279197
4805 37.73066680065322 -122.39457480855802
4806 37.77233780613879 -122.42982207324107
4807 37.7886204073042 -122.47512864728631
4808 37.80090660749164 -122.47102300934432
4809 37.732647913560356 -122.47290932566834
4810 37.77722067342885 -122.4477673606065
4811 37.76904198394886 -122.42012424008874
4812 37.772770121304404 -122.4700027219953
4813 37.736273267254724 -122.4260024519875
4814 37.723136632799516 -122.41620693834265
4815 37.7182584414191 -122.45787852147083
4816 37.733106793162015 -122.44549899147776
4817 37.727475999350666 -122.4151588217505
4818 37.73158707471405 -122.4179532054561
4819 37.781003827110716 -122.42090075624392
4820 37.78192379257111 -122.39889966384709
4821 37.79654477260043 -122.43508246339228
4822 37.80170419198334 -122.41282503142986
4823 37.7606731893225 -122.44673849925566
4824 37.747336036087795 -122.37662905667561
4825 37.71839447292647 -122.43134185266129
4826 37.737942554764004 -122.39793293392695
4827 37.7190825976299 -122.5028482646062
4828 37.748111816406805 -122.42384050958091
4829 37.78362208915703 -122.44572887565802
4830 37.73861983409836 -122.38699862250175
4831 37.78195944058354 -122.49446766909662
4832 37.72096123889505 -122.47788667199734
4833 37.77904355767954 -122.3918823508722
4834 37.76163598240905 -122.49780320691748
4835 37.77421725617272 -122.50621661098066
4836 37.75952506603133 -122.48780663718516
4837 37.71880737361524 -122.38998212275558
4838 37.718521920024294 -122.43691844263412
4839 37.726158063510695 -122.46101700441702
4840 37.788390751993184 -122.47272271868925
4841 37.71081354240416 -122.3913985068998
4842 37.73211786917533 -122.39534861793122
4843 37.80084054460461 -122.43742004106966
4844 37.762196249224154 -122.45318030869187
4845 37.7479137411842 -122.43720004390192
4846 37.79867748267702 -122.42429928248282
4847 37.71889526132485 -122.47551956796023
4848 37.791599264852984 -122.40994647822315
4849 37.78094007343584 -122.43496829324003
4850 37.758986877336355 -122.45925871186967
4851 37.74335277087515 -122.46914413719664
4852 37.73106577351148 -122.40244430843045
4853 37.773909578013644 -122.4210571775334
4854 37.71477321144511 -122.49601295044978
4855 37.7590368211132 -122.41295166626429
4856 37.802400555643175 -122.44538974096366
4857 37.758815990206045 -122.46460420498632
4858 37.78347882651341 -122.5011380593141
4859 37.76271383614588 -122.5109964036616
4860 37.714253069392676 -122.4328493492617
4861 37.797953113440215 -122.44887973020319
4862 37.76692876231178 -122.39470433352044
4863 37.78446630815028 -122.50489840536947
4864 37.786911120825906 -122.43436845339588
4865 37.726834801726056 -122.37829963321346
4866 37.76227075029961 -122.4489132710416
4867 37.75756574640065 -122.38694993245593
4868 37.77706923241599 -122.48751873928906
4869 37.778899402109374 -122.43013348524634
4870 37.72706332270312 -122.4937141647773
4871 37.746097583475766 -122.4049568128152
4872 37.72814027249818 -122.50217131185005
4873 37.736790431156706 -122.48812095860947
4874 37.719000795729166 -122.48823818460198
4875 37.7778079467583 -122.46340627182457
4876 37.77265576382826 -122.42781268771533
4877 37.78868706444719 -122.45291570122029
4878 37.73061825075018 -122.4397479403294
4879 37.73488822139459 -122.40869081854967
4880 37.749590110693674 -122.46589253409633
4881 37.78203862151086 -122.50819835580775
4882 37.79978694019089 -122.46331287062644
4883 37.760115853420906 -122.44586114215674
4884 37.75333870873294 -122.44673960777156
4885 37.73770360789302 -122.4412764142299
4886 37.729720267398214 -122.40740159537319
4887 37.79592476118169 -122.39317640313541
4888 37.74507866023853 -122.4319071459749
4889 37.72357728067987 -122.40558395950207
4890 37.72329772780035 -122.48513504874536
4891 37.73127409161123 -122.3832760016069
4892 37.74181219701728 -122.4477172329917
4893 37.794225355340465 -122.40911442672164
4894 37.774571138636595 -122.44773485436917
4895 37.77279287188159 -122.45415266141565
4896 37.75262904236302 -122.43210103754316
4897 37.71047823814773 -122.43277257534294
4898 37.75245064145323 -122.4498086923497
4899 37.76450461644892 -122.5033522762936
4900 37.75777218836783 -122.39378963593002
4901 37.715896160740535 -122.43127285887392
4902 37.77600619092069 -122.4262742916925
4903 37.78385528801176 -122.46310838280914
4904 37.71019723537522 -122.41992634730045
4905 37.80439122742094 -122.42653329160687
4906 37.758975834199234 -122.43486127084421
4907 37.80329166535196 -122.42519177670184
4908 37.80832321680793 -122.43051923385734
4909 37.741177433233986 -122.47106070350674
4910 37.79209508910174 -122.39109148591918
4911 37.759946801196406 -122.4884139547931
4912 37.75612036599466 -122.44516613544201
4913 37.76189645815497 -122.41948084791801
4914 37.75248556794604 -122.45273166014964
4915 37.80515041898835 -122.44601711283991
4916 37.731202264368406 -122.38533124801953
4917 37.759484336621135 -122.39108654472177
4918 37.78619084154738 -122.47147087363035
4919 37.79724136060373 -122.39431798743446
4920 37.72778702208756 -122.49790694418093
4921 37.71265880006231 -122.49432976844986
4922 37.768171277872845 -122.46496607897849
4923 37.747844585412786 -122.41683608997711
4924 37.715538644559416 -122.42550209422171
4925 37.77883935993044 -122.44600475217281
4926 37.803327103447465 -122.43735741565702
4927 37.74534846915674 -122.39368826791826
4928 37.74876117980469 -122.44941554935808
4929 37.72872773194226 -122.4153877077396
4930 37.758895499686105 -122.48740235523476
4931 37.73377785001518 -122.4179211667155
4932 37.78225530208013 -122.47744419030414
4933 37.79956483014072 -122.42713408816036
4934 37.75668195880114 -122.50530924605921
4935 37.72244939558511 -122.44197688888408
4936 37.70895926012725 -122.4252006713859
4937 37.777437657629015 -122.47636073634207
4938 37.73040539053078 -122.50520141396167
4939 37.804491546201874 -122.41354697039384
4940 37.78305347103425 -122.48270780844135
4941 37.77797991629336 -122.40430643569502
4942 37.74254116732484 -122.44501146615713
4943 37.798955660143584 -122.46344833291334
4944 37.770960526595616 -122.50211505958201
4945 37.7906018931663 -122.4401711318069
4946 37.807566215846656 -122.47168666194105
4947 37.79328833419706 -122.4418654743695
4948 37.71521818838253 -122.37906682581857
4949 37.73151946897449 -122.4942356524464
4950 37.71166500236995 -122.44590952177077
4951 37.73259886379582 -122.45236423232397
4952 37.782244517482596 -122.40984047557924
4953 37.73830603033862 -122.49414931609405
4954 37.78273013255943 -122.48663376371513
4955 37.75489239141733 -122.42063651028074
4956 37.80235703403478 -122.4404779985708
4957 37.78647167552725 -122.50051384578002
4958 37.755916501933406 -122.42146299252023
4959 37.731613036488724 -122.44819740507043
4960 37.7965168096207 -122.45857965835299
4961 37.80261084102893 -122.40883943183604
4962 37.719112847870385 -122.40191898694252
4963 37.71048422168558 -122.46474145208619
4964 37.75221149951107 -122.41621050923712
4965 37.78001414312071 -122.49783910356834
4966 37.75230674584847 -122.42419210389222
4967 37.72447290448214 -122.36637345892908
4968 37.807361138686375 -122.40622342227365
4969 37.77387886717296 -122.44912769662147
4970 37.70992770193384 -122.49379443471406
4971 37.786380404844216 -122.46225763465894
4972 37.73262762622409 -122.40607844421606
4973 37.77068402738002 -122.44538935710207
4974 37.75990687662941 -122.41444838405381
4975 37.72784402441494 -122.4074659108415
4976 37.75098993049781 -122.38779136059433
4977 37.7677783612216 -122.47512082111385
4978 37.73382422576636 -122.43960377711925
4979 37.77865417998481 -122.49259942303571
4980 37.7636824634008 -122.41903266809034
4981 37.80684162792976 -122.44105999396793
4982 37.80582293082014 -122.40718623798121
4983 37.71158929355522 -122.4129479904198
4984 37.747009828751196 -122.50474704600262
4985 37.78845761311121 -122.42890998525111
4986 37.80598054664893 -122.46803876625009
4987 37.789414566434914 -122.45515759883884
4988 37.75330195849977 -122.428973875082
4989 37.786020387914995 -122.42804649322711
4990 37.796345574608075 -122.41625161375102
4991 37.72040707128177 -122.4106630542757
4992 37.76126230115476 -122.4403526636406
4993 37.7867753195867 -122.46302642710954
4994 37.79305173703004 -122.47865471675965
4995 37.73456857992427 -122.42341772356671
4996 37.7552925084072 -122.43527529111503
4997 37.71173198913094 -122.40785970182398
4998 37.78601719837085 -122.50691639311096
4999 37.7544326652742 -122.39460341889541
5000 37.76168585635976 -122.50605720873362
5001 37.75126391635187 -122.48059480084115
5002 37.716013783862714 -122.38314107141385
5003 37.729935752325154 -122.4919125473922
5004 37.71474219492141 -122.42424208592557
5005 37.77086471990147 -122.47064318507124
5006 37.77392587457149 -122.48054563106204
5007 37.73515431300201 -122.3762418492695
5008 37.714421416421324 -122.47889326804953
5009 37.75618842299172 -122.47835960069712
5010 37.7712045341888 -122.4481810736194
5011 37.77271675404017 -122.50724127531801
5012 37.713097710735234 -122.47109079014383
5013 37.78881858705945 -122.40976793673016
5014 37.77524316167651 -122.42331968033324
5015 37.70862812325316 -122.42919244276243
5016 37.71313450992436 -122.3808970621191
5017 37.78889921768237 -122.43922527256233
5018 37.735579609489186 -122.42788624482432
5019 37.768525861491064 -122.49300100398925
5020 37.78259344410727 -122.4650411507423
5021 37.761804838042394 -122.39472912173896
5022 37.735818104708834 -122.4704755315082
5023 37.78961553359259 -122.45366516730265
5024 37.77094224720524 -122.46875194416582
5025 37.710740305681625 -122.44483256125739
5026 37.717915166143115 -122.42532175344033
5027 37.79477410690523 -122.4288204406848
5028 37.79085683652348 -122.41231459172846
5029 37.74621964331165 -122.42419626719497
5030 37.730790474761676 -122.46950945382936
5031 37.73345869276346 -122.44972807257614
5032 37.72737320450072 -122.44212665040747
5033 37.78125301581326 -122.39515712607317
5034 37.72297602609022 -122.36244689277761
5035 37.71026699933793 -122.44593494559255
5036 37.72246195351016 -122.4793600257229
5037 37.74199030291148 -122.42388239477931
5038 37.732644526892656 -122.47493318726924
5039 37.763210003276726 -122.41885125950088
5040 37.78503168260195 -122.50195133034154
5041 37.78520895537299 -122.5048053733167
5042 37.805573743267736 -122.43842913421408
5043 37.7795372985494 -122.50058231072252
5044 37.729546079125846 -122.37673055271316
5045 37.76113342794612 -122.46073443125556
5046 37.74040997724854 -122.41189930809807
5047 37.725996532010676 -122.49478041396557
5048 37.78054543551914 -122.43948748173516
5049 37.73040554763803 -122.41591856013224
5050 37.7869540673063 -122.41506936329827
5051 37.74477102312757 -122.42300867915682
5052 37.792757764267975 -122.39763429278263
5053 37.71235433994759 -122.48929595770655
5054 37.72413034494876 -122.37886969426235
5055 37.78690155957148 -122.4219981101787
5056 37.75692035715126 -122.44442624251342
5057 37.74846225110954 -122.39703438018486
5058 37.752933859294394 -122.40688454281383
5059 37.727640114078106 -122.47639620253575
5060 37.80497009222422 -122.41967198841331
5061 37.739788828127665 -122.46786281823965
5062 37.78285948287938 -122.38939667167442
5063 37.71432499555491 -122.49341508993565
5064 37.78751660696308 -122.4863559775365
5065 37.72118913549588 -122.47600905195654
5066 37.7290742987579 -122.44995300952816
5067 37.72802151741394 -122.4808937625409
5068 37.7363966300827 -122.45095886380129
5069 37.77160064151646 -122.45186842637936
5070 37.749319637038845 -122.50782053194905
5071 37.74293990992761 -122.44838985536641
5072 37.800329186496974 -122.45132687450243
5073 37.70882711338699 -122.39874907797407
5074 37.77343179538749 -122.46601125554191
5075 37.73768810878375 -122.49512761451278
5076 37.77207678216301 -122.43656230218035
5077 37.73484109998901 -122.43022819748926
5078 37.77488776765348 -122.5010630343659
5079 37.75638770533693 -122.50136439181988
5080 37.72064382893954 -122.39769542176289
5081 37.71183697716757 -122.49967710164186
5082 37.72160656631684 -122.45078646367017
5083 37.713335383465655 -122.44296509775693
5084 37.72136634733773 -122.46768286049044
5085 37.72493289703986 -122.37344436111233
5086 37.77272035954562 -122.45537399279647
5087 37.73629763487754 -122.46356673725498
5088 37.78499643825766 -122.50740505374776
5089 37.71878365436847 -122.49608089946493
5090 37.713630696378644 -122.38450323873512
5091 37.73164929695442 -122.462294313316
5092 37.74572969881747 -122.39629014008817
5093 37.79540376983226 -122.39365789618161
5094 37.74310434620227 -122.4322013024325
5095 37.733995971408255 -122.4763389544597
5096 37.774272165360436 -122.41272267760041
5097 37.72667015494023 -122.48278423859722
5098 37.77339144246212 -122.43855585540983
5099 37.78025229689507 -122.46543258001448
5100 37.77516813420869 -122.49323104756516
5101 37.74124147136256 -122.50141848898771
5102 37.728128947385486 -122.39748230073445
5103 37.76473047864113 -122.49192296002546
5104 37.80538805993511 -122.45424240911518
5105 37.71327735187999 -122.39564298978142
5106 37.79207021387069 -122.45055790871504
5107 37.721973000904555 -122.40439191746405
5108 37.744968001202665 -122.38016589530028
5109 37.79352185094035 -122.45412443259434
5110 37.741010598701045 -122.47837109664592
5111 37.73568767418878 -122.4500884613616
5112 37.743572179445515 -122.47189549338025
5113 37.71209883820417 -122.39574214354442
5114 37.75522267601938 -122.39811428926255
5115 37.72617988847919 -122.37242949433977
5116 37.78707546168494 -122.44937343136829
5117 37.744214423803285 -122.41727816589795
5118 37.76617729682202 -122.4064164127623
5119 37.79126790129954 -122.4823762547103
5120 37.7118069797419 -122.48169951407154
5121 37.788557980726495 -122.386351235096
5122 37.75591417835127 -122.4350257429982
5123 37.721759201714626 -122.44817974885649
5124 37.727804784951935 -122.47688839036738
5125 37.725847412072916 -122.50320385948764
5126 37.74274368702676 -122.48948629448792
5127 37.763426534775604 -122.42463315041499
5128 37.762618954670565 -122.43351479947239
5129 37.784718988065194 -122.4873959211705
5130 37.76494106381708 -122.45347627715198
5131 37.7095298167775 -122.43641380599725
5132 37.713338833885736 -122.4258624537606
5133 37.728481021241414 -122.4042230389262
5134 37.762914070294386 -122.46682372025465
5135 37.778862490583066 -122.48583331701887
5136 37.75056911251832 -122.48755168005933
5137 37.717447693822464 -122.49644172307868
5138 37.71899458592678 -122.49456903510237
5139 37.75750650741088 -122.42487346514386
5140 37.74104530641645 -122.38964210577436
5141 37.73111555296669 -122.49449651398234
5142 37.79121390609726 -122.4719906115356
5143 37.721267076558796 -122.43735963672515
5144 37.77113134162343 -122.414262888478
5145 37.725419889085046 -122.46698019572105
5146 37.71462454460647 -122.4727039477284
5147 37.79584536448018 -122.4186854657776
5148 37.80054263473217 -122.4041944430282
5149 37.72580908773729 -122.48412602070603
5150 37.71821719046332 -122.41954063317577
5151 37.74388183198423 -122.49198754493628
5152 37.74555458163989 -122.38238415564769
5153 37.715991901406724 -122.40243344190038
5154 37.78798538965413 -122.44594566789804
5155 37.75360819943524 -122.43426650533925
5156 37.76665595683387 -122.4634516522055
5157 37.74021308967884 -122.44187179882326
5158 37.752107558958436 -122.42937293739088
5159 37.72876585864679 -122.48219878336823
5160 37.776818225011176 -122.47300354794955
5161 37.78176676211322 -122.47326044769218
5162 37.72443499591666 -122.42599156860366
5163 37.78706765385496 -122.41605757077369
5164 37.74118773481719 -122.47612897786078
5165 37.71907739431994 -122.49885267755464
5166 37.74980314562553 -122.40157675426832
5167 37.802570317243564 -122.40922341717419
5168 37.73291610004049 -122.50435479848659
5169 37.770776994420544 -122.46742657258277
5170 37.71939202291209 -122.48572628915464
5171 37.74958952910502 -122.50891710531307
5172 37.74439256950173 -122.44954252390959
5173 37.732240511619636 -122.48143551817901
5174 37.717420454615386 -122.45391798794228
5175 37.792402853146065 -122.41564139260623
5176 37.713828796680474 -122.49977327823284
5177 37.79962549125262 -122.47263119538538
5178 37.76596301655533 -122.409600861576
5179 37.7373232558469 -122.4680100569654
5180 37.74473835484463 -122.41722990333434
5181 37.77746579626897 -122.46898017163484
5182 37.71146726466172 -122.46508630694188
5183 37.73158331074953 -122.38857411986955
5184 37.72431575835093 -122.40239048934704
5185 37.77454397994517 -122.44938380760442
5186 37.74536079902007 -122.4129616821021
5187 37.71105026153999 -122.46968215039844
5188 37.72263822172341 -122.43534550217628
5189 37.745400438612485 -122.46869702736542
5190 37.718423655535545 -122.42711083811221
5191 37.76788640017447 -122.4307680344928
5192 37.71220438602687 -122.4872585014159
5193 37.72136491998793 -122.40484039995556
5194 37.73006361427089 -122.4545650274618
5195 37.77889471008541 -122.45935637728272
5196 37.79939768152064 -122.40596464603352
5197 37.709278283863256 -122.47276440104287
5198 37.78824344208981 -122.45714021376386
5199 37.78587118241663 -122.49821950854154
5200 37.782885505642824 -122.48081363016449
5201 37.74970654488467 -122.50499548101634
5202 37.802405897884626 -122.45396845992778
5203 37.72465805206622 -122.45611535540783
5204 37.728279505339025 -122.47941076717183
5205 37.76004035129688 -122.50539956205866
5206 37.77153595197012 -122.44323256444922
5207 37.73036018638914 -122.36364230296938
5208 37.71039442699691 -122.44110334617743
5209 37.78862812515081 -122.39128273383972
5210 37.72069835081536 -122.48599422466046
5211 37.71449318361348 -122.44825717946685
5212 37.72098773929395 -122.44547034997488
5213 37.79634835626209 -122.46863560327081
5214 37.796277234768006 -122.43748080232386
5215 37.72030332131703 -122.45474662265865
5216 37.78349038889275 -122.4902806985288
5217 37.78286879153155 -122.42874832549651
5218 37.73813954923905 -122.46934256625137
5219 37.73714113044665 -122.50584166657222
5220 37.71581390692718 -122.38244026915986
5221 37.728059317011564 -122.41869187577106
5222 37.71017934468232 -122.44976187772981
5223 37.77061584731386 -122.44510081317243
5224 37.74151774888338 -122.4278806384702
5225 37.7273961665965 -122.49999362294784
5226 37.717406470558956 -122.48347038749418
5227 37.80178816762726 -122.47679156472456
5228 37.79383238438061 -122.48284449197752
5229 37.71893246808175 -122.41374445168067
5230 37.79343978387877 -122.41066246279209
5231 37.719966529843774 -122.4259099901351
5232 37.73102931367063 -122.45722304447735
5233 37.79795009988319 -122.47953505575805
5234 37.780518711706556 -122.48145270821
5235 37.789727268924764 -122.47127402694824
5236 37.70995288153941 -122.38829385108919
5237 37.729902876278594 -122.4193329757207
5238 37.7491243120606 -122.50469918472848
5239 37.72039316580607 -122.40444338191035
5240 37.78312567211741 -122.50766457076473
5241 37.72213460326353 -122.37405391783291
5242 37.7163325343832 -122.40058045830443
5243 37.7831897104327 -122.4566950034584
5244 37.755014950913946 -122.49004003046592
5245 37.729745508960356 -122.48319113751978
5246 37.78247663238533 -122.51159173454832
5247 37.7141569615785 -122.4389139355858
5248 37.70957720945851 -122.3878516138714
5249 37.71853354243379 -122.50323938422395
5250 37.77378009987769 -122.41019180756584
5251 37.740460328737086 -122.48235118933349
5252 37.71536777837466 -122.37756224806893
5253 37.71579265818579 -122.4294602490957
5254 37.76660271694525 -122.39017001888685
5255 37.74301742164244 -122.49441612158742
5256 37.8065351280949 -122.42371875280277
5257 37.75562315971488 -122.49633243857451
5258 37.73321631174367 -122.48111966856649
5259 37.78916815443454 -122.39529935000539
5260 37.761352249620735 -122.46755941645227
5261 37.71293048429393 -122.42495056865351
5262 37.73309320311005 -122.41273899323528
5263 37.79034665255631 -122.46062559233019
5264 37.732016426103435 -122.45764993363774
5265 37.73899110729713 -122.37589621839543
5266 37.718786151863284 -122.39021584159823
5267 37.76283434198003 -122.41210777339921
5268 37.741203866753494 -122.4090687136484
5269 37.71962204792486 -122.3679002236169
5270 37.742461956482465 -122.43305734704845
5271 37.8012044055652 -122.40154058677177
5272 37.77699538632623 -122.48964194310287
5273 37.73330821228554 -122.45351033909917
5274 37.799210491459334 -122.47178843649897
5275 37.77661308666539 -122.45446750099
5276 37.771298182076464 -122.46469597151223
5277 37.7954307916358 -122.472405358089
5278 37.71339919493056 -122.45714556415135
5279 37.76017329374757 -122.47439359237472
5280 37.72010227451839 -122.43768816835073
5281 37.71019540943973 -122.40401230579464
5282 37.723636416083686 -122.46828965275529
5283 37.7253336070483 -122.39207361305851
5284 37.72370381859904 -122.3619589790779
5285 37.77753949934562 -122.40426537678995
5286 37.778834113102995 -122.38914479390841
5287 37.73927174878393 -122.38109327838683
5288 37.76617214720185 -122.43656194901257
5289 37.73395099305714 -122.42616633304549
5290 37.746682703232715 -122.47637117516648
5291 37.73545589530341 -122.39335287996929
5292 37.76044030830098 -122.43559393532742
5293 37.758031484515136 -122.42221333968604
5294 37.72331993238333 -122.50230143358232
5295 37.73059802559586 -122.44093224309778
5296 37.78953079421682 -122.41712611269699
5297 37.72779906136151 -122.37590838114986
5298 37.77056567660357 -122.43785140951033
5299 37.77824186081401 -122.43678516114403
5300 37.76299836706396 -122.38877883092034
5301 37.77719880437965 -122.42835284716428
5302 37.772489853357605 -122.4335306143831
5303 37.73806590005432 -122.39824750524953
5304 37.77126234586115 -122.51059826229948
5305 37.72347963679343 -122.4860078521605
5306 37.74744554470979 -122.43533807871964
5307 37.71000224104489 -122.40826243452464
5308 37.790495125419795 -122.3997053019019
5309 37.70946204111858 -122.46366791058198
5310 37.7104918008649 -122.40320684395184
5311 37.75167520688939 -122.39535995408563
5312 37.78630065253474 -122.42006559347527
5313 37.77235486174413 -122.39187932332888
5314 37.71811956670316 -122.43545681682829
5315 37.71994136238594 -122.4299212290818
5316 37.7818875093517 -122.49321365007913
5317 37.75504762298302 -122.49813365402613
5318 37.71566408181616 -122.40917256966875
5319 37.7346685732119 -122.40802993261669
5320 37.744055984142065 -122.4143724344887
5321 37.79862314258856 -122.43691871031815
5322 37.74950238375378 -122.44336947882165
5323 37.737319173370445 -122.39554260772252
5324 37.79463091210088 -122.41193543381506
5325 37.79489094223213 -122.440578361447
5326 37.76258952560244 -122.4623090734612
5327 37.765077632275755 -122.41426113501916
5328 37.71912034736039 -122.49205181419559
5329 37.76680269557746 -122.42358718391168
5330 37.70962385334628 -122.46898406109337
5331 37.76341415243316 -122.44774804368987
5332 37.72321463011719 -122.37165472633197
5333 37.740444698460834 -122.49653255942341
5334 37.78487272858899 -122.50679713421889
5335 37.73142700563706 -122.4293829423753
5336 37.75421845339785 -122.40658526941282
5337 37.743810030836755 -122.50205349480265
5338 37.74820682468212 -122.415899198336
5339 37.73361659602232 -122.42647273849038
5340 37.760469171573 -122.50091466566512
5341 37.72297982593709 -122.49275668022358
5342 37.771828214833626 -122.4946113712348
5343 37.75341102103559 -122.44105393655444
5344 37.74867093180575 -122.38874367291808
5345 37.744212416829036 -122.38270717193261
5346 37.71811618866639 -122.38595729933172
5347 37.79841022822693 -122.45591241804924
5348 37.711207099209226 -122.48523328465839
5349 37.78607869252704 -122.48023455431768
5350 37.745873385896616 -122.40138961436365
5351 37.713886768356026 -122.39864180014725
5352 37.74131621768408 -122.412904880625
5353 37.75354030472558 -122.40176435179632
5354 37.70965334865682 -122.44259963527354
5355 37.73565616806957 -122.50339280269951
5356 37.71415164915192 -122.40159868446425
5357 37.72588403113105 -122.39468547824146
5358 37.72124169466445 -122.4855487008831
5359 37.74641643858689 -122.47896563096911
5360 37.795660693473636 -122.40107789133053
5361 37.7859061378333 -122.41474088442247
5362 37.778761783676664 -122.44889204069308
5363 37.74691263257111 -122.47179237677082
5364 37.72865718450149 -122.40438875546644
5365 37.7679525804373 -122.38435776116603
5366 37.79401013425705 -122.4701257341612
5367 37.761623318443554 -122.39868466210086
5368 37.79574429006429 -122.46858238437227
5369 37.73932646066879 -122.42406026019891
5370 37.717077207796 -122.49172201221312
5371 37.80123259276036 -122.43493156747331
5372 37.73045978214824 -122.48370773878048
5373 37.78865670530748 -122.46769847446764
5374 37.77477172344865 -122.50195582646796
5375 37.72220788831661 -122.40597721443491
5376 37.7109096019238 -122.47719239195833
5377 37.74257793544071 -122.44496215763421
5378 37.80822388109966 -122.43127415941146
5379 37.757773477290584 -122.3879301691059
5380 37.724461817154875 -122.47087786308134
5381 37.71348954216146 -122.44119470830478
5382 37.75995354196371 -122.45485984685976
5383 37.78531785143968 -122.39833697570532
5384 37.73904981049261 -122.49509874865593
5385 37.78332245228996 -122.48344676768656
5386 37.80515279438917 -122.47614337094281
5387 37.72545693817747 -122.49358550312786
5388 37.804814557324015 -122.42696072990859
5389 37.721717928616954 -122.4998759220608
5390 37.74746559161879 -122.43204329012312
5391 37.73813833122216 -122.44977610325046
5392 37.76563893613113 -122.39860242009028
5393 37.712140466471574 -122.45910490582683
5394 37.78929494016198 -122.43506470300717
5395 37.72644226612937 -122.48064734187066
5396 37.77762424544584 -122.42916070674978
5397 37.72539966597192 -122.36354242317063
5398 37.72248422740535 -122.40175838348131
5399 37.74160113326041 -122.40457006916313
5400 37.79413164564431 -122.41954086842811
5401 37.74266042239842 -122.41258766862359
5402 37.734841689512265 -122.4230209836307
5403 37.74002247498981 -122.37634193721483
5404 37.708847809078975 -122.4802953701009
5405 37.73231898173091 -122.43907504137981
5406 37.73586596985994 -122.50559851615624
5407 37.74744326775268 -122.42578815586639
5408 37.73464304177535 -122.4787698714901
5409 37.768409635820525 -122.50559714515664
5410 37.725882878015106 -122.47222478498543
5411 37.77943238874463 -122.42620808745663
5412 37.72572663651377 -122.47403362292935
5413 37.73406526799376 -122.40970087256677
5414 37.72721772307457 -122.39479701351127
5415 37.772725279753146 -122.44388476613057
5416 37.7578329123311 -122.3934455629374
5417 37.7796958714504 -122.51382348481381
5418 37.75928504050695 -122.39121555706116
5419 37.782626124894854 -122.46027303879322
5420 37.75511812390731 -122.44586509691169
5421 37.75599000006845 -122.4865396744771
5422 37.763821728074966 -122.50226975860939
5423 37.73233957828706 -122.37406368467202
5424 37.793814172322186 -122.43287635476409
5425 37.75422660292884 -122.43551905039938
5426 37.78369040553982 -122.40235761789413
5427 37.80431006694621 -122.47609272601237
5428 37.79338167768105 -122.47836833854933
5429 37.760751574147875 -122.38977891549037
5430 37.79188437478892 -122.41791216307956
5431 37.755747661943985 -122.42679362542319
5432 37.757247624526606 -122.50990173305581
5433 37.80193776793806 -122.44914654666844
5434 37.794686602870364 -122.4469385384758
5435 37.7121040619632 -122.4984488368875
5436 37.79480424371721 -122.46341552359006
5437 37.792967811297956 -122.43530067934846
5438 37.71602127426612 -122.46930345972004
5439 37.718580378036165 -122.45566755561605
5440 37.75331669227713 -122.46139238972036
5441 37.783045229597484 -122.47093882335813
5442 37.775072042502856 -122.47236199499619
5443 37.722972666243464 -122.36526035166685
5444 37.743757853582764 -122.39710634977101
5445 37.77127487564152 -122.49738463025956
5446 37.75732061561979 -122.48644156874266
5447 37.763800267496045 -122.43570458091493
5448 37.74631275089599 -122.42478306626798
5449 37.714403330170306 -122.44558937065749
5450 37.773364012472705 -122.45799509020343
5451 37.71461281189365 -122.39355467232485
5452 37.76755214752855 -122.41576319985765
5453 37.77225639101906 -122.46599674098734
5454 37.74990759750557 -122.40662755579137
5455 37.759981110677685 -122.40408232047814
5456 37.71734497493597 -122.43430452230457
5457 37.73989042952359 -122.46023984194863
5458 37.785067752150965 -122.42151391066939
5459 37.73292094127226 -122.50058638938715
5460 37.77644542914729 -122.4941858110801
5461 37.72852243928863 -122.3783102067645
5462 37.766500745517725 -122.50919385400299
5463 37.71333935513791 -122.43497985628315
5464 37.764725390032915 -122.50252180929564
5465 37.71896062503444 -122.49068223336465
5466 37.77127352218609 -122.45980668652825
5467 37.77610638488814 -122.41591468430164
5468 37.711793344104834 -122.46983321665003
5469 37.78164540779695 -122.39338738396329
5470 37.79836746700276 -122.40754929022269
5471 37.80545863007161 -122.40968038648064
5472 37.72344502060636 -122.39122688917352
5473 37.76670337617719 -122.482914917282
5474 37.77381085619052 -122.50164030816656
5475 37.755323871505304 -122.45095521781023
5476 37.80082294852271 -122.41147773807064
5477 37.75459238905468 -122.41235598940034
5478 37.7583284641434 -122.41690617863738
5479 37.755597183881505 -122.39058583626543
5480 37.760411467211014 -122.45204629247556
5481 37.777593222899505 -122.4216917864127
5482 37.806901026906985 -122.47836958761398
5483 37.725896325199734 -122.36176701987176
5484 37.74813022196692 -122.44902976431878
5485 37.71949713789101 -122.36904006400187
5486 37.74829883183305 -122.43806690404725
5487 37.7489679097729 -122.43345146709402
5488 37.77210513722392 -122.44128469505586
5489 37.736843354029226 -122.50364104105563
5490 37.797025019546844 -122.43319832313294
5491 37.719718236224196 -122.45225629935491
5492 37.73210987785914 -122.41815785424976
5493 37.740775491538386 -122.39923031607216
5494 37.761475819149595 -122.50212746767073
5495 37.78712591418904 -122.49337637183568
5496 37.71110004943775 -122.38879965161075
5497 37.70888638945964 -122.45889884333893
5498 37.708247779814435 -122.44861358798853
5499 37.78674591846649 -122.48808493021863
5500 37.77055099051339 -122.47663410785127
5501 37.72296222862121 -122.36803379190134
5502 37.7440755477307 -122.49153260025003
5503 37.722593211584304 -122.36139974180368
5504 37.74314309195132 -122.43825814855275
5505 37.75151153315217 -122.38773061019488
5506 37.74632878412454 -122.3807682870985
5507 37.790989350287305 -122.47238132702208
5508 37.74655844566741 -122.40528009798619
5509 37.7603440007143 -122.47592072573701
5510 37.725284799124196 -122.46432645678415
5511 37.7490359345637 -122.39478069381995
5512 37.717559384316004 -122.41793128223148
5513 37.719299288177616 -122.49374767549239
5514 37.72214661806565 -122.40671914754249
5515 37.708759783965164 -122.44709149477968
5516 37.763575653596625 -122.42310368541469
5517 37.78368029844137 -122.4813756205761
5518 37.77496156216394 -122.49471361961025
5519 37.72858400877403 -122.43058626719072
5520 37.73399939717845 -122.4944478292797
5521 37.713024091870814 -122.45869911877617
5522 37.78792674129618 -122.45601451121622
5523 37.71309959657092 -122.47055864555041
5524 37.730472038907905 -122.43596581378289
5525 37.718508747795084 -122.42823631824166
5526 37.764960666659164 -122.45799559361727
5527 37.75441727982389 -122.45431376588851
5528 37.779626639238565 -122.4210157582592
5529 37.73019114706676 -122.48024615390582
5530 37.79342435094404 -122.43734889285554
5531 37.803568190101814 -122.42746900991389
5532 37.73280814211503 -122.49270541200998
5533 37.7809974575832 -122.44135891874964
5534 37.77167874107024 -122.40460965222425
5535 37.76574818010875 -122.45520499530026
5536 37.80101897193539 -122.42115473880241
5537 37.71577816205306 -122.37712623366569
5538 37.74097900174142 -122.46523543585373
5539 37.800192316423015 -122.42786660674533
5540 37.71828550232812 -122.4253914361154
5541 37.74788210579032 -122.46889435664664
5542 37.77230093057648 -122.42431783471939
5543 37.788794566828635 -122.43819661049852
5544 37.74961596462048 -122.47767419894741
5545 37.742969266988695 -122.41487100995568
5546 37.76405897996042 -122.40986218676375
5547 37.72604772122313 -122.46603876525474
5548 37.77621595804253 -122.46949482184341
5549 37.748436510429045 -122.46062589031372
5550 37.74272424562767 -122.44484203047344
5551 37.74073726205779 -122.48986911624608
5552 37.773311297774505 -122.50134944985466
5553 37.750878312036576 -122.3901092682733
5554 37.747590573615504 -122.44590261155729
5555 37.74342738738426 -122.44680589535918
5556 37.743966690258574 -122.49833244207841
5557 37.76281853138817 -122.49161374813399
5558 37.74929084755935 -122.50414969552115
5559 37.79132290558803 -122.42558807863439
5560 37.71120425749839 -122.40585984210995
5561 37.732013163495594 -122.36493520848089
5562 37.717632054821465 -122.49011499630598
5563 37.74442802931589 -122.4553959298125
5564 37.750897285135494 -122.46237356015449
5565 37.75365496857107 -122.47828483142277
5566 37.753674345443926 -122.4224525335326
5567 37.71617748085426 -122.39542980601757
5568 37.781159306148396 -122.42313403289033
5569 37.792070386669955 -122.45359770060794
5570 37.71897529971835 -122.47837024684918
5571 37.78161613393204 -122.39157852670746
5572 37.76666632422084 -122.41023133999634
5573 37.75556050893982 -122.42423050388929
5574 37.76856797765134 -122.49186205121788
5575 37.77594790235216 -122.4067542950742
5576 37.72406944961765 -122.39724588967677
5577 37.7351184460684 -122.3776195643124
5578 37.76022104569214 -122.42940953701934
5579 37.76495750793213 -122.50483409960272
5580 37.76651757828104 -122.44364485165208
5581 37.78362826169857 -122.4709253758735
5582 37.71187728630784 -122.40187611445741
5583 37.7604392280786 -122.43022188126497
5584 37.78349156677228 -122.43346403743224
5585 37.75458349859851 -122.46200437577353
5586 37.746225765185855 -122.48845058234535
5587 37.762536211580496 -122.42592423393243
5588 37.76631174873456 -122.49603895906529
5589 37.773791396271406 -122.39721731960776
5590 37.7516500247584 -122.47810238465874
5591 37.76097976647787 -122.39113695921088
5592 37.74772633995374 -122.40604146574287
5593 37.71861652923379 -122.39616722761515
5594 37.709466462351315 -122.41947339644028
5595 37.71818425219729 -122.50057009772682
5596 37.79827915094438 -122.4582039179469
5597 37.763720140938624 -122.4347693491762
5598 37.751435807457476 -122.3886102669528
5599 37.71065050097718 -122.4452072819147
5600 37.720003530216594 -122.49509357784683
5601 37.71826145941052 -122.48094845880989
5602 37.80174665687601 -122.47003639505333
5603 37.802373089919996 -122.48003175182055
5604 37.74549633777543 -122.42283687969673
5605 37.74192818864988 -122.3979666942205
5606 37.77376762248773 -122.48233648343346
5607 37.731319980926614 -122.39406598618777
5608 37.79269773453126 -122.42115430462901
5609 37.79320755988056 -122.40386294429615
5610 37.78952960535153 -122.45293859098474
5611 37.789041743544146 -122.46830447371073
5612 37.7719910112107 -122.44547689227404
5613 37.74726026542252 -122.49273424214006
5614 37.78070280385294 -122.4421413030845
5615 37.730165360607764 -122.4754073718262
5616 37.709604957848285 -122.39644293539436
5617 37.77933752202448 -122.45607130707383
5618 37.777987470943195 -122.40595247426583
5619 37.715246090339605 -122.49977070754734
5620 37.77790191745056 -122.40639442653529
5621 37.709128183557304 -122.44499983728291
5622 37.80687245343967 -122.40874183769901
5623 37.73055547216546 -122.47203718153885
5624 37.722279581072605 -122.45695085145661
5625 37.78623595649149 -122.42471002190074
5626 37.78557811921319 -122.41271251406418
5627 37.75609041141556 -122.4304733671114
5628 37.75101493683414 -122.38260533231866
5629 37.769232965573615 -122.44297363134783
5630 37.77296689067999 -122.42791630309978
5631 37.76286983859753 -122.49050790865203
5632 37.78879128726263 -122.43726247250774
5633 37.79124514882961 -122.48262178594166
5634 37.733845246906995 -122.44921120123654
5635 37.728974543619294 -122.44401433372906
5636 37.79680261660479 -122.41667920022685
5637 37.78931361495166 -122.42816631416301
5638 37.780593803942374 -122.44157131422675
5639 37.78265139500519 -122.47926379409908
5640 37.740103761079304 -122.37701762323036
5641 37.74212622161013 -122.44834719525814
5642 37.74871556590168 -122.3905276233993
5643 37.7606290925294 -122.39917131725888
5644 37.77152006928063 -122.5028737320816
5645 37.749382174317645 -122.45924676940223
5646 37.77920387969694 -122.50723511944432
5647 37.7932050636028 -122.44665519482763
5648 37.738121992937785 -122.40912042891168
5649 37.720855673300875 -122.4502164400938
5650 37.78165988336861 -122.3890063108969
5651 37.78516602723871 -122.42894700234885
5652 37.71160191832458 -122.47422636161177
5653 37.78129449644715 -122.41390897852757
5654 37.79700855098656 -122.43911835017482
5655 37.76022564706545 -122.43655384514825
5656 37.71746565441249 -122.45217962243372
5657 37.75269282090022 -122.4406971680912
5658 37.71054056465311 -122.45389799364199
5659 37.76778632805104 -122.47155056591674
5660 37.7549701821748 -122.41463650278845
5661 37.78856065174097 -122.42958023465876
5662 37.76080513272091 -122.50689649550482
5663 37.72387982874953 -122.49539517292848
5664 37.72123798868985 -122.48901818564138
5665 37.780997578988675 -122.41045755302189
5666 37.73826145280734 -122.38455880082036
5667 37.74591830415474 -122.4773850802377
5668 37.710379909504525 -122.43341045049307
5669 37.72655310054417 -122.47492259167801
5670 37.74398202379207 -122.4877118157626
5671 37.749395812725446 -122.47914554174966
5672 37.73561109794895 -122.48380542571003
5673 37.8051894369617 -122.46032233302681
5674 37.78382290575722 -122.46459040049923
5675 37.71240463646596 -122.42380353120845
5676 37.72175553956117 -122.45792179290207
5677 37.805899677918525 -122.47469709472865
5678 37.72465253412871 -122.49407385102025
5679 37.77849519856479 -122.38551734528657
5680 37.71964690314797 -122.49262106538193
5681 37.71832788577329 -122.43069250705622
5682 37.716949717369644 -122.50330418768395
5683 37.73647034639256 -122.41504630877009
5684 37.74494663944861 -122.45584291400837
5685 37.710151263745374 -122.4178778344659
5686 37.73906729223952 -122.46881022085992
5687 37.748409250693875 -122.42036049081786
5688 37.79409382039169 -122.41512396883472
5689 37.795248389488805 -122.48166556721432
5690 37.72761896327679 -122.42528830285843
5691 37.783908460036876 -122.39720486336502
5692 37.79073569090734 -122.41750123067727
5693 37.731526576028294 -122.41318961733111
5694 37.751874126671744 -122.44862098201708
5695 37.774447130724035 -122.46814601753441
5696 37.75407324877935 -122.49367099917525
5697 37.7878458259363 -122.50456331247275
5698 37.77006286625493 -122.38687725246737
5699 37.79342937767476 -122.40527337107908
5700 37.76013390548523 -122.40407378081707
5701 37.77640860750609 -122.38530783103934
5702 37.72484555325371 -122.39632359826327
5703 37.723279224443495 -122.40010141280322
5704 37.791122126972915 -122.41044231225999
5705 37.720513859135174 -122.41343557258475
5706 37.725465199543954 -122.47329636685481
5707 37.72361647416762 -122.47473852014873
5708 37.74684197683904 -122.41928174771233
5709 37.749400645577026 -122.49476612276179
5710 37.75247163131705 -122.3883069051737
5711 37.74114362765193 -122.42498895403362
5712 37.711470795182905 -122.3918878129927
5713 37.75125261974163 -122.43725742636104
5714 37.72965211468516 -122.42067619389879
5715 37.7796372922657 -122.39535277101403
5716 37.74637119266246 -122.50406909633472
5717 37.766108479319996 -122.45826483162155
5718 37.74739766159303 -122.45793016082608
5719 37.722999044353614 -122.4697917889252
5720 37.765329933072124 -122.47444104176041
5721 37.760993025837024 -122.46117708946036
5722 37.78875624983234 -122.45498032154808
5723 37.7498405278004 -122.4598206275383
5724 37.7381398537715 -122.37945901343147
5725 37.72046079738504 -122.39868088948724
5726 37.77367459680441 -122.41355484521209
5727 37.78905326872685 -122.45922775874057
5728 37.72214652270631 -122.46877485996305
5729 37.759550195079356 -122.4676582745375
5730 37.73066232499261 -122.47533375563233
5731 37.72860860018081 -122.50013479052681
5732 37.78964973957741 -122.41329511284965
5733 37.746095408442315 -122.48198434133964
5734 37.746610008664575 -122.48313238032986
5735 37.7463147748589 -122.42664113094754
5736 37.78856107184711 -122.44591774032845
5737 37.752976976686874 -122.49080867722395
5738 37.72416351654959 -122.49475024045934
5739 37.80738834671727 -122.4155859471389
5740 37.77398718784281 -122.40212708421159
5741 37.748609973039464 -122.50708074677398
5742 37.75966839324535 -122.49747224597589
5743 37.78151234782577 -122.44042260138711
5744 37.80031073376018 -122.4318039224872
5745 37.7456478583823 -122.4527180538664
5746 37.80205677785864 -122.39961513454668
5747 37.75531132219842 -122.4751425344355
5748 37.75318447001505 -122.47593685436135
5749 37.77129941314537 -122.41872884003834
5750 37.773063902400644 -122.46311789542278
5751 37.77860513167047 -122.48222876741073
5752 37.72808179377426 -122.44833255812631
5753 37.761288909041966 -122.39721056868983
5754 37.728560541018446 -122.42968297460496
5755 37.74818014801732 -122.50274870539914
5756 37.724561845831715 -122.43072487502448
5757 37.79542787887308 -122.42577387300375
5758 37.761261487309866 -122.38961606382838
5759 37.76101506016644 -122.39623178318472
5760 37.74549089400714 -122.50277006999532
5761 37.798867686034654 -122.45809106212786
5762 37.77321670144844 -122.39512162389462
5763 37.78812482089669 -122.39889887689277
5764 37.77163318389838 -122.48653012674484
5765 37.733559554913995 -122.45646933541279
5766 37.79854078050133 -122.40020091822299
5767 37.72018015667869 -122.3659466384296
5768 37.782817219258554 -122.4663202943923
5769 37.7524732922077 -122.45971843217659
5770 37.73204379534447 -122.37928858833861
5771 37.78587107939256 -122.46818753014801
5772 37.738333391771164 -122.43005041849115
5773 37.79791262283431 -122.42700936402832
5774 37.78313089051136 -122.43279018762188
5775 37.7319374018933 -122.36973750083453
5776 37.799661159011634 -122.48179621649723
5777 37.78155203296522 -122.4471368013047
5778 37.78172144578889 -122.40777912440639
5779 37.75227329256787 -122.40534120970545
5780 37.73259393830537 -122.4916707032747
5781 37.7844850313025 -122.49148686027166
5782 37.78624093258368 -122.50427833381967
5783 37.75735365757756 -122.46514785220364
5784 37.72219307243053 -122.45929670343506
5785 37.747835626508504 -122.46533403828785
5786 37.722375287357735 -122.42630071324602
5787 37.79897651130471 -122.42857597437698
5788 37.71463804510538 -122.39300581886991
5789 37.738904958224836 -122.43187513447782
5790 37.75212396060418 -122.41084541607778
5791 37.794648807853775 -122.42036309330153
5792 37.760316976106985 -122.47196785436817
5793 37.77614045240809 -122.39338689819509
5794 37.770855057703216 -122.46248226666016
5795 37.74902671904916 -122.42873067524617
5796 37.74750004123153 -122.40788484131313
5797 37.78059024706731 -122.4833199909952
5798 37.74663951535961 -122.49081535371849
5799 37.72309963864588 -122.49366480662292
5800 37.784605335149536 -122.41654349731299
5801 37.751770651598044 -122.40621600078427
5802 37.764524618318866 -122.44732841849083
5803 37.74553997157882 -122.39270605211408
5804 37.763004736843534 -122.43720172472761
5805 37.786626675076626 -122.45131445501238
5806 37.78239798430881 -122.46070026896007
5807 37.77654003397505 -122.5009758407959
5808 37.75017988068302 -122.48095366268088
5809 37.76786141074579 -122.49078242937806
5810 37.71591946014853 -122.41755234991655
5811 37.808221263448644 -122.41036934956367
5812 37.71761202205022 -122.38578460266847
5813 37.75912964272255 -122.4033199879515
5814 37.73173031161803 -122.48586970990102
5815 37.76005731849431 -122.42459503185646
5816 37.72434412402939 -122.4705759682461
5817 37.7344177391972 -122.4219568553787
5818 37.753343185883956 -122.42634528276878
5819 37.78361758512914 -122.41812985753968
5820 37.71323042815253 -122.3813191496441
5821 37.71688426419612 -122.39298615405353
5822 37.774473240721015 -122.3919513177675
5823 37.7163179442688 -122.48115949547221
5824 37.76307291630067 -122.41257750269531
5825 37.76051647626014 -122.48469170727401
5826 37.74884269703447 -122.47058957744984
5827 37.75095148688876 -122.40593198784005
5828 37.78649909608677 -122.47540134203742
5829 37.72487975448446 -122.43814690042915
5830 37.720091647911346 -122.39312137485386
5831 37.77518492229443 -122.44211080256692
5832 37.79579346987116 -122.46216925579861
5833 37.76974111259551 -122.42405306693786
5834 37.75264731745316 -122.42353805776287
5835 37.74295280025736 -122.49469997115665
5836 37.76236573138413 -122.46138535139754
5837 37.77018446307854 -122.49341499689898
5838 37.75607414223204 -122.49155504331027
5839 37.756474099695964 -122.45667493301981
5840 37.72057140993741 -122.48451355032985
5841 37.71099462702423 -122.48064939464585
5842 37.75464392114637 -122.5084184082656
5843 37.73116049092713 -122.38311682782839
5844 37.74551054541427 -122.45099342551039
5845 37.80809607016807 -122.41651967793223
5846 37.74681554448411 -122.41416767418865
5847 37.71159216859938 -122.44936946505263
5848 37.72805147299849 -122.38619886697148
5849 37.727170521219804 -122.4308277134997
5850 37.776963629485365 -122.49662949288391
5851 37.74250626084982 -122.49739084910064
5852 37.728822840211244 -122.36064875920643
5853 37.725944376162936 -122.41305241284489
5854 37.76922180877465 -122.44242633240553
5855 37.7550835237069 -122.4341201653992
5856 37.76072925876942 -122.45870796620927
5857 37.7662427864957 -122.4878620338115
5858 37.72725300917756 -122.3714160369341
5859 37.76545744299942 -122.44805427196947
5860 37.746554828670725 -122.42590746180694
5861 37.8006732041561 -122.47420305324579
5862 37.75490286582041 -122.5071642103163
5863 37.770913171217536 -122.50829271616105
5864 37.784412792316715 -122.49505305660706
5865 37.75572911069878 -122.43818297006058
5866 37.74548483841343 -122.47114604804227
5867 37.71534227093735 -122.45039685877649
5868 37.801928558094964 -122.42483174091575
5869 37.75601808276379 -122.42271111301338
5870 37.76177581364021 -122.4020121043043
5871 37.78857388550445 -122.4185903102254
5872 37.786070409359624 -122.47442844196442
5873 37.77525714009567 -122.46700318204117
5874 37.78501997964306 -122.40555923626587
5875 37.72932919896487 -122.36476197051223
5876 37.72848819988591 -122.46736102218054
5877 37.71651220558965 -122.40427783813155
5878 37.710474655985124 -122.4442980042026
5879 37.76837112067754 -122.47840719394966
5880 37.7510638507937 -122.38772910793263
5881 37.78057480104541 -122.43385258669474
5882 37.7212679884771 -122.41374513942226
5883 37.7986847264999 -122.48014740726326
5884 37.72854988873898 -122.44905730846114
5885 37.72729809410331 -122.39748221433622
5886 37.75891846011863 -122.41991367999077
5887 37.74716835731338 -122.48333523739514
5888 37.73745350932549 -122.48492556146083
5889 37.745240923536784 -122.37738908322942
5890 37.724423759330186 -122.50079219845138
5891 37.760183453103245 -122.4694016330178
5892 37.7576135370538 -122.45357184856664
5893 37.80288578028185 -122.41598410585969
5894 37.7351373097486 -122.45654930365791
5895 37.74975037224747 -122.43510254198065
5896 37.79046341258033 -122.39862419750058
5897 37.7323571974475 -122.36507658585637
5898 37.724205374980954 -122.47657275627213
5899 37.80833218796586 -122.47560420974386
5900 37.798304484616025 -122.46601842914765
5901 37.71944839621733 -122.41714083777265
5902 37.759475675119596 -122.4725841405657
5903 37.77961647843595 -122.49769728532912
5904 37.782490282660184 -122.4845011186358
5905 37.79319738847388 -122.47134787453763
5906 37.752565253488434 -122.4340806476698
5907 37.77321638633971 -122.44827983543887
5908 37.711837879493935 -122.44457950837698
5909 37.73412764650906 -122.49383591442376
5910 37.7294723970343 -122.36122561548235
5911 37.721302362028 -122.5010440484308
5912 37.78464010052096 -122.43849836571168
5913 37.71055135130677 -122.49559975591949
5914 37.73046967646154 -122.4872941174174
5915 37.79361724784462 -122.44042400944886
5916 37.74901182161578 -122.50653566606952
5917 37.755724117657564 -122.46794239479888
5918 37.74797561876318 -122.43999100987126
5919 37.712018484644595 -122.39141706782613
5920 37.730988058328606 -122.36321746977242
5921 37.738630295468205 -122.50245312147996
5922 37.755204663298215 -122.45094520094251
5923 37.73772640060934 -122.39963590169133
5924 37.757976947730164 -122.40259439711716
5925 37.73137010161221 -122.41761011728929
5926 37.716344517736104 -122.48717228389607
5927 37.756299507487505 -122.47615650705804
5928 37.771223988410455 -122.39712466975023
5929 37.80335355517203 -122.400009647596
5930 37.802218958417996 -122.4004937872875
5931 37.762941456065995 -122.46688535795407
5932 37.78853823940597 -122.47112321750397
5933 37.727784211142875 -122.496388411802
5934 37.767295572346214 -122.45240292557861
5935 37.722140060934265 -122.47312060821555
5936 37.73145976700532 -122.38517466505344
5937 37.71241777048144 -122.42322827209748
5938 37.75172077495717 -122.38613740675993
5939 37.80074392420554 -122.40997362280744
5940 37.76848580145568 -122.39470845014417
5941 37.72738138912323 -122.35891144149426
5942 37.74890535228038 -122.401961056258
5943 37.735775832917305 -122.48309516502697
5944 37.77338151568793 -122.39203101332309
5945 37.71959306793069 -122.48280023811981
5946 37.80123291875772 -122.39848158832237
5947 37.73327219609993 -122.40040493383987
5948 37.80073411531956 -122.46749491602823
5949 37.71597977570484 -122.4501148404468
5950 37.7279077584426 -122.36519715199705
5951 37.76987392326078 -122.48270006152593
5952 37.78837682598731 -122.43984234939951
5953 37.72220740002971 -122.45779128468429
5954 37.721728185740474 -122.3726847070672
5955 37.80467135652963 -122.41020139911411
5956 37.7128301697337 -122.37955519269043
5957 37.735069719334746 -122.49825492135191
5958 37.79046548439893 -122.38834430620734
5959 37.71058077744996 -122.50309868534526
5960 37.79372166653836 -122.44752019528661
5961 37.75513956336504 -122.43550855837019
5962 37.75440171286669 -122.41124706541561
5963 37.766932587638756 -122.40942432437022
5964 37.78724275994549 -122.45161149710714
5965 37.771746214850815 -122.44191644130446
5966 37.7433532710542 -122.37897543836353
5967 37.75792227667418 -122.50495279341362
5968 37.76715030509444 -122.46673693256133
5969 37.79108732690911 -122.43454405470123
5970 37.720534198631384 -122.47783988101668
5971 37.71232718404023 -122.47011554512186
5972 37.70883569156166 -122.40182397080027
5973 37.79377822564751 -122.45869612424094
5974 37.756615698767945 -122.42745038477985
5975 37.77431182771289 -122.47265888814151
5976 37.774300027177155 -122.41427811503178
5977 37.803152865188764 -122.44421100365362
5978 37.726527792696295 -122.46577567893416
5979 37.79969355308232 -122.4085661728993
5980 37.7620818500126 -122.38816294629808
5981 37.73093424289227 -122.3807176584068
5982 37.74384797423929 -122.47808214276586
5983 37.76005151143697 -122.49947916968353
5984 37.7638223697069 -122.4037772855484
5985 37.71310138564785 -122.40457713885802
5986 37.766806657866105 -122.42306094501573
5987 37.800460041498745 -122.45496222759658
5988 37.79962964483934 -122.45613155513827
5989 37.73716154865263 -122.48168859605352
5990 37.79948765548364 -122.4594500350157
5991 37.764757724822935 -122.40957920731113
5992 37.764188871441846 -122.41020785593803
5993 37.75548990118621 -122.49826930056001
5994 37.76812545245418 -122.46551879799019
5995 37.73594815291719 -122.43394693672106
5996 37.78956561294431 -122.43252352093195
5997 37.7946301289829 -122.47571118479753
5998 37.78055111528049 -122.50220708427929
5999 37.783517990653756 -122.43251634500767
6000 37.74918576068516 -122.48297731824505
6001 37.73939938911483 -122.42362453762131
6002 37.7620221517819 -122.4469414616903
6003 37.729635972475336 -122.36837755060293
6004 37.76176503618594 -122.49780072743981
6005 37.77047051947362 -122.48958334154321
6006 37.794655974513624 -122.39459339870052
6007 37.78255484505615 -122.45253914506844
6008 37.72998292299011 -122.42875374935652
6009 37.751918568932304 -122.4542417320933
6010 37.71026000558571 -122.40643556654842
6011 37.7376979776384 -122.39823331076067
6012 37.70913131183346 -122.46422560336985
6013 37.77626506028404 -122.44362836219015
6014 37.713894005780794 -122.38671848507236
6015 37.78590211545384 -122.3950617036203
6016 37.79793080183561 -122.39503186508114
6017 37.75730557927418 -122.45570771824413
6018 37.741576521827355 -122.39475134560004
6019 37.720799972700334 -122.38449717943949
6020 37.748603152336464 -122.4837108217064
6021 37.73461077475286 -122.41883466116181
6022 37.734424475195084 -122.45292464201775
6023 37.75680442589282 -122.49100238512652
6024 37.764718962399854 -122.47830740076961
6025 37.786538627538434 -122.4395440000403
6026 37.79996229433617 -122.44737661462723
6027 37.788345869749435 -122.426243537208
6028 37.77649356619966 -122.50289495841096
6029 37.749691247556896 -122.41538279091749
6030 37.74901127838735 -122.47140208819371
6031 37.801663723698816 -122.40137142470267
6032 37.72165299802103 -122.40469711556221
6033 37.79922052831299 -122.45509692025317
6034 37.75675255205844 -122.48830088427431
6035 37.73551896495912 -122.44766716062554
6036 37.7757025697656 -122.40424968664132
6037 37.77602454329968 -122.38988437025475
6038 37.73005202707419 -122.48881566862875
6039 37.73254881769437 -122.40317523369986
6040 37.744358154398775 -122.46958591192049
6041 37.77925479071278 -122.47776771096447
6042 37.774504617389596 -122.50837604415204
6043 37.75970921224222 -122.47899982082504
6044 37.76988285862147 -122.39270812339952
6045 37.77048907423929 -122.47234040166656
6046 37.720898059688245 -122.49872741962842
6047 37.74101289130507 -122.50032984792185
6048 37.78837064842273 -122.50018995818657
6049 37.739868758292104 -122.37934552621711
6050 37.799679614118695 -122.44419737190664
6051 37.71001079246434 -122.39886732133046
6052 37.7316141036589 -122.4171782189515
6053 37.761768834102064 -122.41291147234085
6054 37.75133485998069 -122.42836031390839
6055 37.74967068961356 -122.3831218321655
6056 37.747223860272875 -122.46079810761489
6057 37.7878625647935 -122.47418002642517
6058 37.7126729103717 -122.46055647031726
6059 37.725199323389546 -122.47489193021163
6060 37.714786029659614 -122.48770816499757
6061 37.71853354124935 -122.49352658232652
6062 37.74802139161159 -122.49774981120295
6063 37.794632791237966 -122.41466431123234
6064 37.743085360461045 -122.42368446821334
6065 37.73142899425444 -122.3843519748523
6066 37.76512175586308 -122.46596106987971
6067 37.712487896069064 -122.4079824539404
6068 37.785176297164874 -122.4309910574603
6069 37.724996531448156 -122.39314596153697
6070 37.734914720380694 -122.42827512258266
6071 37.77002370624691 -122.4933255314624
6072 37.749481280988604 -122.42533076681455
6073 37.77800114945342 -122.39957194091235
6074 37.711373178271714 -122.4606860513736
6075 37.7935600962905 -122.43545721341707
6076 37.77294515693324 -122.42250344335433
6077 37.793471841812305 -122.40689121091627
6078 37.72100389138341 -122.4158158942654
6079 37.74710367592719 -122.40000862565668
6080 37.783125608272826 -122.41083208584527
6081 37.73071505751523 -122.47057484355538
6082 37.71100106407222 -122.42263196269055
6083 37.73188432552313 -122.48913775622015
6084 37.76263095195054 -122.39191574034707
6085 37.77141113892138 -122.44949835452623
6086 37.73003443383427 -122.40975739224422
6087 37.727576480388215 -122.41123081559688
6088 37.77200840809626 -122.45206943949752
6089 37.77373394346155 -122.45391706956627
6090 37.72421050665932 -122.43616145684511
6091 37.74756906959963 -122.46862149660585
6092 37.73290569263887 -122.42744439920821
6093 37.72171706568261 -122.38650975282125
6094 37.78253513971965 -122.50197699913295
6095 37.78657354782331 -122.43364582384874
6096 37.7439951267449 -122.49062485537266
6097 37.7842908152592 -122.49323599987004
6098 37.78897270845528 -122.41194837046562
6099 37.76761812034701 -122.45097880827828
6100 37.71761906680766 -122.49672610079075
6101 37.717063701578624 -122.47553290064783
6102 37.77677943982058 -122.4436388524234
6103 37.722006088198135 -122.43171957641698
6104 37.781365008483775 -122.486404522112
6105 37.76125441889437 -122.45248846227628
6106 37.76909834908436 -122.39584365239718
6107 37.746564031932365 -122.45703696913944
6108 37.751915448353216 -122.44982383896495
6109 37.73900373466303 -122.40644458929079
6110 37.73342331784879 -122.49853237949827
6111 37.73569653092524 -122.41921072774605
6112 37.75195652132303 -122.45335051625513
6113 37.75305997879139 -122.49675497066549
6114 37.73447575750211 -122.38300688314844
6115 37.74398771138153 -122.40390286953485
6116 37.72692794451085 -122.46878515695747
6117 37.74221973080144 -122.45337376691593
6118 37.70869786079409 -122.42010475508829
6119 37.754251556545505 -122.48361620551184
6120 37.770433894901856 -122.49440436161181
6121 37.71735352787262 -122.40579073115714
6122 37.76707151039452 -122.50630420383773
6123 37.72977282525832 -122.40441716164763
6124 37.78143183798673 -122.4044113429532
6125 37.72890776592326 -122.50049759355109
6126 37.795854551021904 -122.40735587109279
6127 37.75490243782164 -122.39912407155886
6128 37.753034396519645 -122.40413609233974
6129 37.76437421661676 -122.50767711570256
6130 37.804318154454194 -122.42801362746306
6131 37.71292351851809 -122.40174797780472
6132 37.78781964708521 -122.46264884425645
6133 37.79582292724804 -122.46545900199729
6134 37.713524496217985 -122.40311785271969
6135 37.73696541457357 -122.3938944580666
6136 37.7665394340652 -122.3994124072825
6137 37.76992436080333 -122.5013974922941
6138 37.73189888010384 -122.42515801341153
6139 37.77124940485784 -122.47638098851677
6140 37.72782043948525 -122.36650832290903
6141 37.794544326515066 -122.43097591979921
6142 37.779143257174965 -122.42423935886602
6143 37.8017873784269 -122.43464364732394
6144 37.75068219579378 -122.43709855423371
6145 37.74863919529557 -122.50226597573663
6146 37.76050313568869 -122.43064114728766
6147 37.722830565154545 -122.36238489919134
6148 37.74739067287907 -122.40553140091554
6149 37.76995937353128 -122.43306818981466
6150 37.75699978391843 -122.4817988033512
6151 37.770553989639026 -122.40411885823673
6152 37.7680957814104 -122.50264788862403
6153 37.74793739999435 -122.49102667189452
6154 37.80361101394104 -122.47861731277024
6155 37.80433280929418 -122.41426431952145
6156 37.7244267599873 -122.49597775673081
6157 37.799891024599575 -122.45758390374375
6158 37.78161932393821 -122.46168015148996
6159 37.79592044449747 -122.42432645479586
6160 37.804940194368456 -122.41919810836737
6161 37.80307845919538 -122.41653536315663
6162 37.77657767744558 -122.43151172457945
6163 37.74391437040932 -122.4768729311848
6164 37.74321609292987 -122.47358045492963
6165 37.79941772058665 -122.47876151781512
6166 37.791601476261626 -122.43113485303246
6167 37.72269622337411 -122.47568448192291
6168 37.75101067287173 -122.40439552827836
6169 37.718401057393535 -122.49749287435073
6170 37.71791946303476 -122.4695484399856
6171 37.759766918531525 -122.48394644863343
6172 37.71935858682411 -122.41519700976932
6173 37.747540175847 -122.40760628366137
6174 37.77932959942011 -122.40667053792102
6175 37.712326970760465 -122.41045828280747
6176 37.803802249717 -122.44183941763353
6177 37.77526611542016 -122.44025013987726
6178 37.73062721071741 -122.45538178370809
6179 37.71695040044231 -122.38818241076468
6180 37.75606880930496 -122.39673703122128
6181 37.7691640621152 -122.3954434086674
6182 37.76775178701668 -122.45909888828511
6183 37.77450646169059 -122.4992743708642
6184 37.796508572010275 -122.39688379862046
6185 37.719334802497904 -122.49511302408028
6186 37.76996240768349 -122.41229427502194
6187 37.774330831669936 -122.46583434798323
6188 37.708645303088744 -122.40117470788535
6189 37.71776509304199 -122.38087181420798
6190 37.79754137619737 -122.42953038958753
6191 37.792234938543864 -122.43782389467631
6192 37.7446777141855 -122.4109470469036
6193 37.749583512503484 -122.38414413311149
6194 37.733572350998536 -122.48290302793691
6195 37.72751125283312 -122.38906239326077
6196 37.737062408830774 -122.4398238465028
6197 37.79834823836005 -122.48051526074472
6198 37.75622338760208 -122.43125081212843
6199 37.78043232708324 -122.43713377352846
6200 37.71227175449044 -122.38975120052389
6201 37.74469429764691 -122.37781348136117
6202 37.750404286051975 -122.38857729036874
6203 37.730476420761576 -122.4845290712959
6204 37.757324862924314 -122.46511930218112
6205 37.7289342260733 -122.37984175137366
6206 37.731358661178646 -122.44540946453452
6207 37.71354276463148 -122.42431002887001
6208 37.78608898558543 -122.46080104650518
6209 37.757926367644025 -122.43407922242353
6210 37.755995368572854 -122.44591343343404
6211 37.769289622116 -122.42355506706716
6212 37.75517693774419 -122.40593959284172
6213 37.73727928082333 -122.37671223518286
6214 37.773172165988996 -122.39144272879074
6215 37.7927411015746 -122.4574646033129
6216 37.78628497757082 -122.43314622348954
6217 37.770975380180516 -122.44613174719589
6218 37.730943147963174 -122.43765781170491
6219 37.78487094838414 -122.40041237675277
6220 37.79560187458073 -122.45531194942852
6221 37.74951173116484 -122.4622782965957
6222 37.75694739110147 -122.49943854456038
6223 37.71284528877773 -122.49979699414342
6224 37.73449272491084 -122.46624785054064
6225 37.80147492414879 -122.4133712395899
6226 37.752288590942 -122.40434849591014
6227 37.78268532420942 -122.44070380630733
6228 37.79826124160336 -122.42422523271658
6229 37.7498060109657 -122.40538216828935
6230 37.71431616568397 -122.43991006272016
6231 37.711111397956465 -122.40968999229722
6232 37.73691368548068 -122.44483083280225
6233 37.7147212348262 -122.42675205930024
6234 37.77977145111293 -122.40923990615828
6235 37.770044273870255 -122.44172987415813
6236 37.74095971704635 -122.39799598387303
6237 37.80207584179113 -122.47017083768593
6238 37.79178393872664 -122.44692205582349
6239 37.718358218299876 -122.45329223033974
6240 37.7882508935279 -122.42975766928124
6241 37.78289944578662 -122.43763643081262
6242 37.75157324054881 -122.48388152327497
6243 37.75159249119112 -122.44778308344888
6244 37.782175524897035 -122.43223492159467
6245 37.79138433876836 -122.43548730962256
6246 37.74198518258058 -122.4580968304167
6247 37.78389568353299 -122.39956186829706
6248 37.77259120744468 -122.50900732488266
6249 37.75199698777945 -122.41933211952761
6250 37.74776037650293 -122.42167045146653
6251 37.78812630370679 -122.41828064046611
6252 37.775727739713865 -122.4434116416329
6253 37.80181367656609 -122.4378698849215
6254 37.78506491208842 -122.39552955656086
6255 37.71074002127062 -122.40939403622998
6256 37.75433349360268 -122.42861211733235
6257 37.761597522014185 -122.44157909298463
6258 37.798211348165744 -122.41400451434902
6259 37.802108286834496 -122.42070556324448
6260 37.79903279077314 -122.47632125466038
6261 37.78133764780367 -122.44244928050193
6262 37.79093782499005 -122.48490797403616
6263 37.73919997857521 -122.49590036293878
6264 37.71757837665715 -122.38084330076832
6265 37.772606714515966 -122.4437141983825
6266 37.7846685243987 -122.43868789070214
6267 37.741545747989015 -122.41531107554624
6268 37.71618139011644 -122.4844772647169
6269 37.71751955273905 -122.38952539828743
6270 37.7263723339282 -122.46460354118223
6271 37.79924735816419 -122.46110641275337
6272 37.74536198630175 -122.3836705968343
6273 37.70841892912672 -122.43107584196281
6274 37.73242989379891 -122.45795142319969
6275 37.79804361881316 -122.4422429208672
6276 37.76268438380357 -122.42732665268557
6277 37.77922611841671 -122.4556530707363
6278 37.73476023669402 -122.40183163772647
6279 37.734401192082245 -122.377426735633
6280 37.80397682270768 -122.46240620781575
6281 37.753783097834 -122.4132928832837
6282 37.72226426518829 -122.46069664241972
6283 37.73274519273204 -122.40114750238445
6284 37.73424732335224 -122.42204082010026
6285 37.79923458121414 -122.40351619878801
6286 37.75766858849979 -122.43006638442836
6287 37.74187180956217 -122.40345228967112
6288 37.7330960782804 -122.4297441354657
6289 37.75291891097682 -122.41459286796673
6290 37.804598499253785 -122.45299423881958
6291 37.763226942976054 -122.507605223907
6292 37.77054643375527 -122.40232420038052
6293 37.73834027546032 -122.49477459229868
6294 37.7299092535081 -122.3625503312416
6295 37.71681298472764 -122.39446612979384
6296 37.794981341479264 -122.48035677589903
6297 37.774848414923284 -122.4331423953625
6298 37.76258275407171 -122.43900457153103
6299 37.732996484787435 -122.4836145522755
6300 37.717715064067306 -122.38770883323767
6301 37.741896298352984 -122.39306725683079
6302 37.73575725923149 -122.41216521525179
6303 37.731772170208785 -122.43112743363115
6304 37.72625050406202 -122.47699873444897
6305 37.71684656491454 -122.5042184700857
6306 37.76069439028081 -122.38241175275513
6307 37.72910575140026 -122.4523661386797
6308 37.79254776705173 -122.45889929283985
6309 37.78432872490741 -122.39946925484891
6310 37.740006518906114 -122.41408375649773
6311 37.71620701373365 -122.50003237429367
6312 37.70975999836506 -122.38401032008564
6313 37.79199613982142 -122.41565118382852
6314 37.72022821489603 -122.4755295170702
6315 37.77448038138932 -122.40438262951534
6316 37.78096275019738 -122.43098511927393
6317 37.73726191643933 -122.48462251072934
6318 37.75867418678471 -122.48968842223525
6319 37.79385466565747 -122.43205665596328
6320 37.807927533908575 -122.42777289721725
6321 37.731762500877394 -122.3996989087365
6322 37.78547408301211 -122.42193506785866
6323 37.78403942294917 -122.4144702839535
6324 37.755647169370455 -122.45680699658205
6325 37.72573144722903 -122.49551285594535
6326 37.76808551360707 -122.45570488848726
6327 37.78192066793807 -122.4816390272182
6328 37.71308536479243 -122.4973080483421
6329 37.80131854222517 -122.45894660130246
6330 37.77389742985898 -122.42545480542297
6331 37.759384043845685 -122.39237336302348
6332 37.71907004410218 -122.41504007155979
6333 37.71244477503031 -122.43688306162372
6334 37.70975130175132 -122.40711360837024
6335 37.80204234649301 -122.43642802968924
6336 37.71577510287222 -122.40576851224526
6337 37.76759010342964 -122.41986002213498
6338 37.785847896408754 -122.41151636007173
6339 37.716872835688264 -122.35895150439752
6340 37.76065259996252 -122.51060874139542
6341 37.775597301757244 -122.41106722573315
6342 37.784645522832875 -122.42992282508435
6343 37.75454746445174 -122.44280759044138
6344 37.756951209161564 -122.45665649211784
6345 37.77206506146775 -122.50384059783958
6346 37.791539894412374 -122.42749963869917
6347 37.72427786763487 -122.45175302069303
6348 37.756946663262895 -122.46792744419976
6349 37.72106366937894 -122.48257950963337
6350 37.77095593455288 -122.43412603192554
6351 37.78231002890564 -122.45945676799171
6352 37.75411284109211 -122.49946324173688
6353 37.71318168493966 -122.5023214282074
6354 37.781502403248425 -122.45788075997596
6355 37.71915289236731 -122.38991670521136
6356 37.804771855186836 -122.41692325710441
6357 37.73236965402756 -122.37147774436697
6358 37.78238032329293 -122.49224863109838
6359 37.784302469845414 -122.45620256561605
6360 37.70983025167062 -122.46481982502621
6361 37.750464122914515 -122.39082631443878
6362 37.72536576440063 -122.49299238344125
6363 37.79584265393681 -122.43786304077035
6364 37.72974147299201 -122.44776288334648
6365 37.77065755686061 -122.41282642590785
6366 37.79830931783489 -122.46842572161906
6367 37.75284639521358 -122.40012432852697
6368 37.738338195039944 -122.39654133054981
6369 37.78494961530711 -122.43716970494839
6370 37.780944899413946 -122.4524767190929
6371 37.789702632089806 -122.4051392152361
6372 37.79412017500204 -122.42545467780225
6373 37.774091851974575 -122.4214460168308
6374 37.725141747562056 -122.43369814195219
6375 37.74850576130172 -122.48612687943536
6376 37.74819467577139 -122.48652937859654
6377 37.80000062492313 -122.47105960937347
6378 37.77293768314198 -122.39034869184319
6379 37.71631269321455 -122.44959667517311
6380 37.74498307008993 -122.46734520400751
6381 37.7327706437773 -122.47598218603272
6382 37.77854221724715 -122.41487689856852
6383 37.72883158882184 -122.3917072409963
6384 37.766857570470656 -122.45823257238573
6385 37.73959660780768 -122.44297146044222
6386 37.72753304915138 -122.4366790544287
6387 37.763714774302464 -122.42899025173148
6388 37.7819110184991 -122.45172776719986
6389 37.748833770734706 -122.47043322547268
6390 37.755466506905314 -122.39156282669843
6391 37.79857675984167 -122.42983295488162
6392 37.791117293060815 -122.4410789197319
6393 37.74160975205313 -122.37251450424165
6394 37.78397130858642 -122.40612257097202
6395 37.74360306390359 -122.47401635777099
6396 37.773535630533836 -122.39806080880268
6397 37.71580195110767 -122.42371514563018
6398 37.770419866268604 -122.5012148494377
6399 37.76599473786365 -122.50556405251147
6400 37.71157310179177 -122.50228172504978
6401 37.76878952706438 -122.49552737931141
6402 37.767258185230574 -122.39611308890059
6403 37.7931078912423 -122.4065409893943
6404 37.78710541213347 -122.49430979819086
6405 37.73807201123995 -122.42322002355968
6406 37.788707743786375 -122.44801158864333
6407 37.726073051440245 -122.43679247530801
6408 37.7125255223139 -122.4911644890736
6409 37.755678847975055 -122.3939175900763
6410 37.781357120196034 -122.45056845364668
6411 37.79036484526874 -122.47781373491965
6412 37.804657856606845 -122.47062906350303
6413 37.74517367116275 -122.45429463116407
6414 37.720855423993406 -122.4150347011054
6415 37.748465297414505 -122.43386290954889
6416 37.782365045452785 -122.39163394432072
6417 37.75461292007313 -122.42305001436566
6418 37.76360128225651 -122.42521272164927
6419 37.76366508426985 -122.48615028116566
6420 37.7209748166488 -122.35816261081118
6421 37.774787027530785 -122.4722609954782
6422 37.765177869809634 -122.44807869373246
6423 37.79030450126863 -122.47795579762538
6424 37.735097533573516 -122.45960381942905
6425 37.790724244366416 -122.40760649684944
6426 37.798898219636534 -122.4788141894622
6427 37.76471982731849 -122.39931656149946
6428 37.72759988010796 -122.44022993482733
6429 37.735701843425325 -122.46333365987108
6430 37.7445594022911 -122.50489040784176
6431 37.79145528526453 -122.44927590751183
6432 37.710374680430334 -122.49750423471559
6433 37.712985589846824 -122.44795577629505
6434 37.740783497526515 -122.50568965425886
6435 37.77070065017336 -122.46566292666606
6436 37.749994230395764 -122.42025160193477
6437 37.74317019336383 -122.39755491815359
6438 37.80485167708835 -122.46837917449895
6439 37.72467194103318 -122.47222858804382
6440 37.75408583366425 -122.48978646330002
6441 37.77457142199691 -122.41619595887403
6442 37.712121339695216 -122.44883289443214
6443 37.73051617879282 -122.4235975130538
6444 37.72130504731904 -122.49148300269428
6445 37.71604346127861 -122.48498153663616
6446 37.7157245552501 -122.49020675916987
6447 37.71394284801905 -122.48502578147335
6448 37.72753097415511 -122.49428948058893
6449 37.80114355484803 -122.47186895732497
6450 37.70870819361364 -122.44213606736244
6451 37.752687679230256 -122.44262599177839
6452 37.71808986611275 -122.39945893758842
6453 37.75604182961242 -122.4650590314457
6454 37.759396600247086 -122.41497940950394
6455 37.770850210669984 -122.4486032477981
6456 37.74131078917784 -122.4865502955803
6457 37.73032867297933 -122.43667599303129
6458 37.77645832733973 -122.38813939413349
6459 37.736968870910395 -122.5013083951953
6460 37.769483665465245 -122.43253948777614
6461 37.78916005505414 -122.46342828646888
6462 37.79258988889963 -122.46672673669674
6463 37.792738644695135 -122.46709491659627
6464 37.79887934446893 -122.46497580245163
6465 37.744368290475045 -122.40716489502627
6466 37.76053275244365 -122.45710889932217
6467 37.77793017534206 -122.40846886173269
6468 37.727629648724665 -122.40251936704203
6469 37.760510928247136 -122.44161864582192
6470 37.74316961701728 -122.48677055576717
6471 37.80270285604856 -122.47302134847907
6472 37.727844597467524 -122.40988080507991
6473 37.787197081408024 -122.47617777671061
6474 37.71917715516452 -122.43304646474398
6475 37.762712741094404 -122.46840999960185
6476 37.78229139514635 -122.40424200806892
6477 37.80637497129558 -122.42191164766143
6478 37.73445743822326 -122.42106861867812
6479 37.78093979570386 -122.44575275949803
6480 37.75234138102897 -122.43777735198512
6481 37.724993481832094 -122.47281905087854
6482 37.73590577094457 -122.46350863484184
6483 37.729706449760926 -122.36844870674118
6484 37.72239329564056 -122.43643597055008
6485 37.73487297254374 -122.47110890044833
6486 37.76529150202295 -122.451051991977
6487 37.752917140599 -122.47350650952842
6488 37.75537427450023 -122.45849316273873
6489 37.746520000598046 -122.45892615417492
6490 37.719634059933846 -122.3986907892872
6491 37.74600096871146 -122.45237946329947
6492 37.7366669627516 -122.38864457893345
6493 37.79924286262407 -122.47656122333359
6494 37.781013465915905 -122.46395652082641
6495 37.799764780247294 -122.43925112698919
6496 37.758975272705214 -122.4794224998172
6497 37.801489192628395 -122.4669923739629
6498 37.72360826313738 -122.43627760751896
6499 37.75398838262715 -122.46685407978288
6500 37.76574593528994 -122.40295942117996
6501 37.74948713728534 -122.43711027540276
6502 37.71687090674564 -122.35911400509366
6503 37.77758329738744 -122.51217804711888
6504 37.74956317060838 -122.43009935632463
6505 37.73455019506653 -122.40848138053472
6506 37.753129131334646 -122.42398234712076
6507 37.79060864101355 -122.48333074813078
6508 37.77246219250078 -122.4186402035989
6509 37.72295259068082 -122.36734463926581
6510 37.78242319600248 -122.4203572612969
6511 37.719195221095006 -122.36704167017572
6512 37.76502479418121 -122.50507817571173
6513 37.771077810164975 -122.43023752253025
6514 37.751665201970084 -122.38669307079223
6515 37.74221034990812 -122.4113528896394
6516 37.72560107535693 -122.37106011948323
6517 37.75312202098399 -122.43949767631567
6518 37.71389799262465 -122.37909992777652
6519 37.74984775532263 -122.38692379913026
6520 37.76573178665388 -122.46274321469276
6521 37.73060792375246 -122.37229367693412
6522 37.74918977905817 -122.4023780073014
6523 37.762763902805496 -122.43418697987033
6524 37.76382821276019 -122.43918398644743
6525 37.715451184926735 -122.43966188835044
6526 37.73730460201908 -122.49764242986892
6527 37.721000323413016 -122.41047196275062
6528 37.75590771643954 -122.42069221114278
6529 37.73680552194543 -122.5049007738382
6530 37.74376664429065 -122.40593164074488
6531 37.76823701411022 -122.45653273291931
6532 37.75669328221091 -122.497986585371
6533 37.719295657986315 -122.42711256764936
6534 37.731516212711966 -122.3903464547157
6535 37.72028047228227 -122.46859187432003
6536 37.736608346162924 -122.40253822279831
6537 37.71654930635013 -122.49877570485266
6538 37.74489651301616 -122.47492532165228
6539 37.79574730485528 -122.45916208719503
6540 37.70892954297783 -122.47454202593691
6541 37.748224547405975 -122.46582812799842
6542 37.74768526585632 -122.45168275367355
6543 37.72665108540164 -122.47104428549966
6544 37.71617678340456 -122.43775363954337
6545 37.80313586833237 -122.41653562597105
6546 37.76365034933558 -122.40897504901982
6547 37.7679417913914 -122.40878771266316
6548 37.76230453002249 -122.47063737450372
6549 37.73795972380389 -122.45243216313918
6550 37.80736309093137 -122.4448447765974
6551 37.78963965814473 -122.41777297501264
6552 37.71790983901194 -122.39042086349994
6553 37.78762753337796 -122.47162813155403
6554 37.74082255793154 -122.42013710280196
6555 37.72363676943775 -122.36377780320528
6556 37.74457419577967 -122.4081777429068
6557 37.739024450705905 -122.47948761202477
6558 37.7835327747855 -122.43700433172103
6559 37.726389580110215 -122.37326550638448
6560 37.73941819028189 -122.47513691110767
6561 37.79914308027978 -122.39899899836368
6562 37.76077645829682 -122.45132183937672
6563 37.7492604094681 -122.46011359807784
6564 37.76232134488173 -122.39219119947842
6565 37.76959425917626 -122.44441617961651
6566 37.72684119195298 -122.4083943836223
6567 37.74941476093877 -122.43193076551782
6568 37.71459381161281 -122.47493203542099
6569 37.758119480295036 -122.48205460031485
6570 37.74335093557018 -122.38900277125407
6571 37.712348464943275 -122.41458097201114
6572 37.78170749693092 -122.39605905789182
6573 37.71853084715814 -122.36707412369034
6574 37.72588663144651 -122.46355014542912
6575 37.735922779888334 -122.48813180584852
6576 37.73966494590611 -122.37576975917165
6577 37.75716141564749 -122.4672870433702
6578 37.732785189543044 -122.36434935616026
6579 37.70869939487578 -122.46123742390363
6580 37.715525695793296 -122.38354110589209
6581 37.76053250127875 -122.47632986351935
6582 37.71934467906339 -122.40083943950677
6583 37.738185403723435 -122.37791606264067
6584 37.803554178805925 -122.44361565641553
6585 37.791290667226576 -122.47706341443886
6586 37.7707261247692 -122.44970758978478
6587 37.72725473596938 -122.39034134254952
6588 37.742462022373005 -122.43296572368719
6589 37.80164935267297 -122.47847982045313
6590 37.783857996560876 -122.43978745647559
6591 37.733900965418286 -122.42947686240244
6592 37.7693535603636 -122.43648073281713
6593 37.78729600164458 -122.38944145850151
6594 37.76697600272029 -122.50842937125245
6595 37.77233967647603 -122.45432649288124
6596 37.75133107710757 -122.41875506922497
6597 37.759137398491006 -122.39520917326404
6598 37.74075016121565 -122.48422564357635
6599 37.777419350689556 -122.48608024835646
6600 37.76701178363295 -122.49790189383381
6601 37.746561968761995 -122.43270267487613
6602 37.77985301093724 -122.45932831576
6603 37.783454458099634 -122.3975379594403
6604 37.783399599098715 -122.50165096322205
6605 37.76743741935362 -122.45207433282901
6606 37.79668478492937 -122.47163526000196
6607 37.73547860794781 -122.44296856628455
6608 37.761719920494215 -122.45132598771124
6609 37.78122848221876 -122.50563532996952
6610 37.732617978706756 -122.50041870594009
6611 37.75040988083311 -122.44176096726311
6612 37.745524020256205 -122.44599212659254
6613 37.712951188345166 -122.3994119169302
6614 37.789638763224474 -122.42971520877107
6615 37.73128813446712 -122.36546146421789
6616 37.71558914841774 -122.4122515843278
6617 37.767640633020356 -122.47964509409412
6618 37.713404808588294 -122.44613628512911
6619 37.71875968861756 -122.41486280629867
6620 37.79931607207457 -122.39886094178325
6621 37.74788779479762 -122.43128119312901
6622 37.738591116459 -122.478419738502
6623 37.72731105165754 -122.4425449316556
6624 37.75826553745037 -122.40622441242101
6625 37.76240301633143 -122.47747933100854
6626 37.7621166786191 -122.48500141779677
6627 37.77256593356313 -122.46771208522983
6628 37.71582081377872 -122.48069907590123
6629 37.78723343782216 -122.44260476740462
6630 37.764154746759026 -122.49495481459108
6631 37.770343580688966 -122.48494193152506
6632 37.767880141798436 -122.42790112670103
6633 37.79575872276485 -122.39304312876607
6634 37.76079847430474 -122.43584315966993
6635 37.771491481544466 -122.43870639527536
6636 37.747836674692856 -122.46104373263871
6637 37.722707143519216 -122.47464975785898
6638 37.71346210939069 -122.43735659444185
6639 37.753465293194985 -122.38853413057993
6640 37.75638523436011 -122.41255458670054
6641 37.79931059266866 -122.42258107522686
6642 37.75969989035603 -122.45754446446172
6643 37.72441034191311 -122.43193715786168
6644 37.7831253470574 -122.46267678522574
6645 37.74012610991245 -122.42816080012277
6646 37.74250006079061 -122.47581077022129
6647 37.763837430492956 -122.46394603630763
6648 37.71655978534381 -122.49245349711356
6649 37.73082723032187 -122.38605677280219
6650 37.77559078695241 -122.45539736545084
6651 37.727662777655 -122.40026097719425
6652 37.73876303142583 -122.50782514547218
6653 37.8006486675426 -122.46271308193212
6654 37.746427223653015 -122.40828887887545
6655 37.747320278172886 -122.42678382606346
6656 37.729906352081436 -122.49239199786979
6657 37.72873628377565 -122.4541437663654
6658 37.72784038734026 -122.44888137009961
6659 37.71932648851472 -122.43942699655061
6660 37.76749924559624 -122.4479749195668
6661 37.755294446151424 -122.39610912836032
6662 37.788846224326186 -122.41038712687933
6663 37.738338299437935 -122.46113362047494
6664 37.759578882056935 -122.4759397183785
6665 37.76947913345795 -122.45774956190118
6666 37.72267239695244 -122.48658134798764
6667 37.79138228389577 -122.44538554549678
6668 37.800702817319355 -122.41890537786192
6669 37.72664364665343 -122.41514083894286
6670 37.79817460739698 -122.48170915300126
6671 37.71349862570034 -122.49373582402998
6672 37.72061848863056 -122.35869498095664
6673 37.758377499141424 -122.49152385193968
6674 37.800701020956126 -122.47785811843235
6675 37.73103488966984 -122.49622629361019
6676 37.78084511085703 -122.42442282238862
6677 37.792914556471196 -122.40669470296989
6678 37.808950120792936 -122.40802714111695
6679 37.802891332092635 -122.42386758645324
6680 37.74070790687454 -122.50616455050798
6681 37.74034978587369 -122.48876499620926
6682 37.77980643726931 -122.46491088807907
6683 37.74024722602853 -122.39660405597992
6684 37.7449574076642 -122.48478418879891
6685 37.775068816574986 -122.44521139006542
6686 37.7568566767487 -122.39471676615172
6687 37.745868467405174 -122.4444847426806
6688 37.74188797159078 -122.38655935984617
6689 37.73938717800782 -122.41689483458418
6690 37.730127901566334 -122.41008671807117
6691 37.74736921429701 -122.43534091517401
6692 37.759468394753846 -122.50345895028615
6693 37.78250559433706 -122.47721904465136
6694 37.7433838433747 -122.40143929641137
6695 37.71066688597438 -122.44543331213326
6696 37.74188052100617 -122.46098995104727
6697 37.77485825151475 -122.40493871031308
6698 37.743695967857164 -122.48913621591923
6699 37.77683066054289 -122.41597420643018
6700 37.79044288429527 -122.44772387583585
6701 37.793905217623454 -122.45990044023966
6702 37.71103940348809 -122.42645115702805
6703 37.75276912452655 -122.39200082302405
6704 37.75476873134072 -122.40989038890125
6705 37.80036826731523 -122.40548290812697
6706 37.7196577481666 -122.48412691860506
6707 37.73765202549554 -122.41795947834643
6708 37.72103697480807 -122.37621867039813
6709 37.74522708440575 -122.40054648013317
6710 37.723876394952676 -122.3658524358118
6711 37.7744712872404 -122.4045379613398
6712 37.71672488110599 -122.48106279709584
6713 37.78327197671426 -122.38827123758645
6714 37.711908835054786 -122.38377219757483
6715 37.72418042258482 -122.48101290986352
6716 37.793040366150535 -122.45330697215832
6717 37.74037787641848 -122.42669344075335
6718 37.72753559996297 -122.41708547817404
6719 37.738074792684465 -122.48590905997672
6720 37.75899516668753 -122.46245262682721
6721 37.79012535383537 -122.42784778984095
6722 37.794471815469244 -122.42349157393784
6723 37.75077035286545 -122.50515573817883
6724 37.74754894569064 -122.42329333247378
6725 37.78572055327918 -122.42375415207012
6726 37.800969582456226 -122.44453340952215
6727 37.7208190129212 -122.40138332977502
6728 37.717094577647295 -122.39061398367095
6729 37.79463890565777 -122.42045974214362
6730 37.71596868606267 -122.50259034294362
6731 37.79732073969877 -122.46443406787759
6732 37.71412957109658 -122.48049820797118
6733 37.7337032417654 -122.3783199622182
6734 37.78643193089076 -122.44478418399667
6735 37.75225391210995 -122.41274732197991
6736 37.78210287305037 -122.47936056493582
6737 37.79293416623262 -122.43926990851408
6738 37.71928704714703 -122.43769507713911
6739 37.766120797851364 -122.39558965998056
6740 37.716040404856315 -122.49562052673065
6741 37.790184984419305 -122.41884017516774
6742 37.795351162473246 -122.39808270677189
6743 37.73311387555499 -122.40382208053556
6744 37.77669244436698 -122.50224926579536
6745 37.79598072539884 -122.43659639373374
6746 37.73674239903488 -122.38113067417868
6747 37.760048289157645 -122.41002826333782
6748 37.78113626892245 -122.49914888862182
6749 37.77830677723268 -122.47393831112998
6750 37.76700175198546 -122.41077554935494
6751 37.77243195714405 -122.40277376255467
6752 37.71132438589733 -122.42977608325089
6753 37.76177099647959 -122.48678230976039
6754 37.79694054467989 -122.45950214409724
6755 37.720503549864524 -122.46380771954308
6756 37.71089618833595 -122.44422416398682
6757 37.70834352712011 -122.40982125073864
6758 37.71951362364688 -122.42034376267245
6759 37.800248188958804 -122.40330583996689
6760 37.79496733555195 -122.46831716342454
6761 37.77727628456753 -122.38561712231393
6762 37.76569941681729 -122.47980752115039
6763 37.750432400985716 -122.44955377627026
6764 37.806375472726714 -122.43876357814116
6765 37.754558414982945 -122.43060657024114
6766 37.77489166136317 -122.41765707316021
6767 37.7884368801896 -122.4215095613768
6768 37.76741021135178 -122.47613330197788
6769 37.79945571468298 -122.4620378766403
6770 37.718887370623705 -122.41129982709622
6771 37.75334593100349 -122.48610864492572
6772 37.76243562543612 -122.48342722661664
6773 37.74869427341328 -122.46560091193076
6774 37.781702761918375 -122.431990478784
6775 37.74424258342411 -122.46536269384886
6776 37.74698490773916 -122.45577325823714
6777 37.784242664225154 -122.4868238105275
6778 37.73491497375359 -122.47863185385816
6779 37.75878875809808 -122.47154410483309
6780 37.750786558846904 -122.42353057781958
6781 37.764371503457795 -122.42543900542992
6782 37.75269263836346 -122.42262015228701
6783 37.7117629199215 -122.44844232839567
6784 37.71786998151628 -122.38005344660185
6785 37.72858259944566 -122.41563401040769
6786 37.77621415113041 -122.41607512007974
6787 37.726782007383385 -122.37599429246276
6788 37.754266697528394 -122.3860006983236
6789 37.74016699325376 -122.50442336865744
6790 37.72089564752948 -122.41267444695258
6791 37.79361592612771 -122.45576075896962
6792 37.720569636478956 -122.41262152606481
6793 37.74101133547031 -122.50464029537487
6794 37.739651370634135 -122.45795988752957
6795 37.718218519604406 -122.41635312248194
6796 37.71217394465243 -122.43629831939226
6797 37.744779267669315 -122.4519612142178
6798 37.78562118019037 -122.40448080491882
6799 37.730053064821256 -122.38164022731996
6800 37.77076022464432 -122.45230564678357
6801 37.80644342110219 -122.440090874358
6802 37.73470649670847 -122.448678641995
6803 37.721058953582364 -122.40271851281778
6804 37.78441348712348 -122.40247626840889
6805 37.74894639858547 -122.45973166523507
6806 37.80201920530235 -122.41499985068837
6807 37.75540125372234 -122.4009698116949
6808 37.76109559794426 -122.45487785949916
6809 37.79677533609474 -122.4501931294235
6810 37.75243270058254 -122.47609077268021
6811 37.715425398181715 -122.37807704392512
6812 37.7719378655981 -122.44141617348606
6813 37.75309245356775 -122.46099771390367
6814 37.76776008165271 -122.48530943002366
6815 37.77669453889992 -122.48254146597681
6816 37.75821293006585 -122.49990734630602
6817 37.78211959887235 -122.39015366846694
6818 37.77501573876178 -122.402667067643
6819 37.717688114410485 -122.46911783577373
6820 37.709894699856044 -122.42682826139699
6821 37.75746843334086 -122.400022326481
6822 37.8023888550327 -122.46552627489784
6823 37.75226335731135 -122.41423179967934
6824 37.732637698472466 -122.43248426719606
6825 37.752218303536914 -122.44072047434574
6826 37.741108488891484 -122.48167584121322
6827 37.757391602384324 -122.43363283695123
6828 37.760021559643555 -122.50016569000967
6829 37.719714882967544 -122.39550085735573
6830 37.73061305286511 -122.4667697204672
6831 37.726426851263604 -122.41471585524422
6832 37.7271194736217 -122.48899504665926
6833 37.77772994977974 -122.42595128845909
6834 37.78178282393585 -122.45945358764412
6835 37.71996836019612 -122.4871204813614
6836 37.78859350404602 -122.50217896779893
6837 37.781336523977586 -122.47330760161707
6838 37.74221280594429 -122.49056933479297
6839 37.72595687017008 -122.44698645251528
6840 37.73120145035306 -122.48844036452694
6841 37.769846552651025 -122.4125311905517
6842 37.736637878669704 -122.47115045308433
6843 37.793533088106784 -122.41827335409964
6844 37.7641745045208 -122.45403969768654
6845 37.73163059587425 -122.36230545284856
6846 37.78949928057376 -122.43847650740908
6847 37.75310264934419 -122.434505647213
6848 37.780735490516456 -122.40466469738391
6849 37.76553441886581 -122.50965423150444
6850 37.711107314308364 -122.4998964891669
6851 37.770775320520364 -122.43643362840513
6852 37.727993395665514 -122.42216785311295
6853 37.72565466144979 -122.46973093734414
6854 37.756211085173945 -122.44191184252325
6855 37.734405058155076 -122.44494037352675
6856 37.73811885639044 -122.49518966967378
6857 37.72227326053724 -122.39345405695852
6858 37.71116649361983 -122.38930556496142
6859 37.724221041624794 -122.47381429451823
6860 37.72592154578778 -122.42736993806565
6861 37.764906903227754 -122.48206312028947
6862 37.76294154991905 -122.38492773980938
6863 37.71774879918734 -122.45766838004508
6864 37.73594592391607 -122.48819622607732
6865 37.73153509870364 -122.3918511236236
6866 37.784511019964945 -122.474337378071
6867 37.79607185011265 -122.42677842016023
6868 37.80740933867382 -122.40334131831797
6869 37.79164557925956 -122.41838668025262
6870 37.7353421295315 -122.42278134616171
6871 37.71448474174016 -122.38502472350493
6872 37.73327541658161 -122.49755044392566
6873 37.74933403042214 -122.43604118173636
6874 37.78381588923802 -122.48081207903925
6875 37.73443946782835 -122.45144509919311
6876 37.77273437019187 -122.41588934683672
6877 37.72321600085988 -122.38587790811178
6878 37.78091031533724 -122.43741860000334
6879 37.72415702935201 -122.42385569803041
6880 37.71888416593582 -122.4619596603
6881 37.77415954472383 -122.49745652254464
6882 37.709292163025275 -122.39146236638234
6883 37.78231338514317 -122.48917350908997
6884 37.76929188302424 -122.42543554154364
6885 37.79287637334664 -122.41783595027738
6886 37.750363580145674 -122.509087564558
6887 37.731838313427225 -122.39835590802043
6888 37.800114856299885 -122.42915102521796
6889 37.73542645488471 -122.3989436920153
6890 37.71863323926944 -122.44254312530107
6891 37.76346911007053 -122.45058535076605
6892 37.75357385750337 -122.4396930691526
6893 37.781718170152175 -122.39190784112175
6894 37.71988519768559 -122.39306526234024
6895 37.786935750859925 -122.46705385739034
6896 37.788989360393686 -122.42816354258092
6897 37.758190519117335 -122.44196376331283
6898 37.77673390893371 -122.42122465972079
6899 37.753929747888634 -122.38366953264554
6900 37.798504770489025 -122.39867758507351
6901 37.73624676064557 -122.39158220577787
6902 37.72449753749763 -122.47184781071405
6903 37.794735688776235 -122.3985148362912
6904 37.78189619284108 -122.47330814716237
6905 37.80436494673882 -122.44548581893555
6906 37.710514843667355 -122.47441902713683
6907 37.77639221363007 -122.43196602153981
6908 37.787117788173965 -122.41247875130124
6909 37.73459669862361 -122.43523162085314
6910 37.76957011325822 -122.40379893468014
6911 37.73880396345849 -122.3806177851527
6912 37.71961114090682 -122.4102842631816
6913 37.770638131494024 -122.49541248803331
6914 37.75385689054278 -122.44274291187213
6915 37.79342245949255 -122.47239759207191
6916 37.783915036903046 -122.426659193606
6917 37.797543762318455 -122.41252974876684
6918 37.769112242730166 -122.49163488224853
6919 37.73183004091344 -122.50592038757985
6920 37.73066233274924 -122.36937112291632
6921 37.77940835576192 -122.44182727446649
6922 37.734212744453146 -122.45306111177523
6923 37.80226820702281 -122.46613560613359
6924 37.739561739190385 -122.4631748520159
6925 37.74604386906613 -122.42620766689267
6926 37.742346972433154 -122.49345252741381
6927 37.72100266803633 -122.48303283983272
6928 37.72819928215378 -122.40043447981435
6929 37.73937995244168 -122.39388965689785
6930 37.797912628933375 -122.4564304134043
6931 37.72419623557138 -122.47904997512381
6932 37.75698913431915 -122.38559149889706
6933 37.758707929067384 -122.47260542557166
6934 37.73775099928339 -122.44802244110811
6935 37.76432524065674 -122.50949395407815
6936 37.78371984273341 -122.43759583458196
6937 37.70836795099556 -122.47377133125175
6938 37.77429648702123 -122.4056916714288
6939 37.72105625444904 -122.42500149809433
6940 37.799964848257865 -122.42930460892791
6941 37.7129370830521 -122.4568338074966
6942 37.723538257790466 -122.50167747843852
6943 37.75252359659438 -122.40906935528889
6944 37.713316974945656 -122.38234471760649
6945 37.75271301162333 -122.38987576588791
6946 37.75005708578654 -122.42668689338008
6947 37.76164183375852 -122.47087719616641
6948 37.74907145344654 -122.4003957751582
6949 37.76532101491972 -122.45478518971359
6950 37.721686466248684 -122.43780210124712
6951 37.73086723547782 -122.4824126141414
6952 37.72495555559831 -122.48856931774456
6953 37.79293853455767 -122.42591775941898
6954 37.71257953930138 -122.4046524714184
6955 37.718421969318335 -122.46324547767878
6956 37.7560044339923 -122.40122992119903
6957 37.73293750823419 -122.48923170664288
6958 37.732569969712976 -122.47048069628941
6959 37.75185992611017 -122.4218372086302
6960 37.74499030514206 -122.45281447640482
6961 37.766204559699645 -122.4670858146603
6962 37.76027849201507 -122.49179437770212
6963 37.79726499278528 -122.39569975430503
6964 37.762136039033706 -122.40830524991252
6965 37.75083972557512 -122.49856836320346
6966 37.7144074347677 -122.46783454615549
6967 37.7296332168193 -122.4737549315817
6968 37.711745175933345 -122.46683136540379
6969 37.752852120132914 -122.45695007740959
6970 37.79060118952748 -122.42081161278719
6971 37.767873381845185 -122.4692684940393
6972 37.732714256740984 -122.41310874868051
6973 37.71788868931468 -122.41307086376558
6974 37.764495110836314 -122.48876122803908
6975 37.731662557142876 -122.4388589437191
6976 37.77121621411553 -122.4337410937968
6977 37.78681655250515 -122.4817433615447
6978 37.745811025275934 -122.39550211221179
6979 37.7082171160175 -122.45231413632708
6980 37.72136352921518 -122.36067353604265
6981 37.76304661121083 -122.42937011945212
6982 37.74010695537563 -122.50301149639152
6983 37.712958138547734 -122.41402139977
6984 37.73097828891784 -122.40552407710099
6985 37.730142449305056 -122.43619654169554
6986 37.74317641569571 -122.45513510947734
6987 37.794969868348005 -122.46883921327839
6988 37.7617091406927 -122.50710505326897
6989 37.77982817846379 -122.45039521760536
6990 37.731868123757764 -122.3815936791617
6991 37.74570558519191 -122.49965523538826
6992 37.711731585857294 -122.45056877333991
6993 37.75996701361207 -122.43227025470257
6994 37.750931419874775 -122.39605122222815
6995 37.79997962805579 -122.46001715230655
6996 37.79062133828286 -122.3897245626097
6997 37.71176907684168 -122.39190779873823
6998 37.77133296650859 -122.48153580994429
6999 37.72691552048335 -122.41261887267484
7000 37.71802055484558 -122.5026145346864
7001 37.74485217492633 -122.38141232800591
7002 37.732179140222776 -122.43297175186129
7003 37.80821858096296 -122.41002629462281
7004 37.73209126194171 -122.50626382394009
7005 37.786929575979165 -122.46614330540852
7006 37.77889999345981 -122.42522556934424
7007 37.79148527434873 -122.45531763783286
7008 37.72406021192305 -122.4145649365048
7009 37.73149943875206 -122.40633496209094
7010 37.746295123650754 -122.45333448632226
7011 37.75974338736863 -122.48494997120187
7012 37.73894436817236 -122.3815563214993
7013 37.73815471391727 -122.40005849019417
7014 37.718466055825154 -122.49547489719741
7015 37.760992243902905 -122.44831813002801
7016 37.726706104620035 -122.39132885225602
7017 37.800232916363285 -122.46629780207009
7018 37.755538916105245 -122.38285081012407
7019 37.72224389220716 -122.39234785917586
7020 37.71984388809892 -122.48619405615044
7021 37.78065242817155 -122.39851054367138
7022 37.76679994037574 -122.45547154479357
7023 37.752241417864525 -122.40206752829877
7024 37.72967534094579 -122.37489421605352
7025 37.74971253182749 -122.4093721187767
7026 37.744797821807154 -122.44542639237378
7027 37.746126813215525 -122.45527989216016
7028 37.76541633666656 -122.40114472475295
7029 37.76261448787271 -122.45857312688034
7030 37.710496815559054 -122.410651702334
7031 37.72505168466466 -122.46743443232515
7032 37.75561816964425 -122.46583935247081
7033 37.80308915036299 -122.42063269651211
7034 37.748469249609286 -122.38945641949917
7035 37.74348305727895 -122.47221930470035
7036 37.78334824782424 -122.45747064460538
7037 37.72431833172311 -122.48121443848362
7038 37.74136948227907 -122.41024064353684
7039 37.73441220855586 -122.40278861221246
7040 37.777570359226736 -122.43240364820484
7041 37.770363413748214 -122.49474159540101
7042 37.73845716895993 -122.39018688856383
7043 37.774915304169234 -122.40581880886599
7044 37.75364033808249 -122.47666931933162
7045 37.72780759348697 -122.40408996247307
7046 37.72454573547599 -122.38685014174823
7047 37.713245640392785 -122.39746676610386
7048 37.798580842335014 -122.4200643925127
7049 37.77337680431467 -122.49561688696382
7050 37.75300943062926 -122.49672789843461
7051 37.74433799583647 -122.4497384917782
7052 37.74306430787068 -122.37408579605547
7053 37.73057396167475 -122.50323353208348
7054 37.76622089524858 -122.4560048026443
7055 37.76534865414557 -122.43779370542768
7056 37.74376410148488 -122.41733354043403
7057 37.78859236946771 -122.48967218314846
7058 37.734225549393116 -122.50066889360542
7059 37.76337746481088 -122.4684549689842
7060 37.76204764092552 -122.39212619147878
7061 37.73981203285918 -122.42755250307182
7062 37.717430828398726 -122.39637324726485
7063 37.77319692018757 -122.44469005892364
7064 37.79424902687824 -122.4061502898617
7065 37.7751710822011 -122.51159419732295
7066 37.799465625747224 -122.47338907392843
7067 37.73535644547435 -122.47747973245787
7068 37.78845195530319 -122.49114323014781
7069 37.72010737639692 -122.47529603599237
7070 37.72514864324771 -122.47545218005192
7071 37.767423594672294 -122.42070881307747
7072 37.768319314038116 -122.40676814986914
7073 37.76395223219323 -122.50693050196644
7074 37.78651489930401 -122.47352696130389
7075 37.77748586638151 -122.49488889787237
7076 37.74363782213373 -122.50332568169468
7077 37.75002018923226 -122.48810426874758
7078 37.73994094940131 -122.39623748810384
7079 37.7193226204602 -122.49606785153073
7080 37.78748576585081 -122.48082921656385
7081 37.76066982144818 -122.39835376979066
7082 37.777638003005805 -122.4163851353522
7083 37.752170684005314 -122.45380822132172
7084 37.73189289422298 -122.4092522148776
7085 37.720094278297616 -122.36183075220214
7086 37.77445353396917 -122.39107297942651
7087 37.75038433348678 -122.49120662177202
7088 37.73357229251645 -122.45933925307779
7089 37.71277458604008 -122.41335902205638
7090 37.77856827496862 -122.45431791225761
7091 37.71484037087151 -122.38746920561937
7092 37.75611007535357 -122.44683049250283
7093 37.75737149313353 -122.48641899628886
7094 37.74216155456006 -122.45893647136121
7095 37.71320872272191 -122.39552191297032
7096 37.711876395664994 -122.44704978946163
7097 37.721115594737384 -122.500181534269
7098 37.72151687265037 -122.4480617561132
7099 37.75489749413868 -122.49033966668203
7100 37.79396000443016 -122.47944776083133
7101 37.78176694354697 -122.51238739011963
7102 37.769813753526265 -122.46799810003515
7103 37.75833325489475 -122.41963845667807
7104 37.786371646046625 -122.40134487317427
7105 37.725773146555696 -122.36852774898053
7106 37.74366292847259 -122.39631200700737
7107 37.731961104865334 -122.48784825191326
7108 37.7728360862478 -122.44487175246292
7109 37.775499546726586 -122.48443772032843
7110 37.73754866698109 -122.42432183379923
7111 37.75089594281474 -122.45305014905864
7112 37.79647519160372 -122.45622557489285
7113 37.75386501695023 -122.49626063846335
7114 37.80123455129544 -122.43375484451684
7115 37.77467551831056 -122.39260538234112
7116 37.71216990556531 -122.42762208806056
7117 37.71768148304771 -122.47335504967606
7118 37.782683657300296 -122.49724530829413
7119 37.71124373452605 -122.39856936135818
7120 37.71585127731124 -122.45557463033029
7121 37.71092434574544 -122.45326521966163
7122 37.71826706242115 -122.49193880119967
7123 37.73881615761107 -122.4612064307226
7124 37.75066580806908 -122.40216087180302
7125 37.76454181337066 -122.44666784901383
7126 37.80019516511103 -122.40285851450737
7127 37.77737549555193 -122.49724130157821
7128 37.77044862428401 -122.42729076455306
7129 37.7965449768009 -122.4763714462177
7130 37.75801855875939 -122.38336999862587
7131 37.80700412379053 -122.4783191146319
7132 37.78122053950949 -122.45121074458609
7133 37.7600102139434 -122.39852705920094
7134 37.74285306244356 -122.39809621944947
7135 37.75899307535574 -122.38645576128727
7136 37.72016317271078 -122.39407720295182
7137 37.781502624559714 -122.43426289917063
7138 37.77783885733772 -122.39661229462054
7139 37.76283892545859 -122.39098372410797
7140 37.734252474671706 -122.4939667213829
7141 37.73637010262445 -122.39880849216506
7142 37.78915083525606 -122.46241365545578
7143 37.76564435500993 -122.49301503056274
7144 37.76557106123188 -122.44206538694925
7145 37.75881790635923 -122.41916294074555
7146 37.71528715727501 -122.47211846361277
7147 37.76422704883844 -122.40938381592838
7148 37.788613733686226 -122.46421397392102
7149 37.73424125616313 -122.40958893709113
7150 37.72967530624669 -122.39473460205268
7151 37.796614821453645 -122.40016055531069
7152 37.729502337823654 -122.44997038656243
7153 37.77147295325553 -122.43088077332108
7154 37.740028806973825 -122.49245150557891
7155 37.80236942336046 -122.47619378765235
7156 37.75576080850413 -122.48014019158431
7157 37.779814673052066 -122.4224602714088
7158 37.75342090305934 -122.41643232668002
7159 37.74859840145761 -122.39930360127198
7160 37.70867719239371 -122.47836778840804
7161 37.76498648746537 -122.46449950767776
7162 37.726279146640834 -122.43511155393495
7163 37.757813504465446 -122.39970049342011
7164 37.712176784994874 -122.45510172774753
7165 37.71267086167494 -122.46928219287432
7166 37.77838840064037 -122.45631597442922
7167 37.80240291286572 -122.44725873856996
7168 37.76628696436197 -122.50540305345773
7169 37.78480296013328 -122.49466922920347
7170 37.78141897501497 -122.47123221145893
7171 37.80617081000873 -122.47363599065778
7172 37.7400028538125 -122.46767735711995
7173 37.72865577240716 -122.44533914940612
7174 37.78256165738246 -122.43472065067579
7175 37.72260902673126 -122.4491106031167
7176 37.767588836243704 -122.4757654030866
7177 37.727319516845824 -122.41815042141113
7178 37.79827722383465 -122.47847971027362
7179 37.73651537277416 -122.42494902544111
7180 37.76389776661629 -122.41665483957223
7181 37.765306874185306 -122.49140155072963
7182 37.78607376219255 -122.47977048662557
7183 37.73462868573048 -122.36481055973474
7184 37.75924672103143 -122.45166290303753
7185 37.7518741485607 -122.4872259374171
7186 37.76678261669885 -122.4842214459642
7187 37.717551997384014 -122.40906352885595
7188 37.71518372881519 -122.44180533726043
7189 37.746459374865466 -122.3818812379913
7190 37.771052987621324 -122.45426666232478
7191 37.79168743081306 -122.45451627918544
7192 37.724798714728855 -122.40927398151103
7193 37.792583712451645 -122.43822197921227
7194 37.741754079873346 -122.5041350473991
7195 37.71742877957827 -122.3832026832059
7196 37.76660800226018 -122.38709559088713
7197 37.77728472163178 -122.40077626819074
7198 37.76810942744444 -122.50669749745177
7199 37.75944213640987 -122.41654699143974
7200 37.711087268155204 -122.4956365943001
7201 37.78927508797928 -122.40151188397802
7202 37.71953358948904 -122.49248942151557
7203 37.737728673240305 -122.4164626076344
7204 37.75030924182234 -122.41505965689296
7205 37.76259012564457 -122.5101343097847
7206 37.78423357039161 -122.39772837398685
7207 37.78769880739473 -122.45415065198027
7208 37.74412506845423 -122.43913312558928
7209 37.722487146702605 -122.48933377143685
7210 37.75771328504153 -122.38883990342495
7211 37.77737823693376 -122.39971272403051
7212 37.787565938976705 -122.49177022964771
7213 37.754397810947545 -122.4186988881659
7214 37.78474216896373 -122.43837042739997
7215 37.782676821111856 -122.43189499153408
7216 37.71074875046448 -122.41311636002133
7217 37.764867331581684 -122.50810615081772
7218 37.772922713909665 -122.44879235191979
7219 37.787875082653244 -122.48809768395668
7220 37.70957334226692 -122.45631782674494
7221 37.747107475504606 -122.41881944085044
7222 37.71902689033999 -122.4920479697557
7223 37.806986571857145 -122.41939122732877
7224 37.75727842053415 -122.49694174431255
7225 37.800971488969076 -122.47152204691335
7226 37.794582636494965 -122.46905648936246
7227 37.76017178859236 -122.40337170220599
7228 37.70920538120572 -122.44534768086889
7229 37.714282428280185 -122.42732806172992
7230 37.75751866602082 -122.41022748542136
7231 37.74455033544002 -122.47516332337202
7232 37.73431315590433 -122.40781490774509
7233 37.70861846173175 -122.47498599870977
7234 37.728113556709886 -122.3984713877638
7235 37.743986224726 -122.45861767786621
7236 37.71267611306356 -122.43808504979529
7237 37.72904195145266 -122.36828568661464
7238 37.72915840610219 -122.49101590710761
7239 37.730288949958464 -122.36344230376687
7240 37.70881434719941 -122.46061915721407
7241 37.760561677795174 -122.4307153023701
7242 37.787958212523826 -122.40382547931749
7243 37.73435590925614 -122.45263361897993
7244 37.76819009009972 -122.42024479564334
7245 37.755003053069025 -122.38832323913817
7246 37.800022014797456 -122.46747361185368
7247 37.743805600002126 -122.45861137727472
7248 37.76816328784808 -122.41395143083376
7249 37.73332511388649 -122.48823235171604
7250 37.78266559141806 -122.40963094464357
7251 37.71780002853259 -122.40516780625903
7252 37.77356870101898 -122.47301586225727
7253 37.78073815469536 -122.47286021463016
7254 37.74745204635981 -122.48315111421668
7255 37.74523595744205 -122.43991090616436
7256 37.73101555007262 -122.45952490349313
7257 37.71644205350005 -122.43347491407968
7258 37.748498375208285 -122.47912013519802
7259 37.73208791300661 -122.45417635828395
7260 37.794237687110794 -122.42940565069114
7261 37.77871967114612 -122.39717288490029
7262 37.71377298481641 -122.46433595751029
7263 37.73770430925135 -122.42482633966308
7264 37.72825436683892 -122.49078508944501
7265 37.71311299061208 -122.40121587512503
7266 37.78220265176019 -122.38866369768476
7267 37.778660088350875 -122.45633310552994
7268 37.77581727191963 -122.39789772160934
7269 37.7174572624163 -122.38958794847889
7270 37.77011239125199 -122.41370804370416
7271 37.755462996400645 -122.43255149687401
7272 37.774563848128324 -122.44171331009554
7273 37.746541991789215 -122.45869107585
7274 37.71488934359126 -122.50385716821468
7275 37.72496829622611 -122.50187227475404
7276 37.740520237586544 -122.3970254205676
7277 37.74311436520066 -122.4620938153949
7278 37.77354500271515 -122.45229276481658
7279 37.76262649459438 -122.49076691117307
7280 37.726348125566396 -122.4914015702565
7281 37.711575311802 -122.49218621316135
7282 37.74289086260979 -122.39394887020086
7283 37.77645939515642 -122.47992106239376
7284 37.78311877131815 -122.44656117634975
7285 37.781211241879774 -122.40805567953203
7286 37.77215734976466 -122.50277780783719
7287 37.76292414013029 -122.48031649350737
7288 37.713898086582205 -122.43078592462241
7289 37.74382705059597 -122.48851802644772
7290 37.787547556738915 -122.39232692786103
7291 37.76467343038694 -122.40321617690847
7292 37.79430251499594 -122.45306214174323
7293 37.73912356591592 -122.45233710006369
7294 37.737900420016565 -122.39733699566379
7295 37.70882390649217 -122.40289644994272
7296 37.725018803714164 -122.36178829522154
7297 37.72015372898662 -122.44779341419374
7298 37.731096073569404 -122.46570064383052
7299 37.74678862786883 -122.5014111007006
7300 37.78816904795745 -122.4424120032388
7301 37.71956083542916 -122.48470415015257
7302 37.76430795822397 -122.48053525080326
7303 37.71786502529733 -122.44587104156491
7304 37.742675168456486 -122.50150291419172
7305 37.71380288374923 -122.49843683967738
7306 37.76650300753892 -122.44658192885643
7307 37.784242969832725 -122.51022170723888
7308 37.72955466740592 -122.50529783777908
7309 37.77413058461371 -122.3824910906886
7310 37.78146717827224 -122.45771213692538
7311 37.78213815996967 -122.5009234450682
7312 37.785391772886015 -122.38943314589389
7313 37.73043197707636 -122.47984262345042
7314 37.73511769056096 -122.43304660882778
7315 37.798038732652856 -122.41589923261922
7316 37.78602999261649 -122.38638485847999
7317 37.757979273843134 -122.50762298763853
7318 37.730144202560965 -122.43459082473741
7319 37.749885883839546 -122.4531996105839
7320 37.77387711580635 -122.49355269408204
7321 37.72499862007313 -122.43796559907366
7322 37.76519502774874 -122.44483058743943
7323 37.754781630327365 -122.40173704302906
7324 37.739574297716814 -122.4030177668565
7325 37.76436701403866 -122.3956152447898
7326 37.72969630572145 -122.43603906500599
7327 37.740800147972415 -122.4504552258781
7328 37.80438613951789 -122.47656076247151
7329 37.80499941033426 -122.45151735912917
7330 37.741304269768065 -122.41561929800167
7331 37.72991969930977 -122.43595273480149
7332 37.763868509573435 -122.40674175852651
7333 37.73297632758327 -122.46491230005907
7334 37.76517130581693 -122.50348523138784
7335 37.77121346644799 -122.44277841633452
7336 37.77933476531272 -122.46291338271611
7337 37.72994690804886 -122.46697632400071
7338 37.732207189729735 -122.4936266868719
7339 37.74253036263176 -122.39156001277107
7340 37.79538687017685 -122.44943768921563
7341 37.79617529767436 -122.41105660816427
7342 37.80222860269059 -122.41174324185636
7343 37.78020975568689 -122.43692866742478
7344 37.781681592963196 -122.45700153459498
7345 37.77634023659703 -122.4909498650474
7346 37.74790005888116 -122.39053165529445
7347 37.72908364998089 -122.45867836882525
7348 37.752529738560675 -122.4893552120385
7349 37.72983100454278 -122.47067631722567
7350 37.75478238245237 -122.50920425534177
7351 37.79749609629439 -122.43016651080669
7352 37.77570655824298 -122.49051765735608
7353 37.74135272927333 -122.44934739521335
7354 37.72831800422036 -122.49352879828058
7355 37.716682728077586 -122.46080287766168
7356 37.79143068559191 -122.4523388441718
7357 37.72061156068262 -122.49748539214727
7358 37.779585495948226 -122.47684694743295
7359 37.783594250050385 -122.40275936926346
7360 37.71220557350696 -122.42728728210176
7361 37.804781292703794 -122.45373103707588
7362 37.742733524621414 -122.47923483288996
7363 37.782899744346594 -122.45191469762828
7364 37.75287115471504 -122.44998223933099
7365 37.80314767198696 -122.45725717139005
7366 37.758037447830006 -122.42271159524076
7367 37.77843105752393 -122.51186105890632
7368 37.760210267571296 -122.39774888210844
7369 37.76536774801587 -122.39523584405696
7370 37.76939455004823 -122.46186672278834
7371 37.77801498139356 -122.448514217127
7372 37.71580533765339 -122.46579817953356
7373 37.79246294971934 -122.39657333612206
7374 37.79267532542201 -122.4222065161719
7375 37.76959990407522 -122.50900313805798
7376 37.72456766539739 -122.47187075968392
7377 37.79127392590122 -122.4659616387261
7378 37.72127930336088 -122.50279347279435
7379 37.77889179438936 -122.43871122008177
7380 37.712534820116566 -122.47348208587069
7381 37.761554771524615 -122.48922714064533
7382 37.72128418131731 -122.44471361742552
7383 37.767726146792896 -122.45167274934234
7384 37.80601814529006 -122.43551575548213
7385 37.71876866174486 -122.45358900319523
7386 37.76438463093816 -122.48652863698695
7387 37.75878897150468 -122.39932187963873
7388 37.794505138157625 -122.45674051084501
7389 37.74058007968444 -122.40625054662974
7390 37.73478811862325 -122.40861034314027
7391 37.796765674332406 -122.42437272518774
7392 37.7471958717322 -122.49244725603076
7393 37.71193278363667 -122.43883333672534
7394 37.77411949020079 -122.45876494784684
7395 37.7630589476287 -122.45409477506605
7396 37.712533033829295 -122.42470327768464
7397 37.769446231232195 -122.44336463093698
7398 37.74991966431885 -122.4091665064381
7399 37.781076332334884 -122.43306137637713
7400 37.781839626717634 -122.50086842228761
7401 37.775600742130784 -122.50499593735225
7402 37.7542805905823 -122.46919595650463
7403 37.75489342531412 -122.4443469154394
7404 37.73826902180509 -122.46938169571399
7405 37.75515059190181 -122.39689487129405
7406 37.7563803165766 -122.49260678218222
7407 37.72812027286693 -122.40937746179706
7408 37.79761780636541 -122.42623700225599
7409 37.76071252671636 -122.50743979549443
7410 37.76189729406291 -122.44102464418708
7411 37.75297378489962 -122.46592345629627
7412 37.741628175442806 -122.41822295431837
7413 37.73908816678716 -122.41166433265505
7414 37.7370602445225 -122.46739393028417
7415 37.74741469224661 -122.40719452072979
7416 37.716286689290655 -122.39020199499033
7417 37.745652168709995 -122.47320453523481
7418 37.78891263110589 -122.46193324005536
7419 37.73258803815227 -122.46794300029018
7420 37.71741294803507 -122.49120795979906
7421 37.7866549029145 -122.41306621101477
7422 37.71208910221965 -122.48315877662912
7423 37.787885432822634 -122.3905000041667
7424 37.786887587176736 -122.48397206058621
7425 37.782270202834994 -122.44097019607872
7426 37.7773964655605 -122.43270305661488
7427 37.75424924007318 -122.4603267950969
7428 37.73484241735921 -122.42963869387236
7429 37.753047288220905 -122.3945764963222
7430 37.79882640505174 -122.42056532243625
7431 37.76575632138783 -122.49251780704651
7432 37.74132628662677 -122.42606141715146
7433 37.738683673642534 -122.42118482952344
7434 37.782376050253845 -122.45766340214234
7435 37.80760618946279 -122.42251522377029
7436 37.78352506579369 -122.48715454693104
7437 37.722251517090186 -122.41371974797553
7438 37.78095622265666 -122.46991094631461
7439 37.793783668828404 -122.42560374542022
7440 37.7607828541608 -122.42835704087807
7441 37.74905676545068 -122.44859887742076
7442 37.737394467290315 -122.48125201718959
7443 37.77301932973596 -122.43036904272387
7444 37.79693907651888 -122.46005991938313
7445 37.717683355161164 -122.43456896178412
7446 37.7851233241791 -122.50771766509062
7447 37.757706494712984 -122.46791431095002
7448 37.73509481336062 -122.46772624573694
7449 37.71712520228267 -122.43377403468838
7450 37.79738075771841 -122.4480457865563
7451 37.77246648806482 -122.42998365450907
7452 37.71753310781787 -122.35984314817905
7453 37.75411785875476 -122.5036877569825
7454 37.78494389718621 -122.48056532320751
7455 37.76186046930014 -122.47531902052687
7456 37.776227980138096 -122.45478210099076
7457 37.755601264778235 -122.49323403978156
7458 37.76743833380327 -122.43291304145261
7459 37.76997696295588 -122.42301721943925
7460 37.76363297549503 -122.44839693525792
7461 37.7703561614534 -122.45761990330557
7462 37.769945213328555 -122.51187617744937
7463 37.73865822759502 -122.40818154678021
7464 37.71261255803344 -122.40888848778233
7465 37.78453332263033 -122.49179208974748
7466 37.74577018426104 -122.48690886767545
7467 37.71044427975349 -122.3830175983938
7468 37.74496567937942 -122.40872656124597
7469 37.720213330985985 -122.48092654360829
7470 37.763318246680505 -122.40878171856794
7471 37.74325898202142 -122.38080551974952
7472 37.78889336346725 -122.43624447605389
7473 37.7117908488981 -122.47600575337344
7474 37.73243809031973 -122.39279149087841
7475 37.73094573878242 -122.37173414660423
7476 37.74355469419759 -122.4435635721624
7477 37.7990812004278 -122.46256082949513
7478 37.72877803191503 -122.38856235954299
7479 37.711429526588205 -122.40568073768854
7480 37.75997935275786 -122.46058002040066
7481 37.737219110509265 -122.44760032552904
7482 37.75077464111015 -122.46073135254922
7483 37.774170704650764 -122.40833640726824
7484 37.78930641167007 -122.46922900459435
7485 37.75174725473679 -122.45992531161627
7486 37.80248110938522 -122.42586070289998
7487 37.745271548378355 -122.43446707793099
7488 37.736330957292104 -122.43736688758715
7489 37.8011465194993 -122.45614523082477
7490 37.77994540450453 -122.38555367028697
7491 37.71729346277628 -122.36600145584573
7492 37.77966701731538 -122.39989323778619
7493 37.7601442856006 -122.38130380789694
7494 37.73972426879944 -122.46524727852379
7495 37.762195966958316 -122.49196888586182
7496 37.744239421516816 -122.43399863777394
7497 37.771957741461755 -122.3877387070557
7498 37.79572343330474 -122.46230068166507
7499 37.77425602649442 -122.39178460038869
7500 37.70886458111951 -122.46454846484473
7501 37.71137250776657 -122.42547204005263
7502 37.751349480028985 -122.462936049341
7503 37.797297469875865 -122.44125053893762
7504 37.77846016094824 -122.42582789963832
7505 37.78593492646062 -122.39023884752102
7506 37.742864485378554 -122.46545857062345
7507 37.77749346478133 -122.51241807385138
7508 37.71558242498096 -122.49638131930958
7509 37.736925996383945 -122.44740993549475
7510 37.72266806680611 -122.49994542323365
7511 37.71649502212668 -122.4919028431833
7512 37.79710288292179 -122.43970752001269
7513 37.77809888559156 -122.46739786078591
7514 37.746843477281786 -122.47471801902182
7515 37.74334617354827 -122.48223619416389
7516 37.7297445590163 -122.35882379150068
7517 37.7728526207813 -122.43261323125186
7518 37.77571877767555 -122.48293124208737
7519 37.733597329362546 -122.39915916291224
7520 37.790929747452246 -122.40677193691957
7521 37.75981571065128 -122.44520128440271
7522 37.717257962725384 -122.40449956778012
7523 37.75875284371897 -122.40503799952317
7524 37.788463102684126 -122.49842851267832
7525 37.709566295616135 -122.4589615028561
7526 37.73226126630591 -122.37399138346242
7527 37.73743920234799 -122.41840748669512
7528 37.73615429798469 -122.50347877245929
7529 37.71918208960441 -122.44821576990812
7530 37.760716423079295 -122.5098781899177
7531 37.77051664381171 -122.5047943829528
7532 37.71884483089918 -122.38269052086385
7533 37.775862064294536 -122.42700328067178
7534 37.71474350336086 -122.49302974464437
7535 37.76546836250675 -122.38918416391506
7536 37.75927733876675 -122.47383245149257
7537 37.740902925591655 -122.4814321640618
7538 37.73330729993923 -122.39022986776861
7539 37.76584876590292 -122.4171971633536
7540 37.803633750036376 -122.47323753862963
7541 37.795940799872284 -122.47043151113736
7542 37.71920833661034 -122.49499190048267
7543 37.73704064710549 -122.41916178564767
7544 37.74789771619355 -122.41735949822542
7545 37.785053863969985 -122.4023223440607
7546 37.780588336544696 -122.49492786441024
7547 37.777191859043704 -122.49447463785712
7548 37.77101784941196 -122.50114118951268
7549 37.77376746207186 -122.45226009622105
7550 37.77888955259887 -122.4413690553705
7551 37.723131354253624 -122.41021862883933
7552 37.74761584422217 -122.46199153109558
7553 37.7688138318534 -122.39842973189621
7554 37.763114367198476 -122.49951314265385
7555 37.75669618976325 -122.41736007638585
7556 37.74547178591412 -122.37880624062592
7557 37.77860636398025 -122.46495208718419
7558 37.72380002101005 -122.4337423350655
7559 37.795295093585395 -122.39815779536468
7560 37.766442685138564 -122.41924484168497
7561 37.77848477660645 -122.50867407517907
7562 37.718838338623 -122.41509140463813
7563 37.762975646739 -122.4475069213869
7564 37.73750696136099 -122.40692852368494
7565 37.73600102255177 -122.44151672686903
7566 37.77298415761956 -122.47473494534846
7567 37.781835190659315 -122.40068550133752
7568 37.71974252269007 -122.37199529121017
7569 37.75443074609088 -122.49646085641795
7570 37.735409198963964 -122.45172867437495
7571 37.74041467006484 -122.39883822080324
7572 37.71553943202091 -122.4591215481868
7573 37.72997969624964 -122.4403921961005
7574 37.75132119017826 -122.44390471679763
7575 37.77895557573219 -122.42163474927008
7576 37.79157171833247 -122.47764378782526
7577 37.73065702285728 -122.3782374095075
7578 37.79091148301575 -122.47413816527994
7579 37.77075955284847 -122.42267831351147
7580 37.75139564220531 -122.48416197599805
7581 37.795292271459246 -122.40118385657699
7582 37.716282688921666 -122.38516665452295
7583 37.78210099322113 -122.40371622392861
7584 37.779351559677536 -122.48242214707552
7585 37.71682028140452 -122.40254972658173
7586 37.778317263523135 -122.46834941907387
7587 37.78455427567436 -122.38867647253242
7588 37.72922657703826 -122.37005881293314
7589 37.748194507882445 -122.41803612085802
7590 37.79249861332385 -122.43487000420743
7591 37.76322324615158 -122.43620397556167
7592 37.79105532480514 -122.4347886960858
7593 37.78679114014427 -122.39232977747935
7594 37.716658775877015 -122.4420565902481
7595 37.724876937310604 -122.48869717879829
7596 37.74929280876912 -122.46396699970288
7597 37.73548410298716 -122.3769064894505
7598 37.775344174876906 -122.44901271830875
7599 37.78035333068778 -122.44809492186756
7600 37.797350551036324 -122.39372861875394
7601 37.773193685500296 -122.47884245756342
7602 37.80597938741676 -122.46959932561268
7603 37.7203767070051 -122.39440485966911
7604 37.78371331504814 -122.42278844529582
7605 37.78139775915926 -122.40723686949836
7606 37.758745845687436 -122.50276988350143
7607 37.71813452306064 -122.41854420478731
7608 37.796394137188486 -122.47806686354522
7609 37.747390989526686 -122.4498654281548
7610 37.76765625793066 -122.49635243158127
7611 37.71404207505672 -122.4793745373576
7612 37.73263609603326 -122.41653734366837
7613 37.79323924923769 -122.40551753981777
7614 37.72941620484987 -122.36544850316491
7615 37.756914359203265 -122.41552319881872
7616 37.73058937394403 -122.49823623973178
7617 37.78230258649018 -122.5121271335746
7618 37.75958242348233 -122.40445860473679
7619 37.77444032206667 -122.50003178631353
7620 37.77900625465559 -122.42278506791324
7621 37.732174655837504 -122.4022828322441
7622 37.780556544041296 -122.474548374931
7623 37.7778562824222 -122.51558006987037
7624 37.722698387793784 -122.4887206388002
7625 37.70910067844668 -122.45522130337686
7626 37.72527895400872 -122.47332199697914
7627 37.80205494303062 -122.46341561714529
7628 37.77601580791228 -122.38986815687718
7629 37.727233881687404 -122.46427323337208
7630 37.72897887277037 -122.4751607516298
7631 37.77108817787905 -122.42465068767694
7632 37.73505458359625 -122.39562728256779
7633 37.79210618703752 -122.41573653829074
7634 37.727257382340966 -122.38430308224248
7635 37.72087160294354 -122.43817725207718
7636 37.76084790670109 -122.50247886422409
7637 37.758051359921375 -122.50875545039308
7638 37.72121163545685 -122.4036655544178
7639 37.71596004003029 -122.38412821933862
7640 37.78185488955691 -122.433565125994
7641 37.71599969992937 -122.49573561986935
7642 37.749826161059005 -122.44748593978375
7643 37.799460536523945 -122.47616251465516
7644 37.774461262328245 -122.4313603798353
7645 37.783872300059556 -122.47146995051304
7646 37.72955277134872 -122.48968446716697
7647 37.7413368959921 -122.37409328500705
7648 37.7663424774705 -122.45341776432181
7649 37.7370503955139 -122.49141976675644
7650 37.792826504793474 -122.4056851120699
7651 37.76320959887811 -122.43793024220416
7652 37.71679043531324 -122.45431940269978
7653 37.796538343303865 -122.4272989545152
7654 37.800406319847255 -122.43050378138683
7655 37.7302097302703 -122.38049117756319
7656 37.762179383372974 -122.44190810287098
7657 37.70966207868424 -122.40159338821235
7658 37.71087045833559 -122.44095095425986
7659 37.787807259025215 -122.43908747037786
7660 37.72870779522055 -122.45238858016171
7661 37.726733288136145 -122.43270147242417
7662 37.800066130958896 -122.47227465351106
7663 37.77002716819527 -122.44180673133972
7664 37.715303257409104 -122.47745534284942
7665 37.722460023587495 -122.38095001619028
7666 37.77180012147431 -122.44623571117904
7667 37.796551344498745 -122.47496954052322
7668 37.7673486102901 -122.46747679767073
7669 37.79662766074082 -122.45749966563791
7670 37.78209446657943 -122.38612732407802
7671 37.71410892832256 -122.39505975025672
7672 37.736095117745656 -122.50650728101864
7673 37.731186699496135 -122.44781627828725
7674 37.73088031935985 -122.44473621700988
7675 37.718290493860735 -122.50337377571105
7676 37.73060586603567 -122.4656986137638
7677 37.735340020634396 -122.38080524847213
7678 37.76129053135105 -122.46922854558466
7679 37.78729405978799 -122.40398223240395
7680 37.77967517235139 -122.45698899636467
7681 37.7186132259464 -122.4654125464282
7682 37.719504044052435 -122.49818136641319
7683 37.731062315784264 -122.45748916374983
7684 37.74769214046479 -122.4948524077348
7685 37.80377398066304 -122.42207894853864
7686 37.7404903626879 -122.38212415523749
7687 37.803388679385414 -122.43996627697251
7688 37.772365388702454 -122.44557614380382
7689 37.70959696777682 -122.37852285598163
7690 37.70919672899213 -122.49077715932458
7691 37.77875876230522 -122.44132312716894
7692 37.78241532322778 -122.50088597323555
7693 37.72179941909242 -122.49194897690188
7694 37.79627294631973 -122.42908534505054
7695 37.72460287876422 -122.4622788383725
7696 37.74774712388017 -122.458045623656
7697 37.73543514899811 -122.4853064451558
7698 37.72303562089736 -122.40504986101158
7699 37.77569215093246 -122.42209089209437
7700 37.76901923302029 -122.4900155178157
7701 37.72728708032767 -122.3929942325506
7702 37.74540791077841 -122.5060851573651
7703 37.79455581134661 -122.43373139502167
7704 37.771969895941815 -122.47930818341953
7705 37.7240481600413 -122.45346828151068
7706 37.71921832167276 -122.44629767769842
7707 37.73068185341866 -122.40214961032358
7708 37.72854716483883 -122.44241585324093
7709 37.72177687339493 -122.42183370250474
7710 37.71245275848168 -122.46744098724055
7711 37.756249461902335 -122.45167577610293
7712 37.73498375625314 -122.39532221288744
7713 37.71601891595463 -122.46769813299845
7714 37.71971880570893 -122.46264873891961
7715 37.742722297467076 -122.43916996310017
7716 37.75791840354276 -122.47715592007451
7717 37.75463429415792 -122.38743832898312
7718 37.807170194667876 -122.47557595247376
7719 37.72317157757598 -122.40916623264101
7720 37.78146296611046 -122.43094111319898
7721 37.72547868556112 -122.43336206226196
7722 37.77944769483223 -122.39337540648499
7723 37.766461154343844 -122.46432737304771
7724 37.729321793678736 -122.36385096481716
7725 37.711634885839295 -122.40536108701725
7726 37.75412775153869 -122.50896157935595
7727 37.70997480731718 -122.3977012249828
7728 37.76800286872702 -122.48909130980768
7729 37.73446007918581 -122.40741071379234
7730 37.71515670279036 -122.37709491189786
7731 37.7116361853879 -122.39728323607049
7732 37.709987598879465 -122.45903210820873
7733 37.79198096257606 -122.43387742320142
7734 37.78016796255887 -122.47411437595095
7735 37.75767025042239 -122.42917995302363
7736 37.740138047979855 -122.50376614371028
7737 37.73135805413116 -122.42130741138602
7738 37.7624577207806 -122.50775945690687
7739 37.785207571453185 -122.46043542918952
7740 37.72010363234589 -122.49118485828305
7741 37.734422854702565 -122.48083616059716
7742 37.74835463671698 -122.48619151475191
7743 37.76588625464622 -122.51032655198952
7744 37.753599195107824 -122.42539671753312
7745 37.74417448466297 -122.40291950624243
7746 37.72948871043931 -122.36689008339899
7747 37.7654078826167 -122.42657237233945
7748 37.72562696685292 -122.37297520876592
7749 37.7751585883039 -122.39928659588242
7750 37.72235225828689 -122.41378611422543
7751 37.80665150891512 -122.42532585978131
7752 37.7859632698927 -122.3908041437476
7753 37.713061304758625 -122.49443034579318
7754 37.76037912986695 -122.48563310851203
7755 37.74430066273964 -122.46095124647682
7756 37.79730474786656 -122.4390843231626
7757 37.738545246039095 -122.39069331525877
7758 37.743329516039495 -122.45345215103116
7759 37.79941973875938 -122.44100975233728
7760 37.75462075068296 -122.49882212261367
7761 37.72107243044181 -122.40991048634787
7762 37.78973475605577 -122.47799423363819
7763 37.793300628727366 -122.40853405961732
7764 37.72261996637163 -122.36214141204826
7765 37.76088249926915 -122.50839942395318
7766 37.765755760322016 -122.39838015764
7767 37.75442738665318 -122.42655439198316
7768 37.7446502123372 -122.43814787470066
7769 37.748095088377866 -122.42026798885531
7770 37.719070543670824 -122.38742440551502
7771 37.80453415812454 -122.40419840925273
7772 37.73181375769565 -122.3889504435093
7773 37.757694082072476 -122.48180033676948
7774 37.735478506185636 -122.43788895184301
7775 37.73528398947757 -122.39703274759447
7776 37.76070316069334 -122.47845565671328
7777 37.7263716168535 -122.3654447421257
7778 37.75530972227435 -122.50189267108304
7779 37.78369528416604 -122.41031247376577
7780 37.738295827414206 -122.384634185347
7781 37.76677844943368 -122.46685642307325
7782 37.71291160170933 -122.45870389179413
7783 37.792358593121484 -122.40049262747382
7784 37.7355992135697 -122.36595341554481
7785 37.72691792057359 -122.49011806396081
7786 37.738529880748125 -122.41584639414772
7787 37.73906651783604 -122.48205962833028
7788 37.73203008029291 -122.43005464565667
7789 37.79436085742982 -122.42707090345506
7790 37.76952141572424 -122.44939043103575
7791 37.71010639482953 -122.46654707641027
7792 37.74556689175612 -122.476532496346
7793 37.752073667718435 -122.39774338153474
7794 37.780783586960766 -122.5100379099107
7795 37.77160041323366 -122.50960675967563
7796 37.786680680430656 -122.39416665552861
7797 37.74104605993922 -122.39390197763241
7798 37.72966149785907 -122.49260257444523
7799 37.77132359121927 -122.47294277540689
7800 37.74806401338364 -122.50660072841418
7801 37.72269798735578 -122.48481240387142
7802 37.73387568730611 -122.45554809838762
7803 37.741516379155534 -122.37981924723343
7804 37.7797984534205 -122.40042837677869
7805 37.749349145844214 -122.43719631208069
7806 37.76527464545594 -122.41781440980304
7807 37.752784946080766 -122.38274111245298
7808 37.77617759220421 -122.46717614611767
7809 37.72901357738738 -122.47744998137246
7810 37.76224284386154 -122.3831161898051
7811 37.75645501705586 -122.43518136922589
7812 37.76792980836699 -122.38947470736498
7813 37.76521987413096 -122.49775698703188
7814 37.77249106200631 -122.4749098264618
7815 37.74375702199404 -122.4020886034407
7816 37.725346025065605 -122.50058607015028
7817 37.70944313492058 -122.49778912258165
7818 37.765528948235584 -122.46856277361545
7819 37.71990599336303 -122.41900287696194
7820 37.71022673493589 -122.45580627678075
7821 37.80447875004742 -122.40751664034151
7822 37.724495029923325 -122.44367211100271
7823 37.72611633933944 -122.44358301844599
7824 37.78829044883909 -122.43918646233494
7825 37.75958897820367 -122.47618315562725
7826 37.7305249279162 -122.44349057729433
7827 37.79396176261487 -122.393880322525
7828 37.79268255396847 -122.41967731460322
7829 37.778504155322864 -122.4187862836366
7830 37.709729841277465 -122.40376592461263
7831 37.71125362015346 -122.43567873310887
7832 37.75112787874373 -122.44301095903727
7833 37.73946435476033 -122.4998459780743
7834 37.758074906894294 -122.46119726237823
7835 37.76910458655913 -122.50588812507273
7836 37.79680759977691 -122.41931523349383
7837 37.72510740093002 -122.38159441286766
7838 37.7804613120607 -122.46326971864138
7839 37.76921314867021 -122.506522271071
7840 37.75566395089776 -122.4767771891752
7841 37.78305775068215 -122.45854199251133
7842 37.72578581849161 -122.42660216071245
7843 37.73950773834722 -122.48098309166275
7844 37.79460791773785 -122.41049930985288
7845 37.73879421046183 -122.49283309538924
7846 37.74694463361812 -122.44340592946689
7847 37.72387795256063 -122.3823682294806
7848 37.793459430559984 -122.46749578154562
7849 37.75980721010597 -122.40036228799742
7850 37.80394490985938 -122.46603525760315
7851 37.7620481532401 -122.39579336541655
7852 37.762823328544755 -122.48778395066448
7853 37.760858187364086 -122.45976931208102
7854 37.79088954168353 -122.39897104828763
7855 37.724951476685185 -122.47393770624794
7856 37.73999728610694 -122.40867714364123
7857 37.73564090583269 -122.46436250013207
7858 37.777053598334604 -122.39994417688516
7859 37.71277184410743 -122.407404449297
7860 37.71101170717397 -122.38759901422557
7861 37.79927229467781 -122.39601445810334
7862 37.75264853605218 -122.38631874573676
7863 37.796592073617546 -122.45455906643517
7864 37.7860291744598 -122.44119156574592
7865 37.72010064192131 -122.48137324428693
7866 37.77872751558727 -122.42699768040477
7867 37.73093709598793 -122.46436238872772
7868 37.73248128958592 -122.3782660057197
7869 37.755864504007754 -122.43943169999167
7870 37.78740243221302 -122.47173640037472
7871 37.72471215092991 -122.41135361052407
7872 37.7348776657931 -122.4920291077155
7873 37.76410121122688 -122.44008974696575
7874 37.8005893179948 -122.45954703768044
7875 37.747946291260476 -122.45570189713365
7876 37.77658550677398 -122.4957762083002
7877 37.77363763321529 -122.44556253097508
7878 37.79113615271621 -122.41270250337381
7879 37.75548786032589 -122.4932230279838
7880 37.727562387605246 -122.50622937941148
7881 37.72628237708654 -122.4548566229843
7882 37.73458059460745 -122.40303151264935
7883 37.784977874699024 -122.48062811434664
7884 37.78297767117622 -122.38654849374664
7885 37.77992368993073 -122.39355548654113
7886 37.80830291914464 -122.41365637763742
7887 37.732825818802574 -122.50036099653596
7888 37.78612707901267 -122.44033499665127
7889 37.71854793315916 -122.40203055034888
7890 37.71676674358002 -122.4894499502776
7891 37.71681663074288 -122.44385645528564
7892 37.73822241594326 -122.47458438828116
7893 37.71090424033491 -122.50011754989814
7894 37.77256624802417 -122.45642457133147
7895 37.80428388755941 -122.43376120800657
7896 37.805165125337254 -122.43138405597122
7897 37.74036698611247 -122.39970241929862
7898 37.73196621104146 -122.3850992285132
7899 37.72811417857845 -122.46326505675336
7900 37.74425011662544 -122.50271862747913
7901 37.787229483748284 -122.44056214116345
7902 37.77236465149535 -122.49530140416955
7903 37.78830990514489 -122.38682691394628
7904 37.71503237882817 -122.3963556208633
7905 37.714180281182315 -122.39322987002201
7906 37.77648062110845 -122.48084153685737
7907 37.7725664399086 -122.41554906179955
7908 37.71681880868576 -122.42283283997617
7909 37.73541015198568 -122.38402663548284
7910 37.730306537606275 -122.36433978312297
7911 37.71801447658771 -122.45610474369421
7912 37.74552123621681 -122.44889764370427
7913 37.776022779920325 -122.40076448003028
7914 37.76017818813337 -122.41468861523279
7915 37.76325666809374 -122.50904457710777
7916 37.726752465171224 -122.47761664218015
7917 37.77734592031465 -122.48092909503023
7918 37.759358609717886 -122.42817771844817
7919 37.79203699591635 -122.48206155336406
7920 37.730035623166 -122.42714334145627
7921 37.76417652880611 -122.39264818673288
7922 37.79086970689709 -122.39566258965301
7923 37.73732671106037 -122.46202604544398
7924 37.74862499737899 -122.39840963955525
7925 37.761946661277264 -122.49767375395884
7926 37.73350681936786 -122.43664077843493
7927 37.7119535403861 -122.38322749003291
7928 37.78912694260792 -122.48853439872842
7929 37.711201775311444 -122.4622305696719
7930 37.787780496056136 -122.40718974243589
7931 37.72765447461492 -122.37462962611077
7932 37.79135137650092 -122.45042525374231
7933 37.74917863155367 -122.4165133417582
7934 37.75518802627706 -122.38246118935359
7935 37.78193462788158 -122.40668683206971
7936 37.7197637980769 -122.48222687296041
7937 37.80063223165293 -122.47780374493541
7938 37.80519965725997 -122.42212525722614
7939 37.75449139941368 -122.4058388178635
7940 37.76188114148933 -122.40644641995155
7941 37.72320997720484 -122.39762435389646
7942 37.76298673574129 -122.40221164356676
7943 37.75623695612024 -122.41193025013291
7944 37.71424403925201 -122.38657400287732
7945 37.768729320492994 -122.40279779537589
7946 37.70936301067536 -122.39036012099072
7947 37.779111190779986 -122.48758025758956
7948 37.76779316760341 -122.44352667529158
7949 37.80615667639956 -122.44887417331567
7950 37.74293840922321 -122.46527973717089
7951 37.74791682722154 -122.39315585430118
7952 37.78720699306654 -122.5064773967159
7953 37.75213020144387 -122.48097792905575
7954 37.72197754586029 -122.48243219702628
7955 37.73743166579112 -122.44795288089135
7956 37.805472269428066 -122.40559657231124
7957 37.74334752702579 -122.41127402479786
7958 37.7863563226927 -122.43624244091963
7959 37.71701147876631 -122.43644933407654
7960 37.79929560955158 -122.39963188962716
7961 37.78047079071716 -122.47125145109825
7962 37.72346766957964 -122.42304161828328
7963 37.73560311621193 -122.43676587432401
7964 37.72126649750865 -122.40470580143044
7965 37.80118437682203 -122.4423794593525
7966 37.771211213413345 -122.38714577865393
7967 37.786801213275176 -122.39308300975397
7968 37.799607736611314 -122.43902539025518
7969 37.73155184354155 -122.4085018843099
7970 37.73957569987417 -122.46905955033313
7971 37.74526687307339 -122.41853932774112
7972 37.79540357669236 -122.45729045802307
7973 37.79565392407466 -122.44127474919117
7974 37.73475446654109 -122.47214952835796
7975 37.8081286009692 -122.47736111874745
7976 37.8001865693235 -122.42214674208967
7977 37.73835917740988 -122.39732789075998
7978 37.73406977104917 -122.50544780064523
7979 37.7312828878623 -122.37348915404377
7980 37.74893760732995 -122.41585028544957
7981 37.77669371762484 -122.47124432036887
7982 37.750309514442435 -122.49926407129801
7983 37.7736924889803 -122.43871701848455
7984 37.73687455782728 -122.49303631876926
7985 37.79352893566816 -122.43187927420956
7986 37.71349897365582 -122.4484371787687
7987 37.792545552567134 -122.45577119084729
7988 37.77875893145304 -122.47306973746953
7989 37.71041826003501 -122.4518987283862
7990 37.79700126159824 -122.45470762103186
7991 37.73256438560157 -122.39145014932886
7992 37.723000702707026 -122.43139796874321
7993 37.742971026734025 -122.40860281770664
7994 37.76103903288541 -122.40071277980581
7995 37.76486348489319 -122.4404132340892
7996 37.78443724992017 -122.38927450533843
7997 37.72440368497838 -122.40181140416199
7998 37.78234782355437 -122.46443751829148
7999 37.79659149465048 -122.46696354286527
8000 37.78720120333581 -122.46060646967365
8001 37.72752139932949 -122.46032396692658
8002 37.72496892595328 -122.4667884016753
8003 37.75304041900934 -122.45602830426373
8004 37.77266929533348 -122.49228706878733
8005 37.711943548529675 -122.43728329462567
8006 37.784912601430804 -122.45063559707344
8007 37.72281225329005 -122.46648836860128
8008 37.754812940449995 -122.44823511147969
8009 37.7486122536922 -122.40144686025896
8010 37.717194166267056 -122.38314274922548
8011 37.73850559430662 -122.47703444930622
8012 37.73858351619734 -122.38379854496118
8013 37.73827150880886 -122.38183293702546
8014 37.74140776163766 -122.42054855188601
8015 37.79936201281341 -122.42913861824944
8016 37.72286730407856 -122.37132264196356
8017 37.729929117207426 -122.35785043632244
8018 37.71980910904231 -122.43054061432306
8019 37.770690280229424 -122.47521903926378
8020 37.72918460701896 -122.38599258538594
8021 37.730364524214686 -122.4760025520668
8022 37.714461375730245 -122.4638886272668
8023 37.77001628391564 -122.44202650709695
8024 37.71513837706759 -122.39676720139741
8025 37.70902731455419 -122.48059510214864
8026 37.730918282610176 -122.38453493391312
8027 37.73825181920573 -122.4133577354617
8028 37.74286733911497 -122.49161487953768
8029 37.781750596909646 -122.44345848415323
8030 37.801427802407915 -122.41384218116501
8031 37.77058116893707 -122.47140649465773
8032 37.799775496023635 -122.3977616267638
8033 37.72197643114712 -122.36672723097844
8034 37.714843679559166 -122.46229867675403
8035 37.72267681050062 -122.36603237116621
8036 37.75270311241164 -122.42571263174442
8037 37.805250894771795 -122.44119364846928
8038 37.72879750613942 -122.41760463250617
8039 37.76711468172594 -122.50245116995961
8040 37.7811050682378 -122.45720398894849
8041 37.73404777593661 -122.43553731072073
8042 37.75764400409377 -122.48367257897625
8043 37.74125860418417 -122.39909595878338
8044 37.73886775328727 -122.43696463125983
8045 37.772644688586716 -122.43705243333021
8046 37.800732559068486 -122.43688271380768
8047 37.776648429518914 -122.41243890851314
8048 37.74783126215401 -122.5031505912065
8049 37.70823793863757 -122.43596359439628
8050 37.77422734631582 -122.40498277931205
8051 37.793521536848154 -122.3909715041963
8052 37.72420792436874 -122.48361023107462
8053 37.733155706555635 -122.40941890962777
8054 37.716342077383295 -122.36524732826905
8055 37.7191774363714 -122.42060751113173
8056 37.78253097680867 -122.4855977595742
8057 37.717465435846194 -122.47291496585832
8058 37.739324255247226 -122.39660900754372
8059 37.797918218306 -122.43679566368334
8060 37.768643424301295 -122.39236953715036
8061 37.71151202422884 -122.41091854629516
8062 37.75277867214228 -122.47124317802431
8063 37.78487619902557 -122.43392998496498
8064 37.738418377910605 -122.47859231594897
8065 37.71789166349565 -122.45684897421411
8066 37.80493426924558 -122.45440579040863
8067 37.75969675079355 -122.49352573379754
8068 37.745903672096496 -122.45271643838414
8069 37.766587311437895 -122.47705246495059
8070 37.71603095870622 -122.38855443400213
8071 37.752707850411255 -122.50269415943839
8072 37.7377382805425 -122.42267009032739
8073 37.77772238169334 -122.47855542179363
8074 37.74485907130968 -122.44467173306914
8075 37.75220864871605 -122.40381285803136
8076 37.765404515089564 -122.47566200504136
8077 37.769900360472 -122.41832414382256
8078 37.73241644093307 -122.4240690056685
8079 37.772361456566074 -122.51126189374526
8080 37.72747820337614 -122.43129394634141
8081 37.77059204995699 -122.46863672029413
8082 37.77941436605688 -122.42148630795708
8083 37.73888489614603 -122.4366028626434
8084 37.715576074910466 -122.45118636471256
8085 37.72856330435973 -122.45738111731798
8086 37.719142749506695 -122.4059306210115
8087 37.74439960862089 -122.46385301489886
8088 37.73553796120566 -122.38320379365754
8089 37.80731324377665 -122.44746590741072
8090 37.73355272845546 -122.4976104300468
8091 37.726884679046506 -122.44389971005916
8092 37.761870073512995 -122.43347200566052
8093 37.79058129465644 -122.4156570820046
8094 37.723009752219404 -122.45975297563564
8095 37.71050423319052 -122.38740319149511
8096 37.745079745811594 -122.37922371389524
8097 37.772680019636915 -122.38957440858148
8098 37.725066043306725 -122.37291692915272
8099 37.80479134070554 -122.4094707785865
8100 37.797573846908215 -122.42222352156071
8101 37.73373353294193 -122.38300591004732
8102 37.78934498808895 -122.42292940213778
8103 37.751395770362755 -122.3938262661834
8104 37.7772102188971 -122.44173747177989
8105 37.76183254247037 -122.45946324600955
8106 37.748725094040005 -122.50820527048947
8107 37.783450396826346 -122.39033051631137
8108 37.77021950830784 -122.45461233733785
8109 37.72171688033192 -122.36902605273791
8110 37.77196162718088 -122.47561932649505
8111 37.74594850711274 -122.42101883149354
8112 37.769831687549335 -122.45848468159313
8113 37.76381189767352 -122.42699332914182
8114 37.769096212201035 -122.40626930305763
8115 37.733455484209784 -122.41235768875286
8116 37.780652031845506 -122.46607719380985
8117 37.70958118663989 -122.48348890921088
8118 37.78129556848554 -122.41747100113213
8119 37.71832700863915 -122.49903240668854
8120 37.71702243885882 -122.39668700219573
8121 37.75748317751016 -122.384283359439
8122 37.722109542019126 -122.42620319123952
8123 37.72888386884779 -122.47184420497946
8124 37.75423015896775 -122.49296931597753
8125 37.73662552941638 -122.45915087513046
8126 37.7842696003192 -122.49462156110583
8127 37.761910255607624 -122.39034358857515
8128 37.746816966086925 -122.49924695323486
8129 37.73753684280403 -122.41349930728975
8130 37.73797840124334 -122.41173452141561
8131 37.757363602334024 -122.45298138089743
8132 37.78732831981833 -122.47817758461845
8133 37.79222101451368 -122.39823838925226
8134 37.72165098760304 -122.38554932717044
8135 37.75913879788431 -122.43697956703328
8136 37.78191117011295 -122.43117824115144
8137 37.76826657868646 -122.38899496483664
8138 37.76656075263425 -122.50062524979496
8139 37.80178171791914 -122.42165012714732
8140 37.72841538975524 -122.43561297065895
8141 37.70952820442407 -122.45208172459678
8142 37.73429113922114 -122.38152928899957
8143 37.75491400156866 -122.48208328906243
8144 37.76007057133843 -122.49868037418841
8145 37.758865900261895 -122.46261292485227
8146 37.7776377690482 -122.50355730822952
8147 37.796890610306136 -122.41084226624322
8148 37.76304060460386 -122.4839956856166
8149 37.75812460444279 -122.48282840942184
8150 37.739926645273215 -122.39313428886898
8151 37.72182288181687 -122.35944778633777
8152 37.739773723257805 -122.45799136685578
8153 37.80050300364751 -122.40847919723181
8154 37.73675145969717 -122.39748075970789
8155 37.7687991631742 -122.47674212497758
8156 37.74839272370577 -122.46081595392866
8157 37.767276378922425 -122.44925426638193
8158 37.759775127924 -122.48789095153866
8159 37.74907482426878 -122.4552032457937
8160 37.7752545615839 -122.48131369300525
8161 37.749030830974526 -122.47221457076685
8162 37.802437920422726 -122.4319517477327
8163 37.74958226786991 -122.43883420685587
8164 37.74444654348463 -122.41468900793407
8165 37.75078497797478 -122.38841783127114
8166 37.773264643540266 -122.42201377036403
8167 37.749361130771256 -122.43469894898178
8168 37.715007515814655 -122.44393336615433
8169 37.78679841936734 -122.43879522534253
8170 37.73519338536636 -122.39243672250355
8171 37.733861156225785 -122.39785055495862
8172 37.74655765243147 -122.37645096422813
8173 37.74843900665096 -122.4475619106169
8174 37.77698491785759 -122.45250715843909
8175 37.768964609831016 -122.41329775058179
8176 37.74719349527168 -122.46722309105017
8177 37.74676457481058 -122.47002473186814
8178 37.75931260676511 -122.46710173682605
8179 37.74200077929426 -122.46008851520436
8180 37.77656261693097 -122.47340607645096
8181 37.77114111024718 -122.46591936077866
8182 37.72580236082965 -122.40230735216883
8183 37.73643290495227 -122.39836745625165
8184 37.75335469177219 -122.4841894815167
8185 37.783265740523206 -122.45236815425804
8186 37.79360603977889 -122.44739210237692
8187 37.77839866882916 -122.3938162499782
8188 37.7703050302228 -122.42686985607378
8189 37.726346032798034 -122.44425692424677
8190 37.71744367896852 -122.38314720592393
8191 37.72760020701307 -122.41070992706301
8192 37.76303663717858 -122.4330093291686
8193 37.79440212986568 -122.46764374866265
8194 37.737154897444256 -122.37534540905564
8195 37.75328334178223 -122.50420236388884
8196 37.722634363686296 -122.44971189496744
8197 37.797979788670645 -122.47942577497885
8198 37.716069772321234 -122.43234196702913
8199 37.729961103443436 -122.38103163622068
8200 37.80361055257097 -122.40230535526817
8201 37.77502053218573 -122.43126717108147
8202 37.77692346100938 -122.40480583238524
8203 37.76793514433408 -122.40109327211539
8204 37.72564106076706 -122.49040684731419
8205 37.72281422527478 -122.42061732961777
8206 37.78760274860141 -122.48789917495196
8207 37.75454335185952 -122.41592604993181
8208 37.73026763780129 -122.4265913225153
8209 37.772588926058766 -122.5050235831899
8210 37.75825651279098 -122.42234879736098
8211 37.808089626409455 -122.41990350279958
8212 37.755457806160614 -122.476725879284
8213 37.775541770525194 -122.39491185811484
8214 37.780740208758075 -122.4006521939849
8215 37.7310774488663 -122.4456603445922
8216 37.77351946917069 -122.46009357935067
8217 37.75691421312776 -122.41454776338455
8218 37.78871760626564 -122.45087811852237
8219 37.71519664466723 -122.37944558107412
8220 37.71693038258261 -122.3887942786813
8221 37.78702998342743 -122.38647575884072
8222 37.76411551592277 -122.41645087884979
8223 37.74492293787656 -122.41382894237407
8224 37.75924790414647 -122.48822444642224
8225 37.79246910987474 -122.42162804063346
8226 37.72455507212137 -122.38536631831775
8227 37.75080032305062 -122.40173499283412
8228 37.71866712734103 -122.44210269319724
8229 37.78830749877652 -122.46883114448546
8230 37.73381493095649 -122.38553142656667
8231 37.78134411774214 -122.43293055923763
8232 37.79530774795641 -122.40499522440777
8233 37.72782698978877 -122.40610013594238
8234 37.73209398848466 -122.3903008970861
8235 37.73521106447599 -122.39323318133665
8236 37.7497602339671 -122.39913175105212
8237 37.76332426536537 -122.46302111307621
8238 37.76730346810841 -122.4931058023192
8239 37.76699800114548 -122.47362117003163
8240 37.72846970915373 -122.42415358289422
8241 37.740716222323535 -122.46577958937542
8242 37.79612192254159 -122.47206363440624
8243 37.78322218473047 -122.4631919801841
8244 37.71732911447219 -122.4026522973985
8245 37.77961681715259 -122.43141590910417
8246 37.74165085596188 -122.46618693902298
8247 37.719781342563245 -122.45719236166563
8248 37.754343361752994 -122.389839841972
8249 37.70875146462218 -122.44343590254314
8250 37.7483367446188 -122.41444662061905
8251 37.74013213388358 -122.47849604931255
8252 37.71471957855568 -122.45427598008742
8253 37.71454454414281 -122.4409000698533
8254 37.7465115045969 -122.49988211212624
8255 37.79468970152329 -122.44620279319994
8256 37.751358744900074 -122.49959541881508
8257 37.78489636672846 -122.47958851438807
8258 37.78821050917429 -122.50024644905524
8259 37.723826681984725 -122.36332315417003
8260 37.72402646804027 -122.40970301163091
8261 37.728415977493 -122.44024272293333
8262 37.7700331238526 -122.46551848163642
8263 37.74240226259626 -122.37900489316033
8264 37.75670672043699 -122.46248993075707
8265 37.77573036108416 -122.4302870530213
8266 37.7418345645631 -122.49646261286543
8267 37.77386146635909 -122.41623987053171
8268 37.76969798796136 -122.41667189923231
8269 37.7968923533547 -122.41158005697054
8270 37.766012557297785 -122.44551147310497
8271 37.73723904347362 -122.48183513175012
8272 37.72222061833659 -122.49918681147334
8273 37.710211829339855 -122.48721056291993
8274 37.74308745248882 -122.4616325781186
8275 37.7393084698941 -122.4757246036756
8276 37.79283953158565 -122.42783218578491
8277 37.792315791458954 -122.4122293200276
8278 37.77504275451336 -122.49873025347581
8279 37.76739192035398 -122.40864853062303
8280 37.75817908111022 -122.48445226665562
8281 37.77211665149636 -122.43517232179238
8282 37.79369964859234 -122.48319649337338
8283 37.76141740760673 -122.48722256827756
8284 37.733012762373065 -122.39320024197163
8285 37.771907912167414 -122.42451463341254
8286 37.775157681015784 -122.460637978348
8287 37.71694636086636 -122.36652857950719
8288 37.771990931451754 -122.41858795831227
8289 37.78340961502222 -122.5044242386027
8290 37.744083935938484 -122.43044982300145
8291 37.731729080714715 -122.49855387491762
8292 37.738327526467366 -122.42995203254766
8293 37.79169894787594 -122.40363097163203
8294 37.775223675591015 -122.47445296560517
8295 37.715254361934676 -122.40358168315237
8296 37.72487763136 -122.3742984404863
8297 37.747806273742746 -122.47772811753029
8298 37.72154417984852 -122.42247892803573
8299 37.714208727020825 -122.45794404871184
8300 37.76141426091526 -122.4812111464848
8301 37.72352823466579 -122.36512781007043
8302 37.7136001722365 -122.49465353914165
8303 37.765923016759814 -122.41912292134599
8304 37.715787152468565 -122.43832013842851
8305 37.77348585506113 -122.42518807301835
8306 37.780780868320264 -122.48104827746272
8307 37.75159148058022 -122.48914788794065
8308 37.776732792207845 -122.4478055524246
8309 37.724324949536026 -122.41114355539774
8310 37.764004582734195 -122.42755637264654
8311 37.713411247804345 -122.40912762844253
8312 37.72718484639367 -122.44235758258631
8313 37.8038951433027 -122.44190770875173
8314 37.73140359571338 -122.40577569323196
8315 37.76159877582544 -122.49146000854317
8316 37.777794163378545 -122.41566033529931
8317 37.71973487196562 -122.42931361797245
8318 37.74138725709805 -122.46755579829221
8319 37.741726305269715 -122.49102234415355
8320 37.76558133851769 -122.46752275994744
8321 37.74198424162165 -122.43661624115374
8322 37.78115636344689 -122.50172702693663
8323 37.72128371394777 -122.49147450327615
8324 37.80160238863522 -122.42796293318206
8325 37.767315503515725 -122.50485797514968
8326 37.736197734358804 -122.46046400341253
8327 37.70981704427418 -122.41479311352239
8328 37.734741697681535 -122.40986558124779
8329 37.75475573346031 -122.47125229754778
8330 37.73099275004635 -122.43435085332283
8331 37.781265156825036 -122.47899959098869
8332 37.70848692552833 -122.47679671113904
8333 37.72031495435782 -122.41136141230642
8334 37.75302692688865 -122.45283383712527
8335 37.778360456252216 -122.4676243015472
8336 37.777679668889554 -122.49768248040948
8337 37.737609950728725 -122.44463050825598
8338 37.748990808607374 -122.38495761274028
8339 37.78497661869428 -122.50546115282526
8340 37.73350925789452 -122.49844722475514
8341 37.770494353401176 -122.41968211593158
8342 37.713207775254965 -122.46313408396058
8343 37.75323005735532 -122.39231349216793
8344 37.79769614622206 -122.47814730522283
8345 37.79468208265968 -122.43717104815326
8346 37.804340551311185 -122.4148994587579
8347 37.76541736973694 -122.48831897941584
8348 37.80242284246446 -122.42686452790123
8349 37.7155133732259 -122.46237321222573
8350 37.74528899568679 -122.45632442862131
8351 37.79577192464508 -122.42706187323172
8352 37.73301223750913 -122.41887341211432
8353 37.74863887628961 -122.50112518589765
8354 37.79422872799088 -122.47839735303468
8355 37.73398427893548 -122.45565192750226
8356 37.718147296516484 -122.4949546890937
8357 37.783820908255585 -122.44529873576332
8358 37.779779257284645 -122.39441063071757
8359 37.726243397042076 -122.42855666585676
8360 37.74977447784628 -122.4315781124121
8361 37.77745455390503 -122.40276068869557
8362 37.76990453228273 -122.44279592570301
8363 37.73041807660538 -122.49396019504547
8364 37.771363832137794 -122.48361483230107
8365 37.80372613591679 -122.4739246183331
8366 37.80089052293995 -122.45384592482176
8367 37.722432201794796 -122.49090508606888
8368 37.75045837081369 -122.45138476788026
8369 37.79635930387339 -122.40598258816718
8370 37.779122603644446 -122.43058545685695
8371 37.725411684432885 -122.40535062921418
8372 37.76715638722385 -122.38806018908089
8373 37.76493859497397 -122.42394381388937
8374 37.776009870668496 -122.4466867486267
8375 37.72849405641177 -122.46992694085787
8376 37.7332681286694 -122.39798233486123
8377 37.74899251768482 -122.43183902638253
8378 37.8024452263889 -122.44326842155701
8379 37.80213508397329 -122.46453074834659
8380 37.7764326414334 -122.48103267113989
8381 37.70905980087344 -122.38977877314721
8382 37.760717023409065 -122.46334001075307
8383 37.744603044204915 -122.48564785957016
8384 37.71922139900519 -122.50016360621547
8385 37.72548832634395 -122.49704680502634
8386 37.73355910069757 -122.50489072005277
8387 37.7638820815537 -122.43238053366068
8388 37.781083612555825 -122.50938150199306
8389 37.72083158508506 -122.46033303647616
8390 37.79627060718576 -122.40063025716722
8391 37.71134081744942 -122.40697275026508
8392 37.76272143888661 -122.4809168736597
8393 37.75857024808375 -122.40527371303905
8394 37.7746406813044 -122.46032149996014
8395 37.722848796274555 -122.40327832342446
8396 37.77503651710775 -122.47873593232823
8397 37.72057124651052 -122.4569433823689
8398 37.74110200929594 -122.39449657708883
8399 37.75446651095443 -122.45791677734074
8400 37.736933691209714 -122.48206986946307
8401 37.76351492836486 -122.43802275861673
8402 37.782088288523326 -122.42361347168581
8403 37.72607638234454 -122.36425523639697
8404 37.728204139038674 -122.41552465537433
8405 37.74098155522475 -122.40246136983879
8406 37.730432011663964 -122.4820127390358
8407 37.72403683758504 -122.37061308026625
8408 37.75461884673781 -122.50272901168306
8409 37.73620355636679 -122.4581080709391
8410 37.800479129361335 -122.40464509657997
8411 37.732237622865725 -122.39506691567695
8412 37.740875161162734 -122.41894098104792
8413 37.72637992453831 -122.39624319258816
8414 37.71667253057813 -122.43653115611576
8415 37.7555061112419 -122.43566459880758
8416 37.75082860831903 -122.39255197243216
8417 37.753707609054196 -122.47971072138556
8418 37.764119641631936 -122.4611652527624
8419 37.742460851075926 -122.37431928380691
8420 37.708583258862525 -122.46579183311404
8421 37.72178653178307 -122.35968457285159
8422 37.725673523559834 -122.37456986532828
8423 37.71281493265465 -122.41293701502367
8424 37.75916600737213 -122.44867196458384
8425 37.70891866216216 -122.48071534585318
8426 37.71508745848364 -122.43752953990074
8427 37.723472818334756 -122.36658696388714
8428 37.71007936828465 -122.38292631899566
8429 37.73153453100985 -122.459048324056
8430 37.77817763879226 -122.40225444415806
8431 37.76436395447278 -122.41132790370379
8432 37.74701826625632 -122.3873406393547
8433 37.75308029000885 -122.39620554283088
8434 37.77901984851568 -122.46360495195852
8435 37.71709428539723 -122.48695671897235
8436 37.7258474669038 -122.37277949437947
8437 37.78449241148463 -122.44314448937128
8438 37.75843803356323 -122.40960111117323
8439 37.792181987910084 -122.40222981013811
8440 37.74141008059188 -122.47154621700737
8441 37.73090811973695 -122.39319848297289
8442 37.7653151524477 -122.45254997380029
8443 37.75517694735537 -122.43452254249442
8444 37.77230449450521 -122.41559195280036
8445 37.73131428131045 -122.42141437631044
8446 37.785873309060655 -122.48056478271566
8447 37.715195119849696 -122.45255303042667
8448 37.71366821937389 -122.41238080888121
8449 37.70928453974001 -122.46925338150402
8450 37.72548732717145 -122.36519150240255
8451 37.77398685706055 -122.41208849025898
8452 37.80309959587066 -122.40456951697857
8453 37.73697227412742 -122.43978564838909
8454 37.753880027273375 -122.47272623257554
8455 37.738225114728394 -122.4364961725459
8456 37.807880842383696 -122.41193075841745
8457 37.789803510144054 -122.47123110743377
8458 37.78881086830685 -122.3931517261367
8459 37.714813347601456 -122.44241624073024
8460 37.781133538189565 -122.51186959430974
8461 37.7099621073978 -122.42233017771741
8462 37.769482806110254 -122.4556499476807
8463 37.73783276833598 -122.4442982973652
8464 37.799543088008164 -122.45644581694013
8465 37.804080801498685 -122.44976432092571
8466 37.75509040986645 -122.47315614518057
8467 37.80063623229315 -122.42081397258836
8468 37.754705410843194 -122.45814899536029
8469 37.795420608993254 -122.42353803018722
8470 37.766126819503626 -122.47604759771981
8471 37.76986544530469 -122.50728807477059
8472 37.805856917831726 -122.42490650102157
8473 37.78297055043689 -122.39645662766132
8474 37.74307733682366 -122.48018991480672
8475 37.76531023142777 -122.47397670222657
8476 37.72008473681746 -122.47459073421173
8477 37.77317290566661 -122.44360172625643
8478 37.750307976377364 -122.49893397973581
8479 37.73398792947198 -122.45848406444259
8480 37.741581884622036 -122.45539957151699
8481 37.769895686136 -122.39183668479684
8482 37.72425926336955 -122.47461499357469
8483 37.7919479731995 -122.41959847937979
8484 37.72455296493676 -122.40206898115495
8485 37.753893785383745 -122.42335586256304
8486 37.803050802964165 -122.4699546948324
8487 37.719276222502565 -122.50035951785092
8488 37.74864065286433 -122.40879039863432
8489 37.7972979517011 -122.44462857168115
8490 37.78711074090671 -122.4401965212881
8491 37.77145039654943 -122.49490824747157
8492 37.76060015111081 -122.4963455321201
8493 37.71117044361699 -122.49543833921064
8494 37.77895477435757 -122.38535281987556
8495 37.732126909540064 -122.41010332403222
8496 37.74589829923163 -122.49098644211809
8497 37.74557016096449 -122.43868065853063
8498 37.79710186922844 -122.47845914050808
8499 37.71132241952715 -122.45763425933612
8500 37.756455637509816 -122.50230034252213
8501 37.745850633243016 -122.37839221632933
8502 37.71457959480372 -122.41101973395062
8503 37.73763163198613 -122.39210385521856
8504 37.76696678017796 -122.43953293588889
8505 37.75831230252681 -122.4951153241767
8506 37.80177128823404 -122.4548429560396
8507 37.755845230431405 -122.38650646921678
8508 37.79736388646433 -122.42078837651296
8509 37.74375963108093 -122.38066858575274
8510 37.79706071063248 -122.40785831631163
8511 37.74977277853829 -122.46422118402819
8512 37.7431184940349 -122.49508229976642
8513 37.76800543831665 -122.45660049142992
8514 37.77300175732268 -122.45422759075456
8515 37.72969610684672 -122.48104787451555
8516 37.75053376524045 -122.4118238352977
8517 37.764165986025795 -122.47694712592029
8518 37.77228442098541 -122.39660139967066
8519 37.75505489397588 -122.39471364910705
8520 37.780138786880634 -122.4673230473187
8521 37.802981973195145 -122.47058011523633
8522 37.77139393280134 -122.38724101280012
8523 37.716731415964084 -122.39521474318848
8524 37.777695297359855 -122.4819305353537
8525 37.73185713163491 -122.4333442527957
8526 37.77468385129961 -122.43512143794811
8527 37.770636454801085 -122.4325364467712
8528 37.753360257642385 -122.50274843232243
8529 37.72986898762587 -122.46677948075722
8530 37.71767021335345 -122.49666851956175
8531 37.71956227773713 -122.46414621249176
8532 37.74463527961174 -122.42818479891233
8533 37.74500679505981 -122.38528055784981
8534 37.77688690620767 -122.49599591350258
8535 37.79938011927883 -122.4759355740342
8536 37.728231074942755 -122.37664290246984
8537 37.759497914588316 -122.41570629671286
8538 37.75552897324525 -122.47180288542776
8539 37.71712565026232 -122.43884354012553
8540 37.78296706827494 -122.49119578598986
8541 37.727192138852246 -122.4118866253882
8542 37.730089989760764 -122.49771841896262
8543 37.793403013342406 -122.40079371771697
8544 37.80077685700984 -122.46860937175146
8545 37.75630882785716 -122.39849184601792
8546 37.80560915448203 -122.47840384940316
8547 37.72503476891641 -122.45138078678436
8548 37.78444431609209 -122.48275391619696
8549 37.75437822364138 -122.44984089915927
8550 37.78132042393566 -122.50070935346733
8551 37.732376295169345 -122.47581464433425
8552 37.71371985607648 -122.43557634424991
8553 37.7535312446573 -122.4248696644269
8554 37.791889065554365 -122.39130492376617
8555 37.78900534037111 -122.46579856953853
8556 37.77081616354041 -122.39830352292078
8557 37.77364786855759 -122.39413217467818
8558 37.745958248528545 -122.40312464478258
8559 37.73199159244222 -122.39828100173291
8560 37.75719357952754 -122.46200731617569
8561 37.80502013091708 -122.45366810080182
8562 37.712817855101974 -122.39094699782704
8563 37.7393052416582 -122.4810345091821
8564 37.77619800566513 -122.47454675560103
8565 37.771891769346624 -122.47214987228922
8566 37.78511309992874 -122.50515017411192
8567 37.7435068543877 -122.38360050675229
8568 37.73701675950363 -122.4257498831551
8569 37.72326249357756 -122.38943095953249
8570 37.79543428144019 -122.43060157163367
8571 37.74222502987302 -122.43773158126879
8572 37.75217706516878 -122.45855115462834
8573 37.70870892629681 -122.42754916121575
8574 37.73585064621623 -122.42173366314461
8575 37.74546689012348 -122.50329213888017
8576 37.78341222758402 -122.39548542507518
8577 37.761342067553564 -122.4285982292975
8578 37.770073484674164 -122.41627953660753
8579 37.77117945415246 -122.47176507223833
8580 37.763034881921584 -122.50131606237072
8581 37.723650494197514 -122.5033941263824
8582 37.75689030992145 -122.50654659775734
8583 37.779566021405344 -122.49782551791236
8584 37.77366526464255 -122.46707892110497
8585 37.75427019011947 -122.4837895346654
8586 37.745223939802756 -122.50131060281662
8587 37.779479440962994 -122.50573578531936
8588 37.7889399167939 -122.4675643516993
8589 37.71629380222799 -122.38023917354438
8590 37.75823590992226 -122.49700148320731
8591 37.79921977194205 -122.45912936944323
8592 37.76525007559655 -122.38725931020933
8593 37.712541766161834 -122.50141288870508
8594 37.75618718078117 -122.39757697757688
8595 37.754766830400364 -122.38327692954007
8596 37.7766209987429 -122.38526685211959
8597 37.749500083523785 -122.45709005115391
8598 37.744409301799806 -122.43359265719666
8599 37.73326073457823 -122.41572520431343
8600 37.72001576031487 -122.40747118363625
8601 37.7626439838508 -122.43511793538217
8602 37.774913414294794 -122.48364397360655
8603 37.71249950372334 -122.41482625563155
8604 37.76381718520477 -122.51103340062333
8605 37.72007772128306 -122.44226998704403
8606 37.786459869389354 -122.4823356018963
8607 37.77088730519911 -122.49526770681737
8608 37.7728985515603 -122.49191117653139
8609 37.712415659469166 -122.40793438677015
8610 37.792677737296074 -122.44816759008161
8611 37.79839611605768 -122.41295830633489
8612 37.78032106345133 -122.51355154835286
8613 37.75834769109702 -122.38744947181847
8614 37.740531315612735 -122.49996874361221
8615 37.71326874954003 -122.4574397712472
8616 37.710922126021565 -122.46111021815568
8617 37.73974431690458 -122.39342954022922
8618 37.76119063083252 -122.38825051279495
8619 37.73371228886462 -122.40184079738589
8620 37.72283168350487 -122.50291061991739
8621 37.736528609733455 -122.43204322073946
8622 37.740983092484555 -122.39472781433196
8623 37.72609500815832 -122.48447669070207
8624 37.78875690310902 -122.43378796214438
8625 37.7588092519456 -122.4338813029703
8626 37.722264888200414 -122.49261399819724
8627 37.72305308320265 -122.39689970511317
8628 37.79420076660796 -122.42606933790239
8629 37.737125016298094 -122.4191901218102
8630 37.76904323046703 -122.44236339929417
8631 37.75150706601691 -122.39258234318676
8632 37.7451547712042 -122.4033628053839
8633 37.790104326084816 -122.4570189646754
8634 37.79273843456837 -122.42326505582979
8635 37.74418934167487 -122.38082256282237
8636 37.75198877306849 -122.47265725677009
8637 37.7931169033779 -122.4408929463752
8638 37.782323635738535 -122.45846255863603
8639 37.778182446535624 -122.43898264957946
8640 37.71481556449456 -122.41335708935758
8641 37.78722155487646 -122.39259721121051
8642 37.71596987270539 -122.47001996951822
8643 37.76855195234785 -122.48747331867575
8644 37.76887198527847 -122.42928107007491
8645 37.79969283949167 -122.455718810325
8646 37.70840802081084 -122.42012994249046
8647 37.71370379302152 -122.40398900968938
8648 37.73708498432254 -122.48107018197247
8649 37.8023938412324 -122.45317591790993
8650 37.730889761107605 -122.47860640668837
8651 37.77944918756848 -122.42337029557514
8652 37.72707845792193 -122.37066809121117
8653 37.79303463246551 -122.42755608600177
8654 37.76210341369298 -122.50439967689204
8655 37.749887287577245 -122.43508213631847
8656 37.806444529008715 -122.42934654041497
8657 37.74479830846158 -122.49189723314146
8658 37.780626157632106 -122.39774144428499
8659 37.74683769322355 -122.46969301443131
8660 37.7412822785066 -122.49111058685712
8661 37.76882070331372 -122.46768864958526
8662 37.757265418806526 -122.44633643620425
8663 37.751108770057755 -122.41803496431805
8664 37.72267766842454 -122.46494663134594
8665 37.71936929781229 -122.42718417679846
8666 37.768062719896136 -122.41151861107849
8667 37.73884939136544 -122.44506076054051
8668 37.734474075106476 -122.40526839762394
8669 37.766530008449635 -122.49896456094852
8670 37.74918033675727 -122.4077434576654
8671 37.786304006168685 -122.42287885795885
8672 37.7668908243504 -122.39666482367956
8673 37.7675731872845 -122.44451082929218
8674 37.74509319664521 -122.4560360638138
8675 37.77357537597187 -122.4572072313533
8676 37.79698230711359 -122.41163542017372
8677 37.75328466894242 -122.4583170103829
8678 37.74279569740168 -122.42905944514484
8679 37.71222622537302 -122.38964130566102
8680 37.754569858496986 -122.47584785785531
8681 37.78857298695148 -122.47816202175721
8682 37.78685700079839 -122.3920664653818
8683 37.725253209447715 -122.43190689216297
8684 37.75237796938956 -122.39519349013015
8685 37.803689513737204 -122.43103030195374
8686 37.76753191839132 -122.48891341964116
8687 37.737550317869506 -122.47406868908195
8688 37.72190133530909 -122.44752188331383
8689 37.7664820060685 -122.42590591624727
8690 37.78513943245798 -122.40300262659989
8691 37.72606409557245 -122.37150490404052
8692 37.755735239296584 -122.4777177765459
8693 37.7762090968731 -122.3973139072905
8694 37.78905255807338 -122.39122648536235
8695 37.743209188545634 -122.44520796093158
8696 37.7538464643362 -122.43727366027406
8697 37.75816510047939 -122.4972521267134
8698 37.74552292646842 -122.46187793904767
8699 37.76805209955693 -122.48650004974283
8700 37.75629485039129 -122.42245427451454
8701 37.72776905047534 -122.41299204715185
8702 37.76175441614214 -122.4043092445465
8703 37.71523707665973 -122.49720251916474
8704 37.7412879975099 -122.4729142789874
8705 37.74365181198476 -122.4593267602005
8706 37.75372028157367 -122.44002068428054
8707 37.776900515952626 -122.43799593365074
8708 37.79193582518202 -122.4211290730298
8709 37.722645817096115 -122.50480953742276
8710 37.7649627682995 -122.43538795591645
8711 37.770778507110776 -122.4328578820996
8712 37.767674666265236 -122.49267221393146
8713 37.759088123513074 -122.3966192290659
8714 37.71019358070867 -122.4665108052408
8715 37.783328494094164 -122.4490146843021
8716 37.75644820837522 -122.43910981462243
8717 37.73491387693869 -122.45841841763064
8718 37.750097342002455 -122.42832043495369
8719 37.760684689626565 -122.38699033351821
8720 37.74530530819978 -122.38218078191495
8721 37.74778870801674 -122.4734557421054
8722 37.756248413539005 -122.42303981950496
8723 37.72236011439918 -122.44080124461966
8724 37.734187093948115 -122.50393022201789
8725 37.78004632573877 -122.3935982613481
8726 37.712002233563865 -122.42061289762883
8727 37.785140411312995 -122.39439228781777
8728 37.78798508582873 -122.46462616660038
8729 37.73073666176396 -122.44078022053881
8730 37.78215654017243 -122.50616192715697
8731 37.78902911264916 -122.42195581539131
8732 37.72734460073279 -122.42385338023935
8733 37.77495367883464 -122.44387171056636
8734 37.70836581647937 -122.48816576571585
8735 37.72426355186279 -122.46439484801627
8736 37.763457307389906 -122.49158413153843
8737 37.78206990871104 -122.40723529031752
8738 37.79775048584058 -122.4212556452477
8739 37.7618953516948 -122.4056659933924
8740 37.79703332515157 -122.45475111921428
8741 37.79669421119169 -122.4083739545014
8742 37.73724482829241 -122.40927665324023
8743 37.76570840932306 -122.49868120132547
8744 37.713167725986686 -122.48393835188496
8745 37.78828519302779 -122.47695552327048
8746 37.73213661125029 -122.49675733213117
8747 37.74722958347652 -122.46525484480809
8748 37.769074143791194 -122.51084840084384
8749 37.764490870254726 -122.411861551831
8750 37.78756873082929 -122.42771017388486
8751 37.73886011234757 -122.50482616032926
8752 37.794829016167576 -122.41584517664869
8753 37.73841989593034 -122.48636434259046
8754 37.75902322221346 -122.4590305963991
8755 37.71103063435434 -122.42332516681435
8756 37.75390753252925 -122.48127042908506
8757 37.74730285171547 -122.47984542948996
8758 37.73350766476796 -122.42229628945891
8759 37.736821376126926 -122.4202423418425
8760 37.743176367657206 -122.44032080192635
8761 37.80351801821231 -122.40968406151458
8762 37.77275385749376 -122.4223286871824
8763 37.76721736968222 -122.42571100804253
8764 37.795040290521015 -122.41164288302548
8765 37.755561506362284 -122.48542515122453
8766 37.77934963345607 -122.41205140661232
8767 37.72320831478557 -122.4676758450301
8768 37.74408069932488 -122.46554876378259
8769 37.73159811681325 -122.4783664412408
8770 37.7771765410153 -122.4939342768325
8771 37.774412294666234 -122.48630777468952
8772 37.77451331048196 -122.38939472049012
8773 37.7611513822861 -122.43312859374507
8774 37.76059235961733 -122.41751016897942
8775 37.79361543372753 -122.46301329612248
8776 37.79661292477006 -122.45633489279119
8777 37.77726151884235 -122.40813755328955
8778 37.79354841804189 -122.46792209288748
8779 37.73470065122459 -122.40417249817263
8780 37.75857152904536 -122.41836722522147
8781 37.72953532183408 -122.44705350690585
8782 37.709474646084864 -122.42230495503473
8783 37.80656952084335 -122.40657774604946
8784 37.75193830707235 -122.43982047528891
8785 37.78421821441003 -122.42016158024646
8786 37.73246930872756 -122.43200821009711
8787 37.737290576168995 -122.41225858154421
8788 37.7315179083499 -122.5017631045081
8789 37.748245382627076 -122.46975362028702
8790 37.78651247023798 -122.40457402438277
8791 37.779866606029316 -122.46273266362854
8792 37.76938233359905 -122.39567480165202
8793 37.76108028974918 -122.5010828423009
8794 37.72658845712031 -122.48139030335741
8795 37.76776682726462 -122.39095753170801
8796 37.73633302635636 -122.47904859934219
8797 37.7980887741909 -122.4555495330561
8798 37.73907292894338 -122.49928919938284
8799 37.78342746910616 -122.47868699730547
8800 37.71438552500355 -122.46754039001947
8801 37.79188020312163 -122.4253832507473
8802 37.7394107643554 -122.38437991338094
8803 37.791236601195855 -122.45164312338154
8804 37.78102889875081 -122.50721406501968
8805 37.8056588644007 -122.43665747033715
8806 37.72197581764474 -122.428161815121
8807 37.749462765772165 -122.47712682915821
8808 37.72086702265138 -122.45739266305837
8809 37.79344481801079 -122.45072499506638
8810 37.715909724348954 -122.49884178648767
8811 37.71558390391965 -122.44104372128352
8812 37.78351923543655 -122.51232741496601
8813 37.78690963693697 -122.47813137146599
8814 37.76299090258508 -122.47611784893498
8815 37.77976959702358 -122.4752328703797
8816 37.79400499929947 -122.47805973249596
8817 37.7842549091099 -122.47067871745386
8818 37.74268224935766 -122.44717240575713
8819 37.73961917545041 -122.49002970915116
8820 37.77983572026989 -122.44459872979614
8821 37.723862165920856 -122.50269952492272
8822 37.75457315693199 -122.47459120047861
8823 37.757307703172145 -122.39052235780393
8824 37.722012812740424 -122.47961049644911
8825 37.78285933759436 -122.47296950680071
8826 37.722390995185876 -122.48067684359535
8827 37.742749362832775 -122.49889037516358
8828 37.795195777586926 -122.45091856830625
8829 37.78296921263324 -122.43610857156183
8830 37.75046814386472 -122.50773494917298
8831 37.7609277338505 -122.41187592116388
8832 37.71571699516002 -122.44285412487086
8833 37.7656316608038 -122.5071742612814
8834 37.71783652872105 -122.50340173654006
8835 37.71388652639126 -122.4201882263017
8836 37.78850590609056 -122.43843160894814
8837 37.71430632374805 -122.39113834487205
8838 37.71286302741328 -122.48943711285351
8839 37.70995401610214 -122.47030437593719
8840 37.75378202212298 -122.41415578858049
8841 37.80215351394792 -122.47910377401892
8842 37.77600689062385 -122.40884307354315
8843 37.71654030435336 -122.49421755484234
8844 37.764623867819004 -122.50924308682838
8845 37.77924405621754 -122.44484345370618
8846 37.72875131621715 -122.43665916282458
8847 37.71925581772415 -122.46159919649494
8848 37.71190407957306 -122.44002730763094
8849 37.772954800440544 -122.40054203085228
8850 37.74373072039301 -122.42612481007117
8851 37.749475959943936 -122.49223272365724
8852 37.74005454879572 -122.47199341671417
8853 37.76523269599915 -122.43549001372718
8854 37.72751860031555 -122.47303018694495
8855 37.804236094610104 -122.45384816888274
8856 37.73514573022913 -122.50742556087273
8857 37.78193784048173 -122.39866676097638
8858 37.763275383309725 -122.42136581864507
8859 37.7205490818429 -122.3903966429336
8860 37.78032568810836 -122.40352360632131
8861 37.7565160068056 -122.41891416137521
8862 37.72214359122194 -122.43066859048159
8863 37.74822107802274 -122.41561597731929
8864 37.806721023187315 -122.4776117626312
8865 37.75098843473447 -122.45391638744316
8866 37.73123408959917 -122.361757299366
8867 37.7490077683495 -122.45514673571442
8868 37.7434391753271 -122.43932753210089
8869 37.75166255281258 -122.4857731133669
8870 37.74803372478814 -122.46336966966817
8871 37.802759339407004 -122.47838466136855
8872 37.728212676225404 -122.44768263917395
8873 37.719447285187776 -122.46965444742844
8874 37.75687375941246 -122.4869884990495
8875 37.714332777133805 -122.47027798321376
8876 37.803451494710444 -122.45764090233978
8877 37.77489172877991 -122.4363357526546
8878 37.77185068853026 -122.39530694073328
8879 37.75031474384274 -122.49432017164756
8880 37.70941032867181 -122.48832141679344
8881 37.80220634974474 -122.4072389062922
8882 37.785346490196254 -122.47039811226465
8883 37.71748581331277 -122.45582131337541
8884 37.77997380145163 -122.47642317822985
8885 37.78373980330206 -122.42716151313269
8886 37.74063740915728 -122.40766838612774
8887 37.772594713691944 -122.40059856550037
8888 37.7604439730873 -122.38437534030443
8889 37.805581218398444 -122.44989968595335
8890 37.73455019535946 -122.49725890543478
8891 37.746903812301056 -122.4167721824942
8892 37.741515783436995 -122.47934135552738
8893 37.73040314993214 -122.44832585103407
8894 37.80831694119573 -122.43146832990647
8895 37.745488703772544 -122.42993839792695
8896 37.733684946593506 -122.44918478347974
8897 37.7183990723347 -122.47545480423013
8898 37.73664656952806 -122.41000429019246
8899 37.732039513328665 -122.38729303980169
8900 37.7844248203047 -122.39470883068176
8901 37.710840136537556 -122.44453808421507
8902 37.73166137851381 -122.38942346363827
8903 37.72618712036305 -122.43485713221116
8904 37.7463896498037 -122.43782759652429
8905 37.80675828882962 -122.41470313461674
8906 37.72975323209436 -122.39347437622489
8907 37.72016283863212 -122.47209558482923
8908 37.70905260249297 -122.46244401269266
8909 37.77495535094032 -122.38732074924582
8910 37.73790687135701 -122.4360371578436
8911 37.77934137992106 -122.49400666128749
8912 37.71625321472577 -122.43355733046486
8913 37.76872899277447 -122.47331891482074
8914 37.76693521045865 -122.4189425311818
8915 37.7505362881793 -122.49382039224123
8916 37.750073177539235 -122.43527021341322
8917 37.74156042695149 -122.431144428523
8918 37.739070609569204 -122.43352015258674
8919 37.75628120689976 -122.49236829888008
8920 37.717320442368724 -122.4447164405979
8921 37.751524389690026 -122.4631242003643
8922 37.73562587205629 -122.45475891744111
8923 37.72072484451883 -122.39652286884471
8924 37.70855162794316 -122.45542093272326
8925 37.7108857809361 -122.44189434810868
8926 37.80325138072986 -122.47433123942712
8927 37.78483175716235 -122.4448341514765
8928 37.802662225167026 -122.4717398698128
8929 37.71023518981285 -122.488461993999
8930 37.763342671204725 -122.42733382869093
8931 37.78547705656237 -122.42071872066633
8932 37.724464390494205 -122.49006788612128
8933 37.72679226464507 -122.42513566554314
8934 37.80562862321188 -122.41862357194407
8935 37.7377806493151 -122.41937394526143
8936 37.746182672720224 -122.39954618522589
8937 37.77321056530847 -122.40522752435949
8938 37.77527303602994 -122.40315728471755
8939 37.71375140174142 -122.43995497713607
8940 37.80687071464673 -122.47058509109719
8941 37.7652437467605 -122.4953468470181
8942 37.78132291441334 -122.39492118668454
8943 37.737525183563 -122.3978082028661
8944 37.713811470706226 -122.50389737277689
8945 37.750334198504525 -122.47374909584688
8946 37.74001114624268 -122.46053771402482
8947 37.72754754633938 -122.47162034637198
8948 37.717149194960164 -122.48115766209966
8949 37.71820067496317 -122.3668669901951
8950 37.74829765840514 -122.48746958956896
8951 37.80370806670747 -122.4418540769142
8952 37.7391600160407 -122.50236089128313
8953 37.7222843941272 -122.44887894643075
8954 37.71844569924245 -122.491406046484
8955 37.78560614626885 -122.41267428540655
8956 37.75255019477313 -122.4871874343129
8957 37.723161161143686 -122.41644622284147
8958 37.779684321809974 -122.4350880147861
8959 37.77188999048366 -122.40964914386721
8960 37.77833920153668 -122.47146624048916
8961 37.80440640931569 -122.42138794812995
8962 37.75773700847827 -122.49690709179423
8963 37.78115905152988 -122.50285227707451
8964 37.799511759250095 -122.47186190090667
8965 37.730106604932935 -122.50599521151513
8966 37.77588503214854 -122.468645182692
8967 37.7115457177454 -122.45883572341265
8968 37.75229092866534 -122.39692500346415
8969 37.72986185174061 -122.37010815948047
8970 37.709159504049104 -122.43303615638334
8971 37.780977912911645 -122.45458220026808
8972 37.73935305159352 -122.47124514657693
8973 37.746148035990906 -122.43228505474654
8974 37.75616641119818 -122.471339372236
8975 37.76575582440416 -122.40060193617367
8976 37.718519424770584 -122.39367021329454
8977 37.718509376483865 -122.36288744392287
8978 37.72874891584855 -122.4151059894714
8979 37.750304294578555 -122.45529856367327
8980 37.74180713947915 -122.38832757231575
8981 37.71338206926957 -122.46895739058455
8982 37.75159534375854 -122.41089091601796
8983 37.76256849292486 -122.4830349142401
8984 37.807077865486036 -122.42218430378098
8985 37.757571572178634 -122.46088963658266
8986 37.758525276745544 -122.48246077306268
8987 37.7603566089579 -122.4344124073264
8988 37.79734600483702 -122.46414759599652
8989 37.72582476892602 -122.41228597458719
8990 37.79191245168786 -122.39482830892067
8991 37.797027993238515 -122.4542541978782
8992 37.72236938499834 -122.49129612722017
8993 37.75554013947741 -122.4272581758529
8994 37.7373130493425 -122.49813045874679
8995 37.732292634241745 -122.39953849531744
8996 37.77771950866612 -122.4778507049754
8997 37.798552425657974 -122.41784250248463
8998 37.784764184646065 -122.40322310656673
8999 37.804679083389615 -122.41146341851451
9000 37.7365483671757 -122.42773962212148
9001 37.713594323682884 -122.47012972875521
9002 37.77631684611907 -122.4915653389317
9003 37.794651534423615 -122.44655192949439
9004 37.725910440801734 -122.41911249364216
9005 37.80366900572298 -122.45215333258777
9006 37.78058464455697 -122.43996617291727
9007 37.79420449813567 -122.44633753122838
9008 37.72905698692948 -122.44367517257785
9009 37.71963879497058 -122.50275006578383
9010 37.72618812891508 -122.45685306977656
9011 37.77948732607034 -122.46224813021179
9012 37.73811294941632 -122.40415629743971
9013 37.71220267548354 -122.47671426503922
9014 37.78227877724244 -122.39434489231004
9015 37.75978842089515 -122.48931703020185
9016 37.736862868453535 -122.42363640854013
9017 37.74209646530405 -122.46390735499729
9018 37.78194039984543 -122.39410740233721
9019 37.76329513809571 -122.41443855006608
9020 37.76564644687057 -122.4147099166533
9021 37.750351652916414 -122.50531627617752
9022 37.71437267295907 -122.46485886177531
9023 37.73563551609527 -122.47351728157429
9024 37.73173540002222 -122.5065759339719
9025 37.75965611109858 -122.39667706527035
9026 37.74872775128292 -122.40059131424755
9027 37.75799413217456 -122.3856734847625
9028 37.76808278592416 -122.40889506114038
9029 37.772835738148416 -122.42698596360057
9030 37.78527669625989 -122.39530081006198
9031 37.755355519247004 -122.3875297083749
9032 37.76724178830854 -122.47689086648857
9033 37.76336063650972 -122.39113643566544
9034 37.76249259692434 -122.42395749526177
9035 37.78962864570816 -122.41134315341655
9036 37.75020664510917 -122.45024466734841
9037 37.745681901952466 -122.49799882944298
9038 37.78096728063868 -122.38761038472533
9039 37.75170157529178 -122.48500493336194
9040 37.78229053851529 -122.43463613261984
9041 37.73572748223787 -122.41027356125
9042 37.713943924759995 -122.45951252763246
9043 37.779016439815 -122.48076159221853
9044 37.74312309394409 -122.46826230507607
9045 37.7583124630422 -122.50767134082959
9046 37.78917114461145 -122.42391760273323
9047 37.752691700357595 -122.45286304319926
9048 37.767878136113666 -122.42090501762816
9049 37.746344598379615 -122.50287301898996
9050 37.79423486502014 -122.4234393808351
9051 37.72073020652646 -122.42949334426088
9052 37.7875124258916 -122.4147401836253
9053 37.78515073105242 -122.4075656252385
9054 37.71846795250102 -122.45794442000495
9055 37.79392219796476 -122.4585804526716
9056 37.76561651350794 -122.38705331649126
9057 37.7846916982902 -122.38913550856266
9058 37.762772881490775 -122.40498165893032
9059 37.742473812035904 -122.38753999416728
9060 37.714164821724644 -122.47410741599194
9061 37.77699164486424 -122.43456956747632
9062 37.76688812857151 -122.50291661868958
9063 37.782419871384995 -122.4295856117088
9064 37.7830638066582 -122.420402718049
9065 37.75252388557806 -122.4332034382911
9066 37.740207920426535 -122.45914027940819
9067 37.80036824979711 -122.40296982886414
9068 37.78243789328495 -122.48767151226801
9069 37.72259823366539 -122.48498088390335
9070 37.78166026555887 -122.51207668341465
9071 37.71154987371572 -122.44346504236724
9072 37.720049822191974 -122.4279841816126
9073 37.72048873651383 -122.42803880667991
9074 37.729341124033866 -122.46997378282819
9075 37.73220485723308 -122.46730045283333
9076 37.74222123292431 -122.41619895063174
9077 37.7433700778767 -122.4867617046974
9078 37.71319558078769 -122.49363355415082
9079 37.72533436693095 -122.43838194647577
9080 37.803626345795976 -122.444337262519
9081 37.750843817120156 -122.48624080805341
9082 37.75650283930943 -122.48308457902264
9083 37.78119277222983 -122.4767306186772
9084 37.719150145910355 -122.43285349920598
9085 37.719602527470286 -122.43220354127202
9086 37.773947055479574 -122.48526939539273
9087 37.734768879033226 -122.416370817169
9088 37.75960095821815 -122.42112819604685
9089 37.70981054879087 -122.48882999022061
9090 37.77940040720731 -122.44252668434655
9091 37.73957166921966 -122.47760163789701
9092 37.74921623335952 -122.39621363989448
9093 37.75752266494817 -122.45700347725054
9094 37.77553253152805 -122.44705539674324
9095 37.75123119256652 -122.40642377391687
9096 37.80503058030501 -122.425683010783
9097 37.76140387939844 -122.4934317120212
9098 37.762716146364475 -122.39944286540155
9099 37.719034685910415 -122.44295462410068
9100 37.75197216444619 -122.42734145087019
9101 37.77957868227821 -122.42409392356481
9102 37.733578960125286 -122.46509518666251
9103 37.77407902074155 -122.41170727276817
9104 37.76834907222632 -122.49740261019888
9105 37.77461177680149 -122.45777628927326
9106 37.727959499472234 -122.49150136331518
9107 37.726699362403224 -122.46796218202824
9108 37.720366685951646 -122.48746854806684
9109 37.76536902853245 -122.499724643355
9110 37.728222771914076 -122.44244739815034
9111 37.74728527875064 -122.50715606924575
9112 37.79665884065071 -122.45541653497123
9113 37.788022497606505 -122.4945735427431
9114 37.758240891243126 -122.39960772872253
9115 37.78386539921667 -122.40923532037802
9116 37.714492132051106 -122.40971482199983
9117 37.7247691590685 -122.43088105065422
9118 37.777295452530225 -122.40677791867209
9119 37.79436051774652 -122.39163044634314
9120 37.79459132795624 -122.47762270158326
9121 37.75176213580934 -122.39779488655603
9122 37.75508655030695 -122.4323139208132
9123 37.79285195898995 -122.40058915367915
9124 37.76095081952602 -122.39867712684173
9125 37.72646572110113 -122.41619375362069
9126 37.785376901530505 -122.4564336102862
9127 37.80692611434608 -122.42666475959314
9128 37.73290775553911 -122.46271859619286
9129 37.76653479754631 -122.41446717785648
9130 37.73466485691378 -122.36789543457901
9131 37.738759330105935 -122.3840778029286
9132 37.71433813963054 -122.39477918721595
9133 37.76049551701713 -122.49232526310023
9134 37.753215159133596 -122.50168982585467
9135 37.76504730210343 -122.5004749674324
9136 37.793685944859476 -122.39857820590827
9137 37.726173093638295 -122.47334223265783
9138 37.78577467058088 -122.43286921734828
9139 37.768558456529576 -122.49364165653448
9140 37.763661063964065 -122.43719286982551
9141 37.72443220302846 -122.4444188802903
9142 37.75704513330006 -122.41312631568506
9143 37.7767906977188 -122.40779826804157
9144 37.730277590461704 -122.50532725429619
9145 37.77243359159925 -122.40077598300378
9146 37.78035536294645 -122.48823750162258
9147 37.74495974132342 -122.49017250815945
9148 37.7193508212299 -122.4863000738502
9149 37.78646016799602 -122.41718589865896
9150 37.76647923708238 -122.4915286840449
9151 37.72333502104726 -122.4136274621284
9152 37.74918579687153 -122.38645810519795
9153 37.75295689631358 -122.47981236834623
9154 37.75775003302779 -122.4233957561808
9155 37.72041612081591 -122.38779773442117
9156 37.74175128156275 -122.39772006572663
9157 37.74072322069612 -122.44061927272806
9158 37.754667820286144 -122.50148869981933
9159 37.77074262284051 -122.42435444914899
9160 37.73691811298129 -122.44026110757017
9161 37.71648365892138 -122.40503011777714
9162 37.715075995432215 -122.43833404666462
9163 37.78513416847124 -122.40844426886262
9164 37.7749578263305 -122.43948768519276
9165 37.77186505006291 -122.47413644055214
9166 37.75948445505528 -122.47132215870836
9167 37.76278410251365 -122.47292532192135
9168 37.740877701781976 -122.49474989114287
9169 37.80301278119656 -122.47405612588312
9170 37.743938458288646 -122.48208646343402
9171 37.79411509223593 -122.4341954928719
9172 37.76338799135028 -122.4030098120777
9173 37.76218328658102 -122.41975022499076
9174 37.79050198396961 -122.45150612021567
9175 37.726811587895014 -122.43278056402387
9176 37.75087069527614 -122.43446696776097
9177 37.76636178292242 -122.44754826542128
9178 37.76183507297085 -122.42736416425095
9179 37.78655145554273 -122.39696901442471
9180 37.78685854355334 -122.39987702223031
9181 37.74519516244032 -122.46409175936971
9182 37.76458800603523 -122.45450707194996
9183 37.77013663644886 -122.4179631962533
9184 37.7396052631426 -122.49266476790221
9185 37.732732616584165 -122.45457749123564
9186 37.730275561061795 -122.38574715564137
9187 37.73751823182154 -122.38310591038841
9188 37.74061869817796 -122.38950358491883
9189 37.78680043990678 -122.43008316248232
9190 37.71867507094932 -122.42468614287955
9191 37.747790206718534 -122.43450805110044
9192 37.80164783076344 -122.41989492946203
9193 37.74230993680133 -122.45020220883609
9194 37.71023306939929 -122.49980713925898
9195 37.7605667721532 -122.46144288521937
9196 37.7190007096988 -122.48177209081818
9197 37.76920393477372 -122.47477523137647
9198 37.72498142652788 -122.42250891836935
9199 37.7102527958676 -122.49552418749317
9200 37.738595240107024 -122.50152254113323
9201 37.722292921519816 -122.4224463852117
9202 37.721536403506555 -122.48581961840718
9203 37.781012359071134 -122.40830070989081
9204 37.74079730625324 -122.45380385008134
9205 37.786505884341345 -122.42908293260224
9206 37.78624992983984 -122.44664716162133
9207 37.76040617389483 -122.39281170191389
9208 37.73433254412657 -122.46158405072708
9209 37.73783778422146 -122.41543997856155
9210 37.73449581848499 -122.40672080664507
9211 37.73819531318921 -122.46210884740597
9212 37.730910495653006 -122.50319526199141
9213 37.76627980612423 -122.423913227639
9214 37.71633330394304 -122.35931199110132
9215 37.72884085632777 -122.49027550459334
9216 37.765181415019775 -122.42421047930492
9217 37.78629986911025 -122.42491423016236
9218 37.713025423350345 -122.43636647321262
9219 37.78486345448636 -122.47458954197573
9220 37.75901180282799 -122.49046079374241
9221 37.776500404665 -122.41567516447374
9222 37.70879306806012 -122.43624857132676
9223 37.793012024835804 -122.4466148761034
9224 37.742156128250606 -122.40342901114265
9225 37.714548029193104 -122.36064439172333
9226 37.790889362329935 -122.41674986282693
9227 37.77186329405183 -122.4204305168834
9228 37.76854725954139 -122.4627908395439
9229 37.78750411097283 -122.46179370143598
9230 37.71413623252454 -122.39681946836711
9231 37.72302386805491 -122.4354143299913
9232 37.787759781505954 -122.40678251203714
9233 37.730626700193056 -122.38305256727898
9234 37.71542996783245 -122.44880010681987
9235 37.76953804355052 -122.46016238993899
9236 37.712305456094185 -122.38758544195834
9237 37.70884152637988 -122.49630603357312
9238 37.73262541930758 -122.39939720062443
9239 37.80320275954938 -122.4018125249292
9240 37.75734219924939 -122.40306073995599
9241 37.75092736420093 -122.50685966244357
9242 37.718275615317026 -122.3863891716393
9243 37.77280884287777 -122.475862714264
9244 37.721835753064234 -122.44786993020469
9245 37.7893843561646 -122.41586781008093
9246 37.76702477933129 -122.42910710045383
9247 37.72219397990791 -122.38824692933196
9248 37.72604951971383 -122.37148591015384
9249 37.779852831944254 -122.50573376915645
9250 37.78595227913162 -122.4866542757547
9251 37.72512513382454 -122.43478748422041
9252 37.78704670116814 -122.48286851009706
9253 37.80421925719757 -122.47558396086336
9254 37.79480007210356 -122.42551254902702
9255 37.756167757469306 -122.39279563811228
9256 37.76757056478606 -122.38606502457775
9257 37.77177412758111 -122.4215930727062
9258 37.71341554017281 -122.48225833151388
9259 37.74766089796283 -122.46652354693104
9260 37.741108461015365 -122.3916183664545
9261 37.79630009964894 -122.4235456474335
9262 37.76120457245873 -122.39096601543956
9263 37.735703932747455 -122.41122423585347
9264 37.756022525849026 -122.4109151203622
9265 37.72483790106831 -122.44018326322475
9266 37.778503796017816 -122.4645254134001
9267 37.76569742064624 -122.39272938156591
9268 37.79308702252553 -122.42578440116732
9269 37.74825683911662 -122.3959590444425
9270 37.79734396443076 -122.46983332970711
9271 37.74922680303956 -122.41306373167679
9272 37.767975799202155 -122.4847054423037
9273 37.746999960080146 -122.39137370428446
9274 37.777335376602245 -122.45531259919255
9275 37.783220359883636 -122.48474917628982
9276 37.77892245962697 -122.3886456566534
9277 37.73368504349606 -122.4788377985003
9278 37.744876408120426 -122.42589914473999
9279 37.78202047230735 -122.51274090064081
9280 37.766922787915476 -122.50399781751017
9281 37.70974646339683 -122.4229695597778
9282 37.726142992032344 -122.4568074760828
9283 37.79997000667036 -122.39985839792419
9284 37.75245633701783 -122.43086100506194
9285 37.73013916681075 -122.41742751435865
9286 37.71639158217478 -122.45265720110503
9287 37.74293908525235 -122.42827649776002
9288 37.74219554100722 -122.41015589176452
9289 37.724361929909826 -122.38494565266926
9290 37.78059720174517 -122.48455385141114
9291 37.75492937948739 -122.48695188573754
9292 37.714796563867466 -122.47545635267718
9293 37.772030765867086 -122.44629338332584
9294 37.771402115920075 -122.42362050261158
9295 37.71301524146025 -122.43714676812392
9296 37.726486316765794 -122.45245840778425
9297 37.754580891733774 -122.40902705359927
9298 37.75399660018167 -122.46499767216136
9299 37.75052944399021 -122.46269962722866
9300 37.786362520107964 -122.45275639830736
9301 37.73012807140572 -122.41803476431421
9302 37.773734937018546 -122.44759335398282
9303 37.7139012608729 -122.48811172699577
9304 37.728380996640496 -122.46157066250633
9305 37.736224026380874 -122.47917994539955
9306 37.79738223156255 -122.46494585810042
9307 37.7455178581445 -122.50849453536868
9308 37.76114744287581 -122.49282214559017
9309 37.79433150790245 -122.40877609677383
9310 37.70927045632313 -122.46201443614838
9311 37.7592907721721 -122.40144506878865
9312 37.807270578517155 -122.41182068546365
9313 37.742894109818415 -122.4050002630782
9314 37.75775408464122 -122.44813496838749
9315 37.72808113805103 -122.37882160702688
9316 37.75285926146941 -122.48846611310906
9317 37.742045419641684 -122.47121170956109
9318 37.73544391499848 -122.44553417445486
9319 37.79375008110407 -122.42226736995242
9320 37.71580568187064 -122.47799946171638
9321 37.71493045862283 -122.48043168198022
9322 37.72325637353242 -122.47295501824628
9323 37.80595112929071 -122.45503631740607
9324 37.77889695923591 -122.38661371285006
9325 37.77643987906931 -122.38650022235916
9326 37.74045246106653 -122.38676462026325
9327 37.72886005777663 -122.36735554080721
9328 37.73634035471587 -122.43537899004063
9329 37.72611718497683 -122.42640475421476
9330 37.71675463101819 -122.37910473130756
9331 37.77078266552572 -122.48199952324532
9332 37.748642193161714 -122.45530344912903
9333 37.767403834363265 -122.44047511660379
9334 37.71280182740552 -122.46969374540399
9335 37.734439784708364 -122.4098191082557
9336 37.731842021809754 -122.46537528152092
9337 37.78210587466294 -122.49215957701374
9338 37.78609979229245 -122.39994118531543
9339 37.78655149412059 -122.41660355121414
9340 37.73548631898217 -122.42574346114857
9341 37.77633198072084 -122.42365488897599
9342 37.7564283072762 -122.39782573591653
9343 37.784618736338295 -122.44013022666513
9344 37.71084260475696 -122.42142971007809
9345 37.79525086714756 -122.43749567740392
9346 37.77137073769467 -122.47147958323772
9347 37.76357060566651 -122.44512536382496
9348 37.74257543105308 -122.47354054432178
9349 37.743596443143915 -122.38460970985776
9350 37.75577688191699 -122.40067899727721
9351 37.744927063957626 -122.40898326389846
9352 37.769702894158215 -122.50084395747524
9353 37.78540990193753 -122.39713915663246
9354 37.762534190096396 -122.40696658577272
9355 37.71867974532672 -122.41065835465756
9356 37.76979094127356 -122.43632648060988
9357 37.75721155732685 -122.50893813922008
9358 37.79217849412643 -122.39360743668104
9359 37.7745556436988 -122.509968288709
9360 37.725471033377076 -122.50447506088928
9361 37.772460700796536 -122.39294457083746
9362 37.75705086042761 -122.43195381800832
9363 37.71348047512947 -122.44219509510891
9364 37.71919128894253 -122.49471078522465
9365 37.75227600143636 -122.40932445691007
9366 37.782187422623416 -122.51330599437549
9367 37.78677357099649 -122.40524495698565
9368 37.74173359503267 -122.507622685773
9369 37.756365791312405 -122.43826921276107
9370 37.74619024963945 -122.38054208845733
9371 37.801808829398006 -122.43426069720837
9372 37.73980619950759 -122.47653721475784
9373 37.72822963196682 -122.43641925505942
9374 37.72872338527535 -122.44722684743066
9375 37.76235363722787 -122.48598237244967
9376 37.761562685521085 -122.44684908644423
9377 37.793896676472116 -122.45068464902207
9378 37.74513936653519 -122.4930921782431
9379 37.79233501817738 -122.44341117320643
9380 37.80548744892595 -122.45679486941181
9381 37.7825996412751 -122.40253364451253
9382 37.758913966166986 -122.49276759343404
9383 37.756837174615455 -122.46033579312433
9384 37.724335711319625 -122.48817643286363
9385 37.716451259755615 -122.47391272826425
9386 37.76297684665703 -122.50765319686796
9387 37.778117580342354 -122.46532947516286
9388 37.72625006050131 -122.43085740194594
9389 37.77641318565293 -122.43698641849959
9390 37.7823508404341 -122.42575711355127
9391 37.74346257515569 -122.40561917805171
9392 37.74161683360856 -122.38765814000561
9393 37.74263200195675 -122.42685832734381
9394 37.76644413378718 -122.4237195991909
9395 37.73138181656114 -122.43401854011171
9396 37.79125201582566 -122.45709862233569
9397 37.73530616317658 -122.43256196624928
9398 37.77980867148676 -122.41421721437801
9399 37.77189373477085 -122.42280204532243
9400 37.7319756873491 -122.44192937037175
9401 37.71778614560446 -122.41719390373146
9402 37.75495698190516 -122.44279092681158
9403 37.80424441607841 -122.43144200888302
9404 37.74407511208877 -122.44537855946615
9405 37.77416209059281 -122.41317030231238
9406 37.78486193573915 -122.40556640232235
9407 37.72385920448768 -122.48418531931536
9408 37.76794220752224 -122.47165090963315
9409 37.78584501028883 -122.48729644195878
9410 37.74648694875128 -122.468150920119
9411 37.716590819653476 -122.36627801172983
9412 37.78430225625638 -122.39300694567527
9413 37.70976901656418 -122.47572011893244
9414 37.77488770086751 -122.4749068063895
9415 37.800018943137715 -122.43442546027447
9416 37.777889832742304 -122.47260402382899
9417 37.78989567970423 -122.4080890452519
9418 37.808431764290624 -122.41794183744574
9419 37.791377269721806 -122.44366933556057
9420 37.713107997162346 -122.42268741681274
9421 37.79484197796345 -122.44439120624656
9422 37.732458394869155 -122.37612031488254
9423 37.72114948598256 -122.46528642627892
9424 37.78417678120986 -122.43064870257096
9425 37.80098726788582 -122.47625754725402
9426 37.72893220072767 -122.43949847190254
9427 37.77730954370316 -122.4427262742723
9428 37.74954499052685 -122.49898054576376
9429 37.71041734096355 -122.3854418172198
9430 37.73962951126177 -122.38248875705075
9431 37.7590182427432 -122.45316187570245
9432 37.73730069347416 -122.48091030202237
9433 37.75327671112461 -122.46862135224171
9434 37.715208666638006 -122.4962952621687
9435 37.79200902835754 -122.43647565433481
9436 37.72637436130935 -122.36575235931656
9437 37.71539698157587 -122.41487891948297
9438 37.80216497617413 -122.44668195984192
9439 37.728598341590704 -122.40457955193511
9440 37.731997933222274 -122.41795158474994
9441 37.78511721012302 -122.5064627926246
9442 37.70925002951969 -122.43145309820164
9443 37.77551707767131 -122.46779628884926
9444 37.78731966270382 -122.47871064216609
9445 37.80710808020085 -122.44661631335495
9446 37.760467766460735 -122.45344317701603
9447 37.74552941621497 -122.4046576232056
9448 37.76226033505109 -122.48942880039054
9449 37.72040116582918 -122.49133242094227
9450 37.772377360108344 -122.46751228734452
9451 37.74869444005247 -122.38833574813239
9452 37.7605450578162 -122.51064567509547
9453 37.798099816076224 -122.40725340372038
9454 37.772195219263544 -122.46719304842809
9455 37.74570612752825 -122.39325681931672
9456 37.741980194077385 -122.45936604930623
9457 37.78320052479806 -122.41891664475075
9458 37.7641835799292 -122.46885810338209
9459 37.750227382132934 -122.45171394961419
9460 37.787500793427625 -122.41880187195197
9461 37.78587896591113 -122.49503898711647
9462 37.75510879962709 -122.4197212403267
9463 37.784019799712574 -122.43969124006117
9464 37.75790408760496 -122.4898050187724
9465 37.783680465263366 -122.45429523582445
9466 37.767289959020104 -122.38808323751653
9467 37.74292485677496 -122.50437614742617
9468 37.79044050789805 -122.45149138109066
9469 37.77053761769312 -122.46816212543548
9470 37.75636387179719 -122.4917873138112
9471 37.72630521032039 -122.45457321075145
9472 37.7465488720422 -122.433361791335
9473 37.71880847840618 -122.43777703726582
9474 37.763800552428364 -122.50254258846381
9475 37.748232075801006 -122.39656959795701
9476 37.73706216707238 -122.39143191307976
9477 37.77341238032771 -122.42599537535308
9478 37.708739747833135 -122.41149151438037
9479 37.71503053517208 -122.38230602278085
9480 37.73013747589845 -122.49627091718871
9481 37.78905445005167 -122.45827061904524
9482 37.71577113016593 -122.41857617430756
9483 37.7552200280397 -122.41835432611619
9484 37.77598993666813 -122.40745881320704
9485 37.7186535775764 -122.50395980051444
9486 37.79588053920502 -122.47613204195291
9487 37.730249019676904 -122.39060427240969
9488 37.75656151044224 -122.48774418476286
9489 37.72226181894922 -122.3728815321393
9490 37.738782606883085 -122.41098204889975
9491 37.74108770011674 -122.5080747549747
9492 37.7814910074657 -122.49468490775008
9493 37.76348615908479 -122.41126520031077
9494 37.74803811539351 -122.389884952444
9495 37.7164972557521 -122.3896458300644
9496 37.72220602273892 -122.49009342023767
9497 37.70908468152325 -122.45773883133849
9498 37.80620109285725 -122.42790017695789
9499 37.79481941876474 -122.48326116100966
9500 37.715699108182044 -122.49948032045542
9501 37.782199925460084 -122.50731260778304
9502 37.76538535076537 -122.44349318986568
9503 37.79545681049365 -122.44019649571332
9504 37.75452150101092 -122.43891213668604
9505 37.731343736424094 -122.4232295963049
9506 37.791260545318956 -122.42337279568265
9507 37.762240704670695 -122.50374334505356
9508 37.71536102281704 -122.50057083513111
9509 37.73861774309304 -122.48495465071058
9510 37.711425017846175 -122.41354345052368
9511 37.78598571177618 -122.40572844219587
9512 37.71612422636411 -122.43120504809136
9513 37.78391589072712 -122.43351520993836
9514 37.73339010671587 -122.4342858072977
9515 37.76476057970091 -122.49210986851588
9516 37.739408273363 -122.4610761657882
9517 37.795752954939466 -122.41032070033697
9518 37.74742906410561 -122.42070175874025
9519 37.73010665370816 -122.44191254128287
9520 37.77471917378069 -122.4756035012771
9521 37.77966613431472 -122.3979674314039
9522 37.769568402261456 -122.48667303925681
9523 37.77370329526724 -122.46234636747045
9524 37.793164937167596 -122.42870404555086
9525 37.72233437660965 -122.45252440188248
9526 37.791927840840096 -122.41012818725386
9527 37.710990293619815 -122.38091195595244
9528 37.80141012785091 -122.451602530031
9529 37.761147251632046 -122.41391596751835
9530 37.74154357701722 -122.38152415121372
9531 37.7880244453162 -122.40676507606494
9532 37.77871970449651 -122.50108802361156
9533 37.76945456018659 -122.40859974511017
9534 37.7948372918083 -122.41536694506154
9535 37.782864233893406 -122.40664571344384
9536 37.75328756800202 -122.44290621729841
9537 37.78595952963931 -122.50379415124333
9538 37.71845908652582 -122.4308725632739
9539 37.755809573558466 -122.43662757813858
9540 37.759539818714885 -122.42046687931484
9541 37.78209993886997 -122.43241381544796
9542 37.78278671147879 -122.47369429838584
9543 37.76184473970468 -122.40771873839915
9544 37.7861669956141 -122.42746154222046
9545 37.80481402489372 -122.44812791083824
9546 37.759455266205514 -122.48239956674377
9547 37.75521309311782 -122.47492996937149
9548 37.71311031024951 -122.46719455797977
9549 37.738140951438375 -122.50765089002003
9550 37.804626436435285 -122.42813381725477
9551 37.77704312432732 -122.42406004402389
9552 37.77840241591211 -122.49044554470365
9553 37.7867181995421 -122.43746311516256
9554 37.776865242083765 -122.41718383015649
9555 37.72347935073255 -122.49572121330047
9556 37.768119354634294 -122.49237219754411
9557 37.799886040279745 -122.46668391708532
9558 37.714793878260906 -122.42782174690134
9559 37.786452727408815 -122.45984169754459
9560 37.769246719256564 -122.41596343918678
9561 37.803844005804926 -122.45415835517699
9562 37.782549304613774 -122.41671797381215
9563 37.71041624569798 -122.49578728879169
9564 37.79330374334702 -122.4789067176965
9565 37.7280956245003 -122.45463718993146
9566 37.79065495213662 -122.43875685427773
9567 37.772723050538474 -122.46214684107667
9568 37.79627474779361 -122.40768467574561
9569 37.77508667689914 -122.49607724049976
9570 37.741626298150884 -122.40979530888413
9571 37.763319719319846 -122.39407512079073
9572 37.76055938393442 -122.46431020136174
9573 37.78881230553962 -122.47853726788328
9574 37.76708296030841 -122.42294991211209
9575 37.736245240434386 -122.43701034510961
9576 37.80266683754941 -122.43793004631928
9577 37.79727916157169 -122.46747088668582
9578 37.72824869928429 -122.49238021785139
9579 37.72296767148094 -122.442168110989
9580 37.728985944341915 -122.36792758925782
9581 37.76331038557348 -122.46304055588301
9582 37.74288538800416 -122.43594295818447
9583 37.76403973454482 -122.4275081778626
9584 37.72638601890875 -122.39774469764684
9585 37.735074955851964 -122.46750942884033
9586 37.7247775935812 -122.38815553713206
9587 37.739630808458955 -122.45325359338659
9588 37.80471514302106 -122.47849564554612
9589 37.74408755974076 -122.41367356850465
9590 37.739783889502 -122.49570374506634
9591 37.76619752109302 -122.46943214085911
9592 37.726033800684355 -122.45367632691686
9593 37.805506588517375 -122.43555811815664
9594 37.76830882397211 -122.40779880663493
9595 37.745757204347754 -122.48691413680368
9596 37.71229650511679 -122.39982286097425
9597 37.72161233233433 -122.40698677259857
9598 37.72380841216191 -122.37963725107689
9599 37.71679850384725 -122.36647950213087
9600 37.7907426838712 -122.4003486489237
9601 37.726529901316674 -122.36426489014971
9602 37.739609790519 -122.44968440928223
9603 37.749209211878075 -122.48775556835666
9604 37.72168577034095 -122.44813594734563
9605 37.78441464527005 -122.4353537338951
9606 37.720848419177365 -122.3988718832883
9607 37.723115905581146 -122.46097743507993
9608 37.77016769640748 -122.47173046091868
9609 37.763890467792514 -122.5057894473832
9610 37.713864822736134 -122.43160358247032
9611 37.76164990068664 -122.41057661518214
9612 37.761667481002846 -122.4687923069917
9613 37.72081576832038 -122.43664621863654
9614 37.73797538854291 -122.42909136880246
9615 37.78690470012634 -122.44987472868809
9616 37.79485314952073 -122.46614316836288
9617 37.75982661252787 -122.40532110971434
9618 37.75094500112345 -122.39362352124851
9619 37.71606843049203 -122.41347770712603
9620 37.8006831348553 -122.47289468089775
9621 37.71671439622815 -122.48827553437319
9622 37.79959133794648 -122.43590297153663
9623 37.76318267746555 -122.49624113992213
9624 37.726500338707616 -122.50556247922057
9625 37.77879223653054 -122.4096361116469
9626 37.734009321720386 -122.39371316248307
9627 37.78303951643255 -122.46498849542395
9628 37.798940389831415 -122.44682901109564
9629 37.74188241956197 -122.45050141534901
9630 37.71322259447819 -122.48519775953537
9631 37.73404842919162 -122.38045188937663
9632 37.77608626493844 -122.5017109594338
9633 37.720303259636346 -122.46630987689646
9634 37.75060462689815 -122.43704634582197
9635 37.716446467744554 -122.40232639939241
9636 37.77667815682525 -122.46398592394573
9637 37.739493392536225 -122.4204594972127
9638 37.711520746425464 -122.47374420302071
9639 37.79730298807939 -122.39372453024055
9640 37.71915904561156 -122.45042332412375
9641 37.76224837221278 -122.4920425618748
9642 37.791238116338775 -122.44624253144627
9643 37.712751480489295 -122.46103184664156
9644 37.7195701599445 -122.48802260701905
9645 37.70990864461886 -122.44060079058322
9646 37.780406850331424 -122.4385274797896
9647 37.79885262154196 -122.42259488782247
9648 37.71459700306784 -122.3830299845065
9649 37.73441959792679 -122.43967640249134
9650 37.70906462678061 -122.48091994180957
9651 37.80406048542545 -122.4642090903379
9652 37.77470227892875 -122.4307218991006
9653 37.76316278632172 -122.47566877421467
9654 37.728271284771154 -122.4029755661883
9655 37.7666460350399 -122.40265893761575
9656 37.72309043550862 -122.48098887954326
9657 37.719718200976615 -122.45420948212352
9658 37.73176350255405 -122.45876882724728
9659 37.75537874485905 -122.39745755671125
9660 37.781456283774766 -122.40581056496536
9661 37.72681815927685 -122.49775381289696
9662 37.766350215147376 -122.41236282796729
9663 37.7194838268791 -122.44786598468214
9664 37.78601177132583 -122.46938512340542
9665 37.73450277250176 -122.37948320772534
9666 37.76936071763493 -122.41176232175975
9667 37.71599757346553 -122.45920111637834
9668 37.75230430633046 -122.48753362474395
9669 37.76213853946114 -122.4014223129987
9670 37.74561068707698 -122.38619478382084
9671 37.78579626680441 -122.40571744612197
9672 37.72680534405413 -122.50275766689117
9673 37.79517848856722 -122.46072788335677
9674 37.78583871357016 -122.39375829892863
9675 37.781011744250804 -122.42626529218735
9676 37.78597226031556 -122.44944662911414
9677 37.771617367838275 -122.49678367142675
9678 37.78457428261364 -122.40384969205121
9679 37.73351366570637 -122.45236933375755
9680 37.78288108010655 -122.46322387208811
9681 37.8033076547294 -122.470505443474
9682 37.74762007436734 -122.39553499534007
9683 37.80241839911799 -122.40167847507148
9684 37.72643521103283 -122.4060025146103
9685 37.737434728999894 -122.39387429338764
9686 37.778160476019266 -122.4821605918753
9687 37.722240730958795 -122.44453153594321
9688 37.716160527779905 -122.40971485466348
9689 37.71529868626957 -122.46588817889099
9690 37.7382303264857 -122.43117024875468
9691 37.783753929690526 -122.39574678127245
9692 37.8008421615855 -122.402805034253
9693 37.729637854105405 -122.38172756936139
9694 37.743771517561775 -122.4225399909787
9695 37.79888377653121 -122.42198640604767
9696 37.762887676800936 -122.45221631166126
9697 37.74698901944186 -122.46555952839475
9698 37.78496383601574 -122.44368941801363
9699 37.739165858020385 -122.44395987847543
9700 37.76663928414591 -122.39077402248098
9701 37.73477814157555 -122.43571907398902
9702 37.78243423334819 -122.45857888882485
9703 37.77428321907895 -122.48394721573185
9704 37.777714850025596 -122.3915738120863
9705 37.736443881772416 -122.49242714513608
9706 37.7621520912983 -122.42496702168538
9707 37.715171130231724 -122.46819645128089
9708 37.75818986195007 -122.48208182662836
9709 37.76081802976784 -122.48174004140381
9710 37.758246875120314 -122.41044272887069
9711 37.75478402789042 -122.44712060688288
9712 37.7283027501686 -122.48407206130886
9713 37.77838609230354 -122.4887770211641
9714 37.71579669852025 -122.44230587939026
9715 37.736753746869965 -122.50431260857562
9716 37.78414985960905 -122.4900428963201
9717 37.76845346883479 -122.4956174733312
9718 37.72642028943752 -122.37169926523477
9719 37.74001229323332 -122.47565064773495
9720 37.74846313407839 -122.42631079282354
9721 37.78113830414419 -122.51023409725502
9722 37.7115639121225 -122.46607071748906
9723 37.75827650731625 -122.4285290932545
9724 37.72466528141558 -122.47261719241644
9725 37.72499923962222 -122.4353139882638
9726 37.78019835549601 -122.458684085719
9727 37.72724769576417 -122.42447225185008
9728 37.74253179759234 -122.46754188847697
9729 37.79285749011173 -122.42457298986729
9730 37.72211402181328 -122.38200782641921
9731 37.71774085529883 -122.39148020914915
9732 37.80815180924407 -122.47050943025785
9733 37.765475508191514 -122.3932979172731
9734 37.770543979040156 -122.49667258592294
9735 37.730629677631654 -122.37570720410429
9736 37.74161414461712 -122.42723614232203
9737 37.754222534924324 -122.42715252867175
9738 37.79533890136472 -122.42093379741118
9739 37.71810941837755 -122.45833033058742
9740 37.7133003260833 -122.39218451119147
9741 37.73235053229124 -122.4695724028668
9742 37.794410566414065 -122.40021405548167
9743 37.78013501068755 -122.49494588616022
9744 37.78010617010744 -122.42331237133861
9745 37.720022149669845 -122.49372917515448
9746 37.723613712798105 -122.44484663525272
9747 37.784193946797046 -122.46580550647047
9748 37.76989719751258 -122.42578528562974
9749 37.719327248234315 -122.39631373181123
9750 37.77614749188474 -122.49458578752143
9751 37.75187776253885 -122.43105000527576
9752 37.79606197208078 -122.43571169346075
9753 37.7375502166609 -122.43214267385018
9754 37.731794932539835 -122.5050009260735
9755 37.79314482793375 -122.47533211431715
9756 37.74415658999262 -122.44361846370512
9757 37.78729917298661 -122.50285596729111
9758 37.73199547939002 -122.44480165638782
9759 37.758380688995594 -122.50235925573863
9760 37.729631771112956 -122.36290618448326
9761 37.73544568190167 -122.4020321676658
9762 37.743816150641734 -122.3821755273762
9763 37.802765972751914 -122.44887426352162
9764 37.74262902983288 -122.41625361583496
9765 37.76387531890829 -122.47690309856722
9766 37.7937356126138 -122.45299627673212
9767 37.74390602208624 -122.38430609646097
9768 37.76167859297384 -122.42439206235981
9769 37.78880978435756 -122.42902776548173
9770 37.78008433107751 -122.39460597832422
9771 37.74691637346053 -122.39015525343406
9772 37.751020224903556 -122.44822193647519
9773 37.78862076335953 -122.3897226052618
9774 37.768622419551235 -122.51046577728056
9775 37.73367488689272 -122.41579658395305
9776 37.77891396906281 -122.478280830198
9777 37.756043203194196 -122.49389783409146
9778 37.767134773239356 -122.43100303249997
9779 37.7755321209524 -122.41544382327461
9780 37.726782594849 -122.4018966229886
9781 37.745225092913216 -122.42888900027987
9782 37.77824365048373 -122.40678702603762
9783 37.734026451519846 -122.4293514543566
9784 37.785682657965644 -122.48337806473704
9785 37.754005561438156 -122.4647565280063
9786 37.72961940184652 -122.49475243991158
9787 37.729681001964245 -122.488699054937
9788 37.80405473368003 -122.46419287896228
9789 37.79177653005624 -122.47417650988498
9790 37.74277442409633 -122.40590091443599
9791 37.79316202235291 -122.44849400247563
9792 37.76194647997007 -122.45247810557603
9793 37.71584165055719 -122.39034012063925
9794 37.71086033725557 -122.47271159755834
9795 37.765698085317254 -122.4043678044199
9796 37.73465868563107 -122.43212531131303
9797 37.71023297711941 -122.4050411150622
9798 37.73765771260649 -122.48571638978007
9799 37.72899631179317 -122.50509404194715
9800 37.71484590963579 -122.48459176409972
9801 37.74437528898584 -122.40189823431352
9802 37.78622531837337 -122.41713534417212
9803 37.71755937354528 -122.44976338864518
9804 37.730722389770506 -122.39207415633756
9805 37.784782652085966 -122.4907838840207
9806 37.7186881360856 -122.44148173894024
9807 37.745275937200084 -122.42556835139544
9808 37.777501652604926 -122.40188653495929
9809 37.74130647975595 -122.41406185915888
9810 37.78489080460324 -122.38738269943222
9811 37.75858338919787 -122.46759932916363
9812 37.773812460689214 -122.38297448028268
9813 37.72066620231672 -122.39897371576825
9814 37.734823504707286 -122.39247602129919
9815 37.72857926468531 -122.42687660367982
9816 37.72013904225365 -122.3992714333252
9817 37.75343287417156 -122.41342626258843
9818 37.80507408816981 -122.4422256481448
9819 37.7552682181457 -122.41919729349927
9820 37.77173484570689 -122.42245170138787
9821 37.73957046712603 -122.42578878941683
9822 37.7291979944906 -122.46982763466642
9823 37.808022399162255 -122.47321623085055
9824 37.77068376046911 -122.39360553657076
9825 37.735288255007376 -122.39531339719996
9826 37.788191801881474 -122.38867213197148
9827 37.77245779660771 -122.3934212458006
9828 37.7485623807535 -122.50076592370907
9829 37.782047436291094 -122.45299003605199
9830 37.79566812450245 -122.43719394503873
9831 37.731488174028115 -122.4009526009165
9832 37.71648491956722 -122.45444803797957
9833 37.75740884720585 -122.47246423933959
9834 37.75650805273008 -122.45899606059254
9835 37.782944453975716 -122.45369234196517
9836 37.73254667885883 -122.42800406971512
9837 37.75368122544555 -122.41046665837769
9838 37.73005822780933 -122.37114067696896
9839 37.7598601315349 -122.38312238772014
9840 37.71864986192375 -122.3663486744669
9841 37.7581281401452 -122.4311350603313
9842 37.78433196050306 -122.4848601743188
9843 37.768231432714366 -122.39402017042276
9844 37.72075781078267 -122.46576590644425
9845 37.74360686072873 -122.38579835486941
9846 37.72952960424323 -122.48711958273886
9847 37.78203493053006 -122.43366874259506
9848 37.798079815718204 -122.45646478271776
9849 37.80121944124058 -122.4110240304477
9850 37.8031527438998 -122.41489709253243
9851 37.738479397368 -122.50269801478044
9852 37.746404488042934 -122.49370339499501
9853 37.76217748010603 -122.5076046237028
9854 37.75211520596289 -122.48070802170567
9855 37.73308748718112 -122.48808207680679
9856 37.78816765292018 -122.4706054534439
9857 37.715833072492046 -122.48848598525417
9858 37.79013100504951 -122.47312666824638
9859 37.71770190095462 -122.50259593197688
9860 37.739664704106325 -122.47787782535029
9861 37.797225313210305 -122.42917627594812
9862 37.712701713305805 -122.45594130423795
9863 37.80378955451016 -122.43044517862133
9864 37.73157407366911 -122.4501737000338
9865 37.71856537046762 -122.42106858241436
9866 37.72161211504571 -122.43286635488472
9867 37.74849160081033 -122.49762304287981
9868 37.74430497580416 -122.4356572724731
9869 37.80141848676132 -122.41158664626745
9870 37.75885255871552 -122.45480982699672
9871 37.72525535508082 -122.41825184830977
9872 37.759298520206066 -122.46853394222443
9873 37.80017573333127 -122.40106926371092
9874 37.74549486320212 -122.42436681326467
9875 37.763032435433644 -122.45725923780665
9876 37.75539479068502 -122.42239121698526
9877 37.793364577899965 -122.4104654898929
9878 37.805392435283764 -122.44333819389253
9879 37.76706315879991 -122.50715460981002
9880 37.743347350966395 -122.39158059784376
9881 37.770530930556085 -122.4253966573944
9882 37.77632208695262 -122.49487222202688
9883 37.71652638887763 -122.47330742306143
9884 37.71431466769596 -122.49410674046071
9885 37.76332104212372 -122.50871688329539
9886 37.75939250633722 -122.48981170903922
9887 37.750260957724244 -122.4433555568625
9888 37.75979922637002 -122.44952656411819
9889 37.75098883817977 -122.4287390042122
9890 37.78340860359991 -122.41558688158723
9891 37.725923108761 -122.48042518848713
9892 37.80491180749668 -122.43609036041978
9893 37.73075305936842 -122.40848270655701
9894 37.806198877374975 -122.42894014588089
9895 37.74691347219882 -122.43887284327718
9896 37.76401760543209 -122.50633267228834
9897 37.72049009678881 -122.40877684916128
9898 37.7283879611634 -122.46200208735726
9899 37.741995878863904 -122.39750408378268
9900 37.746407970871466 -122.50659644062823
9901 37.72417610700148 -122.44823001615737
9902 37.70821532016376 -122.46469302606667
9903 37.74178252394814 -122.43451925420581
9904 37.7709195182152 -122.4384613977831
9905 37.78115078590354 -122.48325799512452
9906 37.764683221704374 -122.41045371480838
9907 37.734793962254706 -122.46429991751121
9908 37.78088430485651 -122.4273621604437
9909 37.731144720695106 -122.38506306864049
9910 37.71090146086779 -122.40829893399574
9911 37.74702832180211 -122.50702030723362
9912 37.75930745908024 -122.46611218818404
9913 37.770679115477634 -122.3930145099659
9914 37.7332696042242 -122.49231074750232
9915 37.727315226368255 -122.3691549983308
9916 37.76203982019005 -122.49046987999205
9917 37.74066456119677 -122.41561219984023
9918 37.79696997028409 -122.39877717889878
9919 37.73230510074835 -122.398439727373
9920 37.76437492095838 -122.46295628757534
9921 37.736747146034865 -122.4170364911493
9922 37.727324330906804 -122.41915457743293
9923 37.7812243232179 -122.44960414314315
9924 37.72434305493793 -122.39983401459078
9925 37.721087837039576 -122.48062451673646
9926 37.798057933071185 -122.43428134495385
9927 37.76123832788901 -122.40946576304718
9928 37.79424977925485 -122.40019325847125
9929 37.7624207443627 -122.39544197786711
9930 37.76991624141417 -122.43939824974528
9931 37.744965145482844 -122.49767617534468
9932 37.73035555513695 -122.49441947305057
9933 37.75670574127722 -122.42415899041964
9934 37.73216716617957 -122.44202530854946
9935 37.749489890392226 -122.49364859962438
9936 37.708739932661885 -122.42061940484807
9937 37.73479610399347 -122.36757344055236
9938 37.71563202720173 -122.41089583012497
9939 37.77305093030993 -122.48864012172352
9940 37.75595422712848 -122.49486853349575
9941 37.71030074218361 -122.44899571091946
9942 37.78614798163756 -122.39473265048056
9943 37.77944697958149 -122.40835774746785
9944 37.756990920016634 -122.47662969578614
9945 37.75721134875128 -122.39582949326578
9946 37.7344698660295 -122.4376753071679
9947 37.79877901259959 -122.42556955576103
9948 37.71797920164379 -122.36755172847519
9949 37.739314002532076 -122.47754795471685
9950 37.80229909592866 -122.42297442775786
9951 37.71553665684881 -122.38104200973497
9952 37.77563116147817 -122.41994632048612
9953 37.795114854705794 -122.46719867852542
9954 37.761221577332265 -122.48326699401886
9955 37.76778358160642 -122.46783245448857
9956 37.756651072648154 -122.4713831981427
9957 37.74288610539076 -122.38232931147017
9958 37.7834531730035 -122.46786214538292
9959 37.71837646120837 -122.43596015735878
9960 37.76611339035239 -122.41120610453618
9961 37.747258983947354 -122.48161450518664
9962 37.77502452947642 -122.46907677101312
9963 37.745961084027215 -122.38721753090071
9964 37.774233119600545 -122.39818905012021
9965 37.714839133235 -122.4448046525108
9966 37.75271464745503 -122.39765549396502
9967 37.793289348788534 -122.43716216592047
9968 37.7090487029936 -122.41997604816956
9969 37.784319816026034 -122.43954397677017
9970 37.75397950064078 -122.44636634206876
9971 37.7649554212795 -122.42453224858814
9972 37.75963308299711 -122.48820011852008
9973 37.751909699696476 -122.4399967441583
9974 37.774246775775396 -122.44318649848294
9975 37.7853747771658 -122.40842326200168
9976 37.79342991376051 -122.39946251535372
9977 37.77824234207385 -122.40929750158116
9978 37.74921031351322 -122.44637296327991
9979 37.7477080463104 -122.38870661562879
9980 37.714023653102856 -122.48723397079007
9981 37.728970911327174 -122.46840229293738
9982 37.807399905675844 -122.42048189019737
9983 37.75373167519373 -122.4322096742288
9984 37.79123475463969 -122.45364417821565
9985 37.76267854665267 -122.38981808988954
9986 37.77898673267207 -122.40772803169811
9987 37.74887460108726 -122.4853973466599
9988 37.72215865683868 -122.484333138212
9989 37.77017148057652 -122.44048518131692
9990 37.79447835680893 -122.46608114898636
9991 37.742929920426405 -122.41020971114166
9992 37.75619336493382 -122.38230315077773
9993 37.80470522884482 -122.43333091102357
9994 37.790367816674596 -122.4424637631291
9995 37.74977943937672 -122.46901606800603
9996 37.74062249195418 -122.40078521042479
9997 37.717798537887106 -122.42714485515484
9998 37.763979583085124 -122.48675094898468
9999 37.72122496723628 -122.40508803519842
10000 37.72038362165784 -122.47047762186673
10001 37.78107904363832 -122.49722309834716
10002 37.7838850346546 -122.41353735846656
10003 37.79726413805088 -122.47168242072254
10004 37.73395295112789 -122.4587551723247
10005 37.780059435128344 -122.4875817294259
10006 37.77115310854127 -122.39333061845461
10007 37.737258434321866 -122.39929483625058
10008 37.73117165315114 -122.50049317157867
10009 37.80073847326016 -122.44143692297651
10010 37.76854793038114 -122.48350374372602
10011 37.79023018099125 -122.47293815703839
10012 37.72658084701565 -122.49541954202228
10013 37.75435548520101 -122.50345683520813
10014 37.78689258264138 -122.40989899121634
10015 37.73197948698423 -122.37415622032191
10016 37.76982358200006 -122.48373566728256
10017 37.763334515508454 -122.48210365253246
10018 37.778553347545454 -122.4381116045771
10019 37.72702152085131 -122.43622416275619
10020 37.738491486848574 -122.47352873130274
10021 37.76383051902853 -122.46874062418408
10022 37.71207424317398 -122.47247852303576
10023 37.723430620278386 -122.41448795997938
10024 37.80580748607175 -122.44407804835377
10025 37.78810971034574 -122.4447978798627
10026 37.745827940359334 -122.48643076580909
10027 37.75410004493695 -122.4900042941018
10028 37.74851708645058 -122.48555520597264
10029 37.766407935504596 -122.3901792735993
10030 37.723733358167024 -122.45481370416287
10031 37.751193872924894 -122.4784099127764
10032 37.796200675961906 -122.42098523371287
10033 37.739187831014725 -122.45752730698926
10034 37.73645892790661 -122.40279589210584
10035 37.7162121053538 -122.4989562696587
10036 37.72611698746282 -122.43771820332721
10037 37.73584711559606 -122.45009588859293
10038 37.72491472080962 -122.48225228771018
10039 37.74479416333303 -122.43962718067047
10040 37.73983815769765 -122.40976055979586
10041 37.74505653375978 -122.5000971074807
10042 37.72579877945135 -122.41169910047088
10043 37.76254215255747 -122.47166236067903
10044 37.778439312363844 -122.50061146065518
10045 37.73675131485842 -122.40587145136533
10046 37.80149153346656 -122.40198393220741
10047 37.7136700806381 -122.48457098214365
10048 37.75371501396625 -122.39504880419841
10049 37.78404010396589 -122.4148857965461
10050 37.75875234702254 -122.47293178689839
10051 37.74964795158887 -122.45585178111658
10052 37.72788893689342 -122.50394748880635
10053 37.72603237108626 -122.47514451798793
10054 37.75260003904368 -122.50969363811537
10055 37.75679031632193 -122.41273512541406
10056 37.747851365038976 -122.49533308930233
10057 37.751902441178814 -122.4749632008381
10058 37.73601807841828 -122.38993077743798
10059 37.776127033862 -122.43889295435994
10060 37.80847532950176 -122.44067405942678
10061 37.72126085068742 -122.45895953477027
10062 37.75338311047929 -122.41945810589209
10063 37.76583070735292 -122.50407876749289
10064 37.7508854777503 -122.43731784509248
10065 37.80634047325518 -122.47568834120767
10066 37.71177496440975 -122.40186758637844
10067 37.78649717235124 -122.47457407112081
10068 37.77158234352521 -122.43550281377466
10069 37.71881143262829 -122.47198351748719
10070 37.77960727627491 -122.41073446659146
10071 37.726640366739375 -122.38382382365475
10072 37.794758988012056 -122.45477013976185
10073 37.71647764733617 -122.41595189654994
10074 37.77377483344045 -122.43211493040839
10075 37.71489741826515 -122.44320751969636
10076 37.766998412539884 -122.47242306244794
10077 37.78043729665251 -122.46917703305243
10078 37.72585759917329 -122.46532570367233
10079 37.72185119050966 -122.40121522639919
10080 37.75646703180012 -122.45808482893888
10081 37.79675947062836 -122.4539450864546
10082 37.77374636716291 -122.50523366365087
10083 37.74016799451025 -122.4699064490431
10084 37.74899419704431 -122.4984428032083
10085 37.76540267237941 -122.40091930764584
10086 37.78403288038093 -122.39541312249196
10087 37.745412469460575 -122.49601740446822
10088 37.759822097768264 -122.42938627531161
10089 37.77570443192362 -122.39092741453773
10090 37.7580816547646 -122.48267136507457
10091 37.764449776698314 -122.47945127568997
10092 37.75997134050177 -122.42474047182952
10093 37.7933243393609 -122.46722059326375
10094 37.71813211338752 -122.45032324678112
10095 37.78115487885381 -122.40969813880966
10096 37.743035400199474 -122.46227460322251
10097 37.76417668934041 -122.38257464932185
10098 37.74737336947564 -122.39748376990026
10099 37.76837126169889 -122.4100381980953
10100 37.7423910879736 -122.4802012847033
10101 37.803280973488185 -122.43994673534864
10102 37.70841634335569 -122.4130197518695
10103 37.73766888317639 -122.4690286348829
10104 37.799462552282954 -122.4679025471384
10105 37.74262646328031 -122.42816249422845
10106 37.77863598878207 -122.46790535239296
10107 37.75064191379537 -122.47633541695912
10108 37.76530996575022 -122.4317205795205
10109 37.71976188778466 -122.4137213149255
10110 37.73333749727521 -122.47075794142887
10111 37.77652884284383 -122.44954075470254
10112 37.764105406116485 -122.45892447917345
10113 37.768635841721114 -122.44334709228313
10114 37.77201748186243 -122.40218828708204
10115 37.79898912226184 -122.44483970907967
10116 37.72274122595666 -122.41442647441099
10117 37.763086154560405 -122.43434802811764
10118 37.710241673355625 -122.38722444297323
10119 37.736161921362275 -122.44439399025521
10120 37.79935422665211 -122.4216164261545
10121 37.725489899476074 -122.40039560201822
10122 37.73376142627829 -122.46510914676388
10123 37.718701145988774 -122.39872229465044
10124 37.723563563955125 -122.47769418605886
10125 37.7942550578372 -122.46732244409735
10126 37.781735725685046 -122.44923982308521
10127 37.72082722284273 -122.50445589614559
10128 37.781738409446376 -122.4470166667203
10129 37.73443985264804 -122.4817176431095
10130 37.75138189034856 -122.39798595913577
10131 37.721183705891704 -122.37378976885805
10132 37.759498019380686 -122.48654108463695
10133 37.7779377037345 -122.43274670813373
10134 37.76787305882107 -122.5025089190557
10135 37.715327686372866 -122.46781432987288
10136 37.75030609897964 -122.40436872698358
10137 37.77199819451579 -122.43329607282416
10138 37.75396305135655 -122.5024443047017
10139 37.77279322899782 -122.39885152422879
10140 37.80246749844514 -122.45222287880458
10141 37.79980686131578 -122.4074399280266
10142 37.78508473005829 -122.39696591791788
10143 37.71093755952994 -122.4475837433682
10144 37.783970461858175 -122.45969595330432
10145 37.7186666753929 -122.48460579281137
10146 37.76755887260017 -122.45683723755445
10147 37.77427051002045 -122.47360100020715
10148 37.7791639471923 -122.47422341786633
10149 37.795005327363505 -122.39562805147185
10150 37.74246941258655 -122.50730706213994
10151 37.760389873178234 -122.4974015081788
10152 37.70935778609492 -122.482540562641
10153 37.75783273213912 -122.49047409241562
10154 37.80190275112145 -122.42950970598667
10155 37.78334892153835 -122.41268570052257
10156 37.781388306397695 -122.46948519745528
10157 37.786434323047786 -122.40433395772688
10158 37.76606010859095 -122.4495950403966
10159 37.79414863018239 -122.43894194687282
10160 37.78360324765595 -122.45001673090351
10161 37.75241710445202 -122.40594370991789
10162 37.74719614441706 -122.46311294240314
10163 37.71013667725182 -122.49233383508425
10164 37.78971528420764 -122.47775860407056
10165 37.780929204133685 -122.51298795009792
10166 37.77061132867833 -122.40532791324256
10167 37.77132718070467 -122.4059351030601
10168 37.71305564720026 -122.40462355018666
10169 37.75554336671322 -122.4351257763773
10170 37.78919295521819 -122.47011075770686
10171 37.7380165508942 -122.47996875384237
10172 37.78236512392341 -122.44180222824261
10173 37.711914672446866 -122.4851144106562
10174 37.73796051057272 -122.42087857919118
10175 37.780236281867985 -122.40772271679289
10176 37.73793518041943 -122.44145089156648
10177 37.77078069180209 -122.49272658909283
10178 37.752684007827256 -122.46643402768275
10179 37.722205649321936 -122.36269925306637
10180 37.72540059691286 -122.39177780381232
10181 37.71133616314703 -122.45663893844315
10182 37.76371064029286 -122.38405348686538
10183 37.751273080057295 -122.49456705940197
10184 37.797907958025995 -122.48089473852845
10185 37.779229597744646 -122.39926488773348
10186 37.77767443484621 -122.44082964599983
10187 37.70879469824786 -122.39039089148
10188 37.74711450925763 -122.46188423226235
10189 37.73516878374275 -122.48636618288482
10190 37.77979506581322 -122.38677759809386
10191 37.776515169695074 -122.43612533362278
10192 37.73889699559353 -122.4460995078534
10193 37.73364038548367 -122.45826473362655
10194 37.78372441008536 -122.44443139262123
10195 37.71289555126047 -122.42724499569975
10196 37.74196521074725 -122.4736161716046
10197 37.760018283816 -122.49424271444833
10198 37.753896763136254 -122.38794005192429
10199 37.77756497501933 -122.40891728878246
10200 37.72315612312605 -122.48240530877398
10201 37.75307461997762 -122.48318133432196
10202 37.799509769748106 -122.45989664714398
10203 37.78998825921901 -122.41504830144106
10204 37.78003487296803 -122.390574452806
10205 37.718803278544776 -122.45010106885313
10206 37.78072366124284 -122.41192971740695
10207 37.76085141284281 -122.45180360466635
10208 37.72477831323205 -122.40364711151909
10209 37.80006403395179 -122.40166507501115
10210 37.75369351777193 -122.42006222131971
10211 37.79535775390847 -122.41090222045534
10212 37.76040198079071 -122.49400567540712
10213 37.74291393002382 -122.39312859646739
10214 37.78766435142621 -122.41193545159469
10215 37.77413390135007 -122.38764820129316
10216 37.765765024228095 -122.4346722246294
10217 37.72168211998926 -122.47386905838785
10218 37.7537423639996 -122.44578973321018
10219 37.80431462724559 -122.47200266618074
10220 37.77218267497203 -122.5050816436395
10221 37.71726389118224 -122.38308472236014
10222 37.7828671916794 -122.46211020530318
10223 37.76045593865983 -122.44941605634656
10224 37.77818913055909 -122.4512390763545
10225 37.75315570169585 -122.50329643353784
10226 37.717958821834806 -122.38692913870084
10227 37.75989284204782 -122.44468273171587
10228 37.71291439288168 -122.4735822430064
10229 37.72253339041597 -122.39937373370385
10230 37.749992820050856 -122.50143025700858
10231 37.77533891969765 -122.4269604514105
10232 37.72433501755405 -122.36390093622649
10233 37.72597409980016 -122.38289456768022
10234 37.747680786939235 -122.42965958719105
10235 37.7270518203026 -122.49062849517122
10236 37.777425637192536 -122.47096225434726
10237 37.72199659484396 -122.4628662835192
10238 37.764008967857414 -122.49068903166307
10239 37.71909392550014 -122.41671314364726
10240 37.800580978405875 -122.45887136604759
10241 37.79378491836192 -122.39517202115793
10242 37.75768050861982 -122.48380299869238
10243 37.71649906725692 -122.4842993495754
10244 37.76971599735667 -122.3868598996199
10245 37.7590136423728 -122.42238378372664
10246 37.73082729670421 -122.50291705431918
10247 37.76824188094086 -122.49769447080502
10248 37.80119299275099 -122.47758725204838
10249 37.734712280763254 -122.40872281271362
10250 37.78027276759375 -122.49902377190257
10251 37.80145083127633 -122.44861871977548
10252 37.79605325283223 -122.40241883410405
10253 37.71122225358487 -122.42272374277536
10254 37.7932913837774 -122.40400943799014
10255 37.75121073768839 -122.48873161335621
10256 37.776265782920355 -122.41876079956185
10257 37.763543296418476 -122.48063811924142
10258 37.800066447676144 -122.46050586597471
10259 37.737062547468845 -122.40019322605679
10260 37.789185329204 -122.48057760179972
10261 37.78242987967789 -122.4121503241336
10262 37.76913799632553 -122.46164126623877
10263 37.79959495882049 -122.47946089902591
10264 37.760225028149144 -122.39460767519495
10265 37.733211430587616 -122.46860962684457
10266 37.797114974889325 -122.47531433991803
10267 37.72899691555928 -122.48279803861624
10268 37.75653732286635 -122.5101987165246
10269 37.717647018909645 -122.36447804756256
10270 37.74597855578219 -122.50254667388141
10271 37.72302516055729 -122.45930059867521
10272 37.74720852676215 -122.4170503843265
10273 37.75381588351303 -122.48286248791237
10274 37.74275415385536 -122.48065449855602
10275 37.739736202162995 -122.48734158311156
10276 37.78588000664128 -122.43390668569025
10277 37.7149508758361 -122.40400021692996
10278 37.732204617761404 -122.44837031022627
10279 37.76736292908514 -122.41788851111453
10280 37.70903745165795 -122.48457011794356
10281 37.759284371344584 -122.49200782592715
10282 37.73892865248295 -122.4043110604971
10283 37.7544975574895 -122.46422876820948
10284 37.78462941202847 -122.48200324677676
10285 37.73710947687714 -122.48301920444405
10286 37.78629187497652 -122.41087309318891
10287 37.71540002126365 -122.38680000475354
10288 37.76364755146709 -122.4826325888231
10289 37.746138156033126 -122.46569653589982
10290 37.73308913038637 -122.48819719651816
10291 37.73499374800575 -122.45625979884582
10292 37.72269047123381 -122.42545008103195
10293 37.800182235866735 -122.46838335838815
10294 37.73445273843448 -122.50510444626426
10295 37.74784200281686 -122.42756619048566
10296 37.764948762978655 -122.43701429585451
10297 37.723640728792525 -122.38825624751624
10298 37.7337244315978 -122.44244223574721
10299 37.78746768074988 -122.41150549481038
10300 37.77675322323119 -122.39336395177747
10301 37.73921929351434 -122.40615004328824
10302 37.798148626356614 -122.39912969166274
10303 37.75003751956792 -122.45471300462663
10304 37.77558035185173 -122.41803255832137
10305 37.71254705331826 -122.48138413720916
10306 37.713279235292624 -122.44348430129581
10307 37.72751439411676 -122.420123281399
10308 37.711949391466185 -122.45175860820918
10309 37.77001722006377 -122.4689405732691
10310 37.78718210880609 -122.4746276775374
10311 37.78232922591266 -122.48482627192661
10312 37.76672042427366 -122.51070304779891
10313 37.78478094188372 -122.39205460145824
10314 37.78057580743562 -122.4720403839445
10315 37.75518172264911 -122.4028654215922
10316 37.79814476399783 -122.43769359089319
10317 37.74428352366408 -122.50700507789514
10318 37.79953093682 -122.47922537299937
10319 37.80787754082492 -122.47188716321503
10320 37.72452271025196 -122.3962822806535
10321 37.7222969691896 -122.40106167693801
10322 37.77068801048316 -122.49439116819477
10323 37.73224154724282 -122.45897523121312
10324 37.737351814835925 -122.47096413293164
10325 37.70879314009327 -122.41388920110909
10326 37.73299095001614 -122.46079662083325
10327 37.73593263118625 -122.50477461409113
10328 37.74243294729995 -122.38948121077554
10329 37.73563942614724 -122.49641887810257
10330 37.76078115093041 -122.43631957059713
10331 37.76500510816796 -122.38949259230709
10332 37.80555480217004 -122.40834186871551
10333 37.75669601899701 -122.40897833118382
10334 37.77681958444216 -122.38757647266142
10335 37.723346175249496 -122.36622533248584
10336 37.785226983029254 -122.48076046668709
10337 37.73989062114356 -122.41669078192298
10338 37.72325886923362 -122.39790286463247
10339 37.758803702414454 -122.40528440256024
10340 37.7184837537951 -122.46898417833948
10341 37.76031332643632 -122.46295927581218
10342 37.714250705416624 -122.43721301296658
10343 37.76223761563907 -122.40964774407384
10344 37.71644397399051 -122.49649065279291
10345 37.786235582473026 -122.46081685907971
10346 37.716467398272876 -122.43776460313455
10347 37.73838751745439 -122.49745964557728
10348 37.79231243007585 -122.3915041784543
10349 37.70924810074207 -122.43040381374804
10350 37.72078690239748 -122.41374194073313
10351 37.72458465457139 -122.37919406327795
10352 37.78399189526212 -122.48432020146292
10353 37.72042328490864 -122.48655214969023
10354 37.72256588946936 -122.40719331588244
10355 37.76111264600118 -122.38152453632487
10356 37.77275770621415 -122.411002147332
10357 37.79951044011407 -122.47092921428553
10358 37.724674100053434 -122.38024507601885
10359 37.77318927369926 -122.40400536444108
10360 37.78509062419195 -122.48444633476882
10361 37.731860205418535 -122.39728626451502
10362 37.71225889899147 -122.44425541715604
10363 37.71246757437657 -122.39254381828667
10364 37.771980387611386 -122.46621452888927
10365 37.73900555504886 -122.43984327669254
10366 37.75876031806615 -122.49018324984641
10367 37.76175952525945 -122.42400989795007
10368 37.72949561918001 -122.41675839768257
10369 37.75843663645695 -122.47762869053855
10370 37.76517661697225 -122.3967787545099
10371 37.72781733094894 -122.46777949433962
10372 37.729391290052945 -122.3769821569718
10373 37.71111056657278 -122.3955715854849
10374 37.73056135148473 -122.38914723639323
10375 37.71651053222762 -122.47318981484815
10376 37.71753450809047 -122.43535929954446
10377 37.73265137948829 -122.36666985017287
10378 37.75247331065121 -122.43697303567028
10379 37.737832428745165 -122.4765602803929
10380 37.71764225690974 -122.4218516635999
10381 37.79941495345282 -122.40197189635771
10382 37.77783957461398 -122.39690163430616
10383 37.785163893327926 -122.3891612830639
10384 37.782064228579934 -122.49479708791647
10385 37.725029538013075 -122.40361603377295
10386 37.76176921179032 -122.38913767730611
10387 37.793319489630306 -122.42163771007435
10388 37.71344954667039 -122.4960150019243
10389 37.799726712106796 -122.44127409683732
10390 37.78358604828169 -122.4265223150723
10391 37.743186587963635 -122.37920127622834
10392 37.78381510372672 -122.39929190071744
10393 37.72820415431292 -122.50270819291512
10394 37.73554327741378 -122.5049488715218
10395 37.780200948936645 -122.42500584282644
10396 37.71812890237083 -122.48429261800767
10397 37.732539056698236 -122.44272811435872
10398 37.759623569073426 -122.44060111533204
10399 37.736797002865636 -122.47233334340672
10400 37.73344186643363 -122.46459488890328
10401 37.77245014384532 -122.42541283452773
10402 37.747168361871765 -122.48404770942012
10403 37.787685220730424 -122.47335855238104
10404 37.74227542502694 -122.39477357553328
10405 37.72838056331511 -122.40359586720656
10406 37.74790635161448 -122.44003324060607
10407 37.7654389032837 -122.4041781929778
10408 37.72394772667427 -122.41232121197517
10409 37.74454120722274 -122.38615735570174
10410 37.75998639431582 -122.45906530452771
10411 37.77692941036311 -122.41480517621928
10412 37.7459717612695 -122.49091771026424
10413 37.708960454084554 -122.4215694212044
10414 37.71777317849943 -122.47135042200979
10415 37.732544513732215 -122.41492082194684
10416 37.76030476019713 -122.48337856762018
10417 37.76601287726252 -122.40930742385319
10418 37.78946816729424 -122.46074454126926
10419 37.72250713717948 -122.47364368252556
10420 37.720512019715066 -122.40933693938385
10421 37.711171355146654 -122.43840444899513
10422 37.71778266731149 -122.40733138956195
10423 37.78603505716594 -122.43584285827318
10424 37.752021093767 -122.40465279581615
10425 37.763298656102734 -122.39046773519593
10426 37.745446942182795 -122.49493242363747
10427 37.73092508442727 -122.37524374605637
10428 37.8023230021483 -122.47385656572035
10429 37.727595405703156 -122.46908654417498
10430 37.792012034175166 -122.48430417022851
10431 37.760848538135605 -122.40767604560075
10432 37.7430757871523 -122.40931573097531
10433 37.79171317514275 -122.47232980555347
10434 37.75455968079056 -122.47933563663068
10435 37.72409284304332 -122.49990500910414
10436 37.74724379891193 -122.46191262706179
10437 37.78521002669178 -122.44804846368581
10438 37.75950209756638 -122.43971082593352
10439 37.71561179262807 -122.48165594912584
10440 37.76600813235323 -122.46730897662603
10441 37.73686833075898 -122.49177669171752
10442 37.78338532022343 -122.41029189672226
10443 37.73569910577601 -122.41702177755145
10444 37.776341264803605 -122.38522617477498
10445 37.77111564138266 -122.45502727846699
10446 37.720348291699054 -122.39023866504745
10447 37.75559520593047 -122.40809103732715
10448 37.776160474735846 -122.39444536797309
10449 37.72800291446941 -122.44599859490823
10450 37.74481274677506 -122.44621287396069
10451 37.78050932000334 -122.4687936134158
10452 37.74234094913005 -122.45224200155863
10453 37.745500937231775 -122.5078612409016
10454 37.74501932657745 -122.45285999524124
10455 37.80623766256083 -122.40971630628232
10456 37.77541061439085 -122.43830112691593
10457 37.79805629596064 -122.45343991334224
10458 37.793669349295094 -122.42377815325105
10459 37.804826243664834 -122.45373623664481
10460 37.777358291826445 -122.42303273462734
10461 37.79145642273163 -122.42248232421109
10462 37.718890334870366 -122.47396328445045
10463 37.7255226642563 -122.43096862781375
10464 37.73200564073842 -122.44369773474749
10465 37.72618725466211 -122.43941521129409
10466 37.71349463046264 -122.38550984975775
10467 37.74576024462681 -122.487550912102
10468 37.74957608549577 -122.4913047086685
10469 37.766623218418765 -122.39465716256164
10470 37.79459962374941 -122.43342858141307
10471 37.79632246335944 -122.45148305756743
10472 37.799168838776644 -122.47375427140888
10473 37.77234065620304 -122.50788907998488
10474 37.74709561305584 -122.49657026448492
10475 37.7125252054972 -122.47542744359127
10476 37.71882353008473 -122.4091144660459
10477 37.74373199910227 -122.42771642842673
10478 37.75770383415865 -122.39597443920987
10479 37.74088749752512 -122.50437166403144
10480 37.78901880807758 -122.47149900480508
10481 37.78091900491911 -122.51280892120873
10482 37.748907871564214 -122.43595455545965
10483 37.72890186736393 -122.36640548394966
10484 37.749971218003736 -122.47609738282446
10485 37.7140072067559 -122.40277668644678
10486 37.74331009834356 -122.4048448062852
10487 37.779972216934176 -122.4775048208548
10488 37.71598687089816 -122.41921772115715
10489 37.77578260410396 -122.4521559411881
10490 37.77345850636198 -122.47934436190566
10491 37.74455102782763 -122.49249600141668
10492 37.72607996930067 -122.4247098731943
10493 37.739868652537716 -122.38298395151544
10494 37.785894112427656 -122.39334538611095
10495 37.7522861712449 -122.46585017046735
10496 37.73712756965073 -122.47600023853491
10497 37.746991463714295 -122.45265376195879
10498 37.80516876186127 -122.45168788223339
10499 37.711589974920976 -122.45087435014115
10500 37.715026596398985 -122.44715450074439
10501 37.77918976219145 -122.41307994060477
10502 37.80284539313499 -122.41476499882837
10503 37.74945832762569 -122.3857237153413
10504 37.72997904343162 -122.37802867571469
10505 37.734827279678655 -122.36664516707954
10506 37.735766233212566 -122.46312907034063
10507 37.740334716133 -122.45419547377035
10508 37.73682876357467 -122.43091873303321
10509 37.716508817843874 -122.39251912724123
10510 37.72340675124528 -122.38963978053395
10511 37.79737187008153 -122.44612230632085
10512 37.77882665327997 -122.4423912302576
10513 37.79378196119175 -122.39181143321181
10514 37.76288436240109 -122.47181095963636
10515 37.76822322423675 -122.50510636776538
10516 37.761528442443215 -122.49965542117053
10517 37.73620498674218 -122.48691062005427
10518 37.766068320974234 -122.40533030533146
10519 37.75263558142249 -122.38883570216727
10520 37.7211334507086 -122.4520832222755
10521 37.74562211735882 -122.41739477564896
10522 37.747450633645734 -122.41386817919255
10523 37.79009060893006 -122.38773771115622
10524 37.72541961313563 -122.42395701324294
10525 37.74358209559459 -122.49217528545789
10526 37.7901612838147 -122.4126808755798
10527 37.775592191772176 -122.46970447627348
10528 37.777435817779065 -122.38826863981807
10529 37.795591144550784 -122.41226929196338
10530 37.731589389229434 -122.39792910638616
10531 37.78200207446064 -122.48792775217144
10532 37.78727028220722 -122.49047798799695
10533 37.74027567124725 -122.47805927356342
10534 37.75428692658667 -122.41063035880607
10535 37.70855843341163 -122.45277243421972
10536 37.74297087964761 -122.49304821352617
10537 37.727805828494056 -122.4341168736244
10538 37.74102711933114 -122.50294069198303
10539 37.71390460905161 -122.40066371149712
10540 37.79892367066984 -122.41637218131402
10541 37.76487645394358 -122.40032983929162
10542 37.72922764742545 -122.50026861196292
10543 37.73144910710632 -122.44068921942406
10544 37.729282590846466 -122.47132957433195
10545 37.71156675819414 -122.45637786133061
10546 37.793418222740684 -122.41019458085519
10547 37.76932072882046 -122.41952797298191
10548 37.75301365299623 -122.40674254742294
10549 37.711773581958845 -122.41980407224116
10550 37.72930657687664 -122.46104991272868
10551 37.720210937026266 -122.48018509793128
10552 37.80093393784951 -122.43973223736941
10553 37.777725047614645 -122.48445515422063
10554 37.800184487692555 -122.41868494530479
10555 37.757703426671966 -122.49431319358052
10556 37.77545298351922 -122.42740287842592
10557 37.72058850739405 -122.41470528876376
10558 37.78837241387665 -122.38740661624563
10559 37.736958132454966 -122.45970794592746
10560 37.727982900000306 -122.40205440281748
10561 37.71967869987521 -122.44089498526343
10562 37.73827624372147 -122.47019359933292
10563 37.739085801538856 -122.45492017876329
10564 37.790852301224255 -122.44001504964753
10565 37.79712797604201 -122.44576548065983
10566 37.75222415141889 -122.43609486554826
10567 37.715731166274246 -122.41301894654296
10568 37.747117640482955 -122.41207602535741
10569 37.78598607512391 -122.47221977271984
10570 37.7524142921707 -122.46710357164683
10571 37.77561998232445 -122.50763309971197
10572 37.714047367709554 -122.38351176600095
10573 37.72194107972046 -122.43205483529974
10574 37.74047258677548 -122.45653935242896
10575 37.7708825274718 -122.43508885083556
10576 37.76659492410794 -122.41994700098539
10577 37.71100859095821 -122.41963940201936
10578 37.796451332381864 -122.4427168336076
10579 37.71965351117476 -122.44127322450171
10580 37.71356801729215 -122.49562443095738
10581 37.787692069188736 -122.38992072650404
10582 37.72045633434785 -122.41059598352577
10583 37.76131019749273 -122.43413471199194
10584 37.763824066677486 -122.43762699212735
10585 37.72895479788196 -122.38611184445985
10586 37.764561332400014 -122.49097319087812
10587 37.77534285447004 -122.41478832924454
10588 37.76128474283525 -122.50339620627673
10589 37.73910861906503 -122.49073457823029
10590 37.71264326192224 -122.44452830392038
10591 37.79074149597463 -122.44165489996804
10592 37.73531817207101 -122.422665676444
10593 37.74211795350183 -122.4880788895947
10594 37.71170014263722 -122.44446948138402
10595 37.803321939664855 -122.42963023094157
10596 37.764690874700115 -122.43188562051543
10597 37.803361870082824 -122.47490670286746
10598 37.77529500716932 -122.46062850821112
10599 37.778741707050415 -122.41612364736258
10600 37.76248669245891 -122.41123345777694
10601 37.77990022448238 -122.41952878000993
10602 37.72677220282277 -122.47799569382019
10603 37.77083498651044 -122.43818503139926
10604 37.747757467905075 -122.45670255826707
10605 37.785630683779935 -122.4399566917653
10606 37.80500624251351 -122.43866377977548
10607 37.754020277923814 -122.48611634882764
10608 37.72995842660659 -122.42706675003012
10609 37.756245635133055 -122.44914416906481
10610 37.73161439427182 -122.38492910141582
10611 37.73660725332435 -122.47141478141023
10612 37.718356028997995 -122.4816311699011
10613 37.77254953384528 -122.3897722906493
10614 37.74176653520315 -122.44214022731795
10615 37.74283778353102 -122.43147882879337
10616 37.79621388234776 -122.4189309493422
10617 37.76615514048764 -122.46941362784248
10618 37.74168745217496 -122.42089008121395
10619 37.74084507541673 -122.50481990209143
10620 37.78387835534321 -122.44549708814279
10621 37.73087663701508 -122.39518532027515
10622 37.79513808083848 -122.41300207535687
10623 37.74640439895232 -122.48933960611973
10624 37.790406076603375 -122.4237513603841
10625 37.77515394608585 -122.40548738390254
10626 37.73825370221816 -122.41834820069414
10627 37.753405510687934 -122.39440765743008
10628 37.73009646993391 -122.35793330903307
10629 37.7962678207222 -122.47110394871946
10630 37.74993805188817 -122.41045035824658
10631 37.74740940428581 -122.4030521253459
10632 37.720742425859804 -122.42408614073769
10633 37.71131527528364 -122.45731781555746
10634 37.72394151807344 -122.47031323702771
10635 37.74594173885337 -122.43951509022729
10636 37.717331124912114 -122.43280355947586
10637 37.78998442313861 -122.38823227009053
10638 37.77452886917884 -122.41353447612588
10639 37.71836662520981 -122.39982708289735
10640 37.80395364397626 -122.43096650635698
10641 37.76514737700935 -122.45627767778616
10642 37.7778235790588 -122.50467383720478
10643 37.78997714377893 -122.47253354729465
10644 37.76055555450395 -122.43540504343515
10645 37.781879288767676 -122.47104315596167
10646 37.73071037789959 -122.44942722981438
10647 37.735643159954684 -122.47894803629245
10648 37.779651176267365 -122.41269771675866
10649 37.718986287521076 -122.47605686789483
10650 37.74484376526268 -122.4123863249295
10651 37.77930149570593 -122.45494358481325
10652 37.782595440461606 -122.40956236289848
10653 37.73574451242532 -122.42595256426561
10654 37.790384298556674 -122.46632083786201
10655 37.78427213082247 -122.48664556754326
10656 37.7093084654852 -122.39702334578237
10657 37.72798171891519 -122.36005411371043
10658 37.72293573663587 -122.42021756654056
10659 37.71972857942249 -122.4254277034234
10660 37.723518007221465 -122.48238965595817
10661 37.768140897449015 -122.39161442319735
10662 37.75395878457638 -122.44478263963707
10663 37.72637727174321 -122.41388149752461
10664 37.7542662011889 -122.40739651970564
10665 37.76604377434525 -122.39321281258032
10666 37.71722113105395 -122.40573381091775
10667 37.76888024509731 -122.48309822568336
10668 37.76668117996544 -122.42114872142918
10669 37.72670550478299 -122.38336668367545
10670 37.78719112524552 -122.49591474034779
10671 37.747655489996994 -122.42222912055293
10672 37.721288588193694 -122.3948228469804
10673 37.7433479332988 -122.40907509113686
10674 37.78862157527008 -122.39346740174977
10675 37.72784683757686 -122.49604346243308
10676 37.74060974492672 -122.46167722560395
10677 37.77226198295145 -122.46637958753193
10678 37.77626345309529 -122.46409854614424
10679 37.7093707637792 -122.45097231282489
10680 37.77855697611956 -122.39874697854684
10681 37.71652768383496 -122.4908756557471
10682 37.75884247597523 -122.48594565898404
10683 37.775970826305866 -122.45171301972218
10684 37.806823790280916 -122.43509212517299
10685 37.71882687593743 -122.44590973471723
10686 37.76216786115681 -122.44340221395923
10687 37.76593125435535 -122.5011060221801
10688 37.73349759435337 -122.39191624121794
10689 37.7196084112167 -122.40849726146041
10690 37.76420230286846 -122.4137959591473
10691 37.75025949928886 -122.48932072585235
10692 37.76854237831779 -122.49731539946386
10693 37.78368862745177 -122.45432785699555
10694 37.757183194972825 -122.45195721647133
10695 37.70889888354257 -122.42937269639314
10696 37.74404914252635 -122.4353929639941
10697 37.73855320040998 -122.4014233882692
10698 37.732480632936344 -122.42494832973121
10699 37.795397540321666 -122.4737382751864
10700 37.780946985294285 -122.40060852119683
10701 37.740257414610205 -122.40795421305154
10702 37.803087060484636 -122.4398354284313
10703 37.793982020951255 -122.45014008176014
10704 37.76560223704134 -122.42104701903695
10705 37.791465480033835 -122.47527672917097
10706 37.734078475200455 -122.44965898213327
10707 37.763319587085306 -122.47634601663907
10708 37.71115892109589 -122.47710005398294
10709 37.729307959729944 -122.37137865305687
10710 37.744474748331186 -122.40758170303205
10711 37.77730632342055 -122.46944782433586
10712 37.76704213086158 -122.46847814082366
10713 37.72100963748536 -122.40622142591867
10714 37.77962523208676 -122.49970801029905
10715 37.75818710505761 -122.49652674640949
10716 37.73956881939669 -122.37890611439263
10717 37.76542840683052 -122.49291200714848
10718 37.77054258178517 -122.41628311160922
10719 37.729943722524936 -122.45423252627528
10720 37.735036837033476 -122.50160077577084
10721 37.76321961290915 -122.48964619180455
10722 37.73347180667114 -122.4277856324494
10723 37.76590007314518 -122.41304992726742
10724 37.7934268637252 -122.43605132390454
10725 37.71368874343729 -122.38301712343419
10726 37.711906707350444 -122.47527495646729
10727 37.78183765866589 -122.4154049532609
10728 37.747949378671485 -122.45146038804262
10729 37.74397203663842 -122.43829368374462
10730 37.76175561878081 -122.49975947246935
10731 37.71843287304052 -122.37117666854286
10732 37.760595237228245 -122.38777788114587
10733 37.80386601357703 -122.46018848905686
10734 37.807948559033896 -122.4723882958851
10735 37.77362937706282 -122.45540184933138
10736 37.734534146706515 -122.47006999299849
10737 37.789261498898355 -122.387721683341
10738 37.714380206146174 -122.49297812640711
10739 37.767778228218816 -122.44296454599062
10740 37.710544359814726 -122.40506296909487
10741 37.71702571388124 -122.41216106417846
10742 37.7333531552781 -122.37191660741784
10743 37.784345872185874 -122.44758396987899
10744 37.75622516315201 -122.41268011658664
10745 37.71765537707754 -122.47847155840105
10746 37.7999931698127 -122.44303153585737
10747 37.7565587734028 -122.38310970165051
10748 37.72814181246791 -122.3736431536389
10749 37.719747036203486 -122.44770322019899
10750 37.718318685960845 -122.48229093909222
10751 37.76821198358635 -122.41582323865674
10752 37.76565946669283 -122.48679221004609
10753 37.75009222486358 -122.42703576133992
10754 37.80433065290617 -122.42868684155526
10755 37.7301278849945 -122.43788060330421
10756 37.71549093507208 -122.4802494270687
10757 37.802123121403504 -122.46602148800403
10758 37.74620974401311 -122.43370511831007
10759 37.72509356305219 -122.44826302850831
10760 37.761533809167744 -122.40403540902157
10761 37.76394182298385 -122.50931928146537
10762 37.77098936279585 -122.39174591911997
10763 37.79388502155859 -122.4229012746221
10764 37.7892201622665 -122.39420715101483
10765 37.74141569236488 -122.42084801817751
10766 37.76175645531041 -122.47986461249914
10767 37.750175379687334 -122.44348983169346
10768 37.792430252863035 -122.39207241832719
10769 37.75585223748152 -122.4724191241592
10770 37.76916893937671 -122.45231504743403
10771 37.769506683307945 -122.4985179319584
10772 37.74786179440264 -122.45309849922398
10773 37.72943028998475 -122.42530145867855
10774 37.72732543103355 -122.38039050385433
10775 37.73015461133716 -122.45600869553074
10776 37.747437083160385 -122.50510294648049
10777 37.774771644964936 -122.48697778495388
10778 37.74462339877016 -122.47819477563071
10779 37.71313262109718 -122.40007651364175
10780 37.72960235416349 -122.36575200331114
10781 37.72335826918932 -122.41191488581046
10782 37.72030411972758 -122.37162569444753
10783 37.764519217711644 -122.40591411297547
10784 37.726429350971614 -122.4013381250129
10785 37.763232317631086 -122.42246415798782
10786 37.75765655642359 -122.45894053562581
10787 37.78536114576601 -122.46188991694632
10788 37.72378483022169 -122.42688638893789
10789 37.79904588743268 -122.4775976880418
10790 37.79416083817867 -122.46358572653259
10791 37.73682911378417 -122.44306494137233
10792 37.72581874428455 -122.50163451673535
10793 37.73280878304559 -122.46577803180058
10794 37.726065720185964 -122.45915924172604
10795 37.806868659882 -122.44947831813869
10796 37.74871507474905 -122.41242230515422
10797 37.71843855518406 -122.44252657710362
10798 37.73210685530278 -122.38702738218963
10799 37.71195483239305 -122.44257308112549
10800 37.78112848939583 -122.44127306384553
10801 37.74815835638774 -122.44332547318025
10802 37.74069330721085 -122.48171137871408
10803 37.71636322305384 -122.41880241144568
10804 37.7337957146819 -122.50193954156506
10805 37.73781539422983 -122.50128993961432
10806 37.73434149040592 -122.50733832013961
10807 37.762090656215065 -122.47381727757408
10808 37.765071477761026 -122.45451498311735
10809 37.75476453498274 -122.50105610082362
10810 37.76108230671351 -122.38018855820752
10811 37.71273049645059 -122.4021486030675
10812 37.799518172580534 -122.45784722391966
10813 37.803807404782724 -122.41521270683927
10814 37.78123474053034 -122.41018572980141
10815 37.75096042569677 -122.40868717954325
10816 37.727919097982394 -122.44424854147643
10817 37.773803842192756 -122.38319084163878
10818 37.73438703075111 -122.40898685046263
10819 37.8051882588356 -122.46996316956496
10820 37.782420788255386 -122.44572012100262
10821 37.7235011487239 -122.46141560018899
10822 37.75008782881809 -122.41591635142188
10823 37.7818785699483 -122.38663894601213
10824 37.74127320983781 -122.49686831287238
10825 37.79751113129729 -122.40639720992483
10826 37.71933483047436 -122.43237572789441
10827 37.75753146287897 -122.43144589110355
10828 37.7824148110492 -122.4817088631515
10829 37.746520013838015 -122.38901857351291
10830 37.741470315230806 -122.38304397805078
10831 37.71730132493188 -122.39215497742595
10832 37.77889217858958 -122.42130622888364
10833 37.753451049938626 -122.43616160767333
10834 37.7453075515231 -122.48062700781425
10835 37.73885754198259 -122.42951722945661
10836 37.781491446885184 -122.44837435052892
10837 37.80727997120288 -122.44255322415033
10838 37.798161904928946 -122.46864522964816
10839 37.73610944096572 -122.50308901929583
10840 37.7940022050882 -122.43714276866253
10841 37.76942703470799 -122.48526035709678
10842 37.72035626960932 -122.3928836987729
10843 37.72087892104783 -122.49283098455207
10844 37.748264589296845 -122.44201963035707
10845 37.79287378458053 -122.45075092104278
10846 37.80450954642572 -122.41409642851515
10847 37.7807649597909 -122.48272719555354
10848 37.7954876221119 -122.39780958756076
10849 37.74170578447254 -122.38457190158975
10850 37.754936509884836 -122.38757148194138
10851 37.75283083631794 -122.50387910281346
10852 37.79019598525778 -122.41787765680803
10853 37.75937236657853 -122.41919861478357
10854 37.712879535772814 -122.38194621558182
10855 37.736158415044166 -122.38492067098942
10856 37.764059242004016 -122.48466127223936
10857 37.73248209006276 -122.38183471494082
10858 37.77558281346446 -122.4749934906623
10859 37.76576755038635 -122.42890284497294
10860 37.7315571736462 -122.4968746547142
10861 37.782624652335585 -122.44920587377919
10862 37.76595696938867 -122.39533047149511
10863 37.71527278979394 -122.49087152452779
10864 37.72339893652715 -122.44726550580691
10865 37.71845932734176 -122.38760885754105
10866 37.760646691951386 -122.41934070636223
10867 37.7147511645162 -122.4247414786288
10868 37.763287609751416 -122.47056325449952
10869 37.7801919586109 -122.44168303755775
10870 37.711532230036575 -122.42843573399465
10871 37.74415484926345 -122.43033933618004
10872 37.71235737678537 -122.44032694063739
10873 37.74780463751554 -122.39761091109801
10874 37.744231677078965 -122.46778161660826
10875 37.72873636364864 -122.42569094456513
10876 37.75329798439728 -122.39305066900396
10877 37.76627974637294 -122.42467370732787
10878 37.76965492589004 -122.40979018167666
10879 37.71904863042661 -122.42806675389417
10880 37.785697866532765 -122.49136527374937
10881 37.719179635684725 -122.44527157151583
10882 37.79809096333949 -122.4668754042416
10883 37.78748369209287 -122.45449774053188
10884 37.72000804611776 -122.45229257335284
10885 37.80366575682141 -122.44188070096757
10886 37.73058915598349 -122.43896808666165
10887 37.74102835980093 -122.40344901161615
10888 37.75344744144371 -122.40860967835319
10889 37.75779733627473 -122.479651585689
10890 37.80112724643476 -122.43669943362396
10891 37.72752928042767 -122.44257414445144
10892 37.708614215523816 -122.45385850994819
10893 37.75809904130513 -122.48427418248208
10894 37.72568321532202 -122.42053739905548
10895 37.71405433164559 -122.44370215728162
10896 37.765689899853925 -122.40655774519709
10897 37.78872837487892 -122.48715683026182
10898 37.74100600411397 -122.39126881368573
10899 37.78528973734538 -122.46500283318628
10900 37.784045554256764 -122.38873041807848
10901 37.742251776909114 -122.46095733157934
10902 37.79512578636761 -122.3931912789953
10903 37.724912803731755 -122.50107254044572
10904 37.74487750040617 -122.37780922793677
10905 37.76630289719238 -122.47174911386277
10906 37.7086480126227 -122.50040159181802
10907 37.74090359154467 -122.49270731903873
10908 37.74332074758306 -122.39417457005827
10909 37.78414169766796 -122.40235024549841
10910 37.73961712106813 -122.44216828934545
10911 37.729369898541876 -122.48194065605746
10912 37.72414379025132 -122.46430156023415
10913 37.768089149895744 -122.49249191512466
10914 37.79308125523223 -122.481476597724
10915 37.739553967313036 -122.41344366406157
10916 37.74642866060934 -122.49851920122626
10917 37.76879365704664 -122.44109181479541
10918 37.733419471034736 -122.36709042346597
10919 37.743171558204246 -122.39255357719209
10920 37.71874655761972 -122.44591907574544
10921 37.77006819239538 -122.5114746889422
10922 37.76508909366667 -122.49585907870865
10923 37.77339248238801 -122.38789170497766
10924 37.775225182977984 -122.42212718021358
10925 37.724306616280785 -122.37011430630035
10926 37.72434854182179 -122.38642915301418
10927 37.7131402815285 -122.39565881908396
10928 37.72069416885838 -122.45712566104558
10929 37.750877020768804 -122.41241615105316
10930 37.803818725699635 -122.47531077890763
10931 37.75097970345439 -122.4684591112867
10932 37.730062920607985 -122.41218241307858
10933 37.75044492234954 -122.50284364417644
10934 37.76649753258381 -122.41907365502087
10935 37.720820022611754 -122.45929478687464
10936 37.79214319810455 -122.45662462060919
10937 37.726582228588384 -122.47861002628825
10938 37.74194523167847 -122.42160046842602
10939 37.770269457308856 -122.44175499869795
10940 37.72905135666046 -122.38736322611699
10941 37.77886804929177 -122.49693356382076
10942 37.782581537280514 -122.45298044513437
10943 37.749501183599534 -122.39410421439065
10944 37.71011602905671 -122.40538698197089
10945 37.727116195643 -122.480250031635
10946 37.78354308883438 -122.47007247390196
10947 37.71776289705207 -122.40769441053055
10948 37.72748164890086 -122.4755081407828
10949 37.72869309820648 -122.47243368206607
10950 37.78769310787415 -122.47692722897304
10951 37.72305644676631 -122.42519333418768
10952 37.73192989694059 -122.36207430610877
10953 37.752662395097474 -122.50583724785741
10954 37.71493206405978 -122.42292938208557
10955 37.74991497660828 -122.48541050572757
10956 37.76041647657173 -122.44656761272697
10957 37.76357403564772 -122.4794524472846
10958 37.78076320024911 -122.44645549164889
10959 37.778287437698545 -122.43976770714433
10960 37.71928054005432 -122.42240460538427
10961 37.75724816005336 -122.49606014235741
10962 37.78490733369299 -122.39239581255545
10963 37.793919657575934 -122.45550998562692
10964 37.789070650713484 -122.48854603745285
10965 37.72666451762449 -122.37559368349784
10966 37.794460691353464 -122.39627382025233
10967 37.80205038214193 -122.46295281008716
10968 37.747892048153616 -122.48440200203879
10969 37.763231753889364 -122.39612861944386
10970 37.76720185777717 -122.43971142838606
10971 37.74829213684934 -122.43397305495697
10972 37.742118926978755 -122.43118216604361
10973 37.73747109948934 -122.443035408741
10974 37.75566139714948 -122.4256737897139
10975 37.772205406930674 -122.39839982540006
10976 37.733592043477934 -122.40998437604107
10977 37.77617911751075 -122.4886366392272
10978 37.77701108551223 -122.42427169645016
10979 37.79262939984481 -122.40032555532711
10980 37.78943239297769 -122.44370709484603
10981 37.71521041089474 -122.41408196708286
10982 37.71173034864675 -122.47793335563101
10983 37.76948901640268 -122.42242391989352
10984 37.74836272732695 -122.43021919495985
10985 37.7185870298239 -122.40760676215935
10986 37.788031953213284 -122.39026911677011
10987 37.80226374602892 -122.46326920809742
10988 37.712996427516664 -122.43975695637205
10989 37.77489455576576 -122.4365741875785
10990 37.78923530352612 -122.45409619193703
10991 37.75152400218624 -122.43717943511575
10992 37.80182788542284 -122.42142600996556
10993 37.72077010933257 -122.36558247243195
10994 37.75668391803223 -122.4442066528657
10995 37.758289655537844 -122.43845249990183
10996 37.72320858221445 -122.41700387514648
10997 37.79302971947643 -122.4538711117961
10998 37.72811222232242 -122.38099219347801
10999 37.77891128271049 -122.40071040363448
11000 37.7331250227119 -122.4765541370237
11001 37.75910282677934 -122.45172110647344
11002 37.761325109279234 -122.4269765556765
11003 37.770808926546025 -122.48838647435899
11004 37.7596945030546 -122.46175036886191
11005 37.71380655275678 -122.41984647334976
11006 37.70981422036146 -122.44725386152088
11007 37.718700407613525 -122.42304024923136
11008 37.709423890879975 -122.45878323385448
11009 37.80470484135813 -122.43513290306663
11010 37.735321739059366 -122.45464351202426
11011 37.741574782652016 -122.39535890565438
11012 37.76218525117572 -122.44164238519271
11013 37.74037310751216 -122.4765299830252
11014 37.72854996523818 -122.46133566021547
11015 37.788161267005684 -122.4458213903852
11016 37.76940220335322 -122.42320852368718
11017 37.72119048531396 -122.49499357012665
11018 37.75530879653925 -122.4948113810389
11019 37.714671661161205 -122.45217243105344
11020 37.745994517743235 -122.41841906081501
11021 37.80147768260252 -122.43087185852883
11022 37.70901943194724 -122.49896432185936
11023 37.804705791056655 -122.45499063698755
11024 37.7508150417958 -122.44946255253281
11025 37.787166341890256 -122.48031944931044
11026 37.73199391255644 -122.46129728073254
11027 37.708830244014294 -122.4583669957007
11028 37.72852622861924 -122.45743195333584
11029 37.74169378011588 -122.4996884041503
11030 37.72613970439309 -122.38932507090799
11031 37.732352462083114 -122.38009983338742
11032 37.74096011758782 -122.48722469212603
11033 37.80377501832188 -122.46586091805224
11034 37.71792785717205 -122.4417483507917
11035 37.730796573881655 -122.41333010057829
11036 37.774124457109096 -122.43193562895536
11037 37.73059971210666 -122.36716531737578
11038 37.75045965859973 -122.46714512118956
11039 37.73863208550106 -122.39249273241936
11040 37.77299899092461 -122.51076953807498
11041 37.73746291792954 -122.39453515170223
11042 37.73642638263069 -122.45556553333742
11043 37.77266535259755 -122.50635595886351
11044 37.72525789578756 -122.35906391402384
11045 37.76594010942608 -122.40696595263842
11046 37.71066048978716 -122.42630687458642
11047 37.77115676700999 -122.42812601302269
11048 37.72379176999578 -122.46375270857394
11049 37.7798458882723 -122.50096932754359
11050 37.74027338556031 -122.4055556504291
11051 37.72496065583389 -122.42014926056764
11052 37.739553527855605 -122.46254919671998
11053 37.7435554913801 -122.37444102721865
11054 37.73639748453185 -122.4216038878911
11055 37.75373320839624 -122.41837427043781
11056 37.74731265222192 -122.41635837965933
11057 37.766114106342755 -122.45075789291315
11058 37.715046748389156 -122.41334694598248
11059 37.7897212770509 -122.40541388270822
11060 37.754933125058585 -122.49182953487359
11061 37.754156403484025 -122.4759101659483
11062 37.73223239753183 -122.46218856252068
11063 37.717433195239614 -122.4203561552409
11064 37.72754158229014 -122.41427551259662
11065 37.71610176420514 -122.47122485610882
11066 37.76734403418111 -122.50916669725177
11067 37.71193997881814 -122.41020882597229
11068 37.78187270472442 -122.45742153139156
11069 37.76123620232313 -122.4771072650866
11070 37.736228156121115 -122.49995726125074
11071 37.7120883972711 -122.43793203830225
11072 37.73283622860846 -122.39121850023159
11073 37.80011927577637 -122.48108498195239
11074 37.73303481215557 -122.49970939816896
11075 37.71819620564661 -122.3659277012846
11076 37.74193667847367 -122.39297417196967
11077 37.72569320222956 -122.39015642029597
11078 37.7275701407612 -122.48134580222879
11079 37.774826238634326 -122.43112021050857
11080 37.779334741938236 -122.47163313119222
11081 37.74206537211762 -122.48541008724449
11082 37.774150820383014 -122.39709262140204
11083 37.800722620496266 -122.43169567968286
11084 37.799360140594686 -122.4558415010244
11085 37.76589426278961 -122.50527185706403
11086 37.76467859661477 -122.4063303646791
11087 37.75763892196897 -122.41614866987017
11088 37.789203740584526 -122.4224661639699
11089 37.73159917933409 -122.41510659748934
11090 37.71123447985071 -122.47281027338144
11091 37.75869001792376 -122.4252796190068
11092 37.77119870630862 -122.43575825811998
11093 37.71449121953971 -122.49742419754782
11094 37.73382887377194 -122.419136692646
11095 37.79148489493717 -122.43230704665118
11096 37.724395179414444 -122.37831963960048
11097 37.77228311455221 -122.39721505575028
11098 37.78652057591057 -122.47289224819222
11099 37.73899867426927 -122.41922275840616
11100 37.78158125896229 -122.40236762455515
11101 37.71336842472893 -122.45610896425673
11102 37.73461864686532 -122.44773182372938
11103 37.71173863744975 -122.41764154859966
11104 37.75845827051043 -122.39977639670519
11105 37.742328698151276 -122.4334361846581
11106 37.78914680189301 -122.44762369026841
11107 37.73278711657009 -122.42146238995929
11108 37.77447632516211 -122.46522475883604
11109 37.71836703891105 -122.46134834753373
11110 37.76309335141637 -122.43728782853573
11111 37.80360908446415 -122.44902486941544
11112 37.79116354105434 -122.4231331912268
11113 37.71513041939079 -122.45965527541553
11114 37.744011812251244 -122.46280863868274
11115 37.78326418597771 -122.39035765165974
11116 37.75390510052931 -122.43983118582605
11117 37.74716057267859 -122.37923472765952
11118 37.79242958036243 -122.47034768440892
11119 37.70950483822731 -122.39955334058959
11120 37.73225804711703 -122.45774271833704
11121 37.73236392044442 -122.37829200780963
11122 37.72908784703232 -122.44280865438054
11123 37.75325619206481 -122.3881467523665
11124 37.74398764689632 -122.50732480438406
11125 37.72791352379846 -122.4510344096998
11126 37.72123734167733 -122.39293007447786
11127 37.765788096792406 -122.43448818028988
11128 37.75768324989396 -122.46486502803113
11129 37.74566329791463 -122.50237580497819
11130 37.772119312951524 -122.45275502160608
11131 37.75597649991417 -122.45251408623099
11132 37.743744505990065 -122.3896742179874
11133 37.720320701413236 -122.37371477405964
11134 37.731383212877866 -122.44749353937765
11135 37.80378368714429 -122.43258893706748
11136 37.7933468225761 -122.42815071311936
11137 37.71884137344984 -122.39182911499218
11138 37.75265572910564 -122.46554178085889
11139 37.72834221216819 -122.39366626753196
11140 37.72367962397681 -122.4210625176284
11141 37.80669635669064 -122.4256939363658
11142 37.77264811306049 -122.42932657708928
11143 37.72953891863737 -122.36811836401637
11144 37.776970003878475 -122.44813497883159
11145 37.70964308813461 -122.39123029880912
11146 37.76692960611187 -122.49562459025735
11147 37.772889475185714 -122.40601983389497
11148 37.7160281910549 -122.3962684524923
11149 37.72221263299784 -122.40812740431929
11150 37.70876751669729 -122.43014304765015
11151 37.76167401584965 -122.4115092577209
11152 37.74976823671832 -122.45607956582415
11153 37.7334653066044 -122.47262658549924
11154 37.79419199350228 -122.4283441320193
11155 37.72493993255243 -122.49744815723436
11156 37.784580671443116 -122.45127995697968
11157 37.74501594923766 -122.37964930908264
11158 37.71485135516718 -122.44932858278153
11159 37.73172712258544 -122.46892745620998
11160 37.73773567848554 -122.37513380193727
11161 37.77439642696548 -122.4112029690108
11162 37.77538661901167 -122.45854959735247
11163 37.74025550034208 -122.39583489137841
11164 37.72279938479368 -122.48091174384554
11165 37.713034187662394 -122.50068606527793
11166 37.74135843739394 -122.4566739106656
11167 37.74060607529347 -122.48315654475718
11168 37.72290287361443 -122.49467450253185
11169 37.76167641502846 -122.45560787702577
11170 37.78144720743348 -122.43589363531025
11171 37.777422534464144 -122.48926940892525
11172 37.73219617903914 -122.36633593969692
11173 37.71606486797478 -122.38256130177427
11174 37.73793787593817 -122.4069205153234
11175 37.77044532848919 -122.44920833746221
11176 37.70978498562813 -122.38787134328966
11177 37.708877286684654 -122.45528284846746
11178 37.75763129432898 -122.47963453512381
11179 37.772144876011275 -122.48304465725916
11180 37.74985374726576 -122.49674729286033
11181 37.72005425357069 -122.47261510685252
11182 37.70833340546176 -122.42429299888465
11183 37.72127544834133 -122.47375467471018
11184 37.74399150022654 -122.39822795651457
11185 37.74260754113112 -122.50445008493068
11186 37.76445352195064 -122.47605804075125
11187 37.786299800395646 -122.41796916805535
11188 37.7508283184943 -122.39028022657006
11189 37.74650217406494 -122.44138262781499
11190 37.71988141459846 -122.37336044537294
11191 37.72442943322936 -122.49612594422733
11192 37.74807471244284 -122.41876418824023
11193 37.74730047559621 -122.39597038903366
11194 37.73367053456462 -122.43316034081597
11195 37.77055070384737 -122.3890713918681
11196 37.71597669453108 -122.38269146953823
11197 37.78967523378852 -122.3912292856237
11198 37.7322066736714 -122.48154728154586
11199 37.738259151222486 -122.4030191642999
11200 37.7979177657264 -122.47919349854858
11201 37.727307489643806 -122.38979491808259
11202 37.78688134213664 -122.50316185976888
11203 37.767672408789664 -122.40051698692531
11204 37.77658215404067 -122.46379835353042
11205 37.73058216806448 -122.43002453173281
11206 37.7630696877223 -122.51149521007457
11207 37.79120467930949 -122.44607012033138
11208 37.74261072942815 -122.50285772471815
11209 37.72532869208384 -122.37328649846961
11210 37.717132465759846 -122.50185417311306
11211 37.72512661762515 -122.36123013620728
11212 37.719340443529774 -122.42714844115143
11213 37.75297580737237 -122.38340842165042
11214 37.73043977427042 -122.46196885608018
11215 37.731788483443246 -122.42285716159516
11216 37.764079704681656 -122.46978023816071
11217 37.75922404887258 -122.50504724107333
11218 37.76176344681096 -122.48984214239309
11219 37.751228579680024 -122.43057782901143
11220 37.7526074183299 -122.43196502633856
11221 37.78081009369765 -122.40903826426268
11222 37.760742257197606 -122.41705036827229
11223 37.763809517074854 -122.39629768803668
11224 37.73574238855653 -122.36606778575262
11225 37.72401448428623 -122.40086919869026
11226 37.75569713664883 -122.44630830389067
11227 37.804751606957026 -122.40434649167351
11228 37.71296703405201 -122.40100495618834
11229 37.72699023200711 -122.4763448552603
11230 37.76894830693575 -122.46461213267433
11231 37.73629909472945 -122.38860387788901
11232 37.80533507933574 -122.41177479117378
11233 37.72160221022945 -122.44768848753198
11234 37.723366402035886 -122.50565788205553
11235 37.754923815312054 -122.47868893469402
11236 37.741927600962036 -122.46082126097335
11237 37.770795342862996 -122.41542838534663
11238 37.720326837173616 -122.38649011264188
11239 37.765902825126716 -122.47227165482234
11240 37.753465658186514 -122.43488697939985
11241 37.731000976405255 -122.3745792717715
11242 37.759293142865175 -122.38718963086772
11243 37.782900157505615 -122.45071729501409
11244 37.74287035778562 -122.41309653059201
11245 37.73249611268834 -122.5043251984133
11246 37.73240182867555 -122.48763699526562
11247 37.783892438700846 -122.49259064208755
11248 37.74119411510681 -122.46314476396533
11249 37.80127050626469 -122.47048987752139
11250 37.79684856305367 -122.4719331708245
11251 37.747372897714534 -122.50550299406267
11252 37.73739167964456 -122.47512567585434
11253 37.71575341945554 -122.44343176298757
11254 37.75863444638674 -122.41811720082123
11255 37.76225682513958 -122.42655454944848
11256 37.77143271502224 -122.39730751044972
11257 37.742943825279745 -122.39313906397349
11258 37.7159301798782 -122.44211247435652
11259 37.71694665201274 -122.38203332055267
11260 37.74396388130266 -122.48263553238537
11261 37.76859002186883 -122.47949374496389
11262 37.74861057104733 -122.42355375591707
11263 37.73803918202877 -122.38010606603771
11264 37.74247456074177 -122.4746956642552
11265 37.717795590869606 -122.40172179607261
11266 37.76389645101236 -122.44282210894366
11267 37.745811192546014 -122.39721547492863
11268 37.79395778610676 -122.4230593101099
11269 37.717279332312025 -122.38564377158113
11270 37.771303017918655 -122.49182766707352
11271 37.800842845027745 -122.47629650097534
11272 37.75357576287151 -122.43214544011714
11273 37.74101781742844 -122.38927288343014
11274 37.74235240570127 -122.42972102047594
11275 37.75785731729835 -122.477838998275
11276 37.798793782077674 -122.42845850937984
11277 37.75410311180254 -122.38419532281381
11278 37.71405585278277 -122.43950781786124
11279 37.76434064532517 -122.45298416954456
11280 37.74279765582654 -122.3845809203024
11281 37.8009203027929 -122.45458453293163
11282 37.7744736586084 -122.51262066455877
11283 37.71051814634382 -122.42901190433197
11284 37.75479113997736 -122.5103581922378
11285 37.776539233102085 -122.42491671440453
11286 37.73856419230191 -122.41918011573628
11287 37.78468060704052 -122.39142124871212
11288 37.74548942210732 -122.394247552857
11289 37.79937609917592 -122.48101707744898
11290 37.764727545135045 -122.40150482864962
11291 37.743585835600456 -122.48976094818592
11292 37.77225742104155 -122.42760034932763
11293 37.745313470877534 -122.39456473393719
11294 37.765329439956574 -122.43088097506012
11295 37.7495845231223 -122.45743446446295
11296 37.788385696508634 -122.46712452235799
11297 37.733062579264406 -122.4967525912827
11298 37.75658083986881 -122.4372120227392
11299 37.80212977653445 -122.47882007516014
11300 37.7283774436866 -122.46849890512581
11301 37.72722164986523 -122.4431633797104
11302 37.73069591009349 -122.46206341008548
11303 37.734348647306845 -122.46667690317943
11304 37.77494525288319 -122.47749988652195
11305 37.76473283660718 -122.44178066703547
11306 37.731984536868666 -122.45060473090433
11307 37.764006698346854 -122.42070556616007
11308 37.74359510682204 -122.41412896842394
11309 37.77481125055302 -122.41658249744955
11310 37.711966362884915 -122.3803001065553
11311 37.71651423928972 -122.48075134480248
11312 37.796910530176 -122.46804077877223
11313 37.71751725994255 -122.46236973088284
11314 37.71110202175416 -122.44711242244657
11315 37.76956839384927 -122.42959296715216
11316 37.71307335577933 -122.38591650295787
11317 37.7177495745534 -122.42395121090958
11318 37.79879784177142 -122.4189046590269
11319 37.80707187937379 -122.41737184681179
11320 37.74863838097003 -122.39339381895316
11321 37.74048124908983 -122.43142313382663
11322 37.80825049311571 -122.47683688765854
11323 37.79145646493469 -122.39385516518499
11324 37.796120483528 -122.41582705615734
11325 37.72483575685365 -122.47125426622388
11326 37.74437986692755 -122.43330285019408
11327 37.77038923828187 -122.43449880691298
11328 37.800572924113006 -122.39812008632943
11329 37.80282603468852 -122.45600731867265
11330 37.76655574294765 -122.40538660488203
11331 37.731974183580014 -122.42748243668149
11332 37.73307252863555 -122.49028817447379
11333 37.73049461780214 -122.44225939139432
11334 37.70996698688282 -122.46991113083286
11335 37.772598741714226 -122.49488112203316
11336 37.732575016677295 -122.42667798983037
11337 37.748417204771364 -122.3962721544541
11338 37.76157839693512 -122.51091312596608
11339 37.711828534207584 -122.45798963318967
11340 37.74273175700037 -122.4148714515115
11341 37.72436991696632 -122.433675530273
11342 37.74930914604791 -122.44992155508561
11343 37.78642669517432 -122.43608853015179
11344 37.78998856708136 -122.44018064077896
11345 37.74863234279966 -122.40503818584143
11346 37.80523698153561 -122.40430280535918
11347 37.755217418410425 -122.45372758259118
11348 37.776784755668 -122.45378254849152
11349 37.71996130046962 -122.48541007379367
11350 37.711075670092484 -122.45206284338745
11351 37.760132850172745 -122.51059110813334
11352 37.71859371227739 -122.43463159922203
11353 37.775547308885095 -122.39006465803168
11354 37.795652570972564 -122.42361977885814
11355 37.78139147898744 -122.42743408489602
11356 37.79103817889215 -122.40166562813482
11357 37.71587205094748 -122.46624330330381
11358 37.76911959722389 -122.5105845619419
11359 37.7717549609413 -122.44638462446387
11360 37.759371210465126 -122.45662371582056
11361 37.73585964699906 -122.4638486324329
11362 37.753360940994625 -122.43624670501148
11363 37.76835598319452 -122.41741233020875
11364 37.80051207174509 -122.42634578025239
11365 37.795229422743354 -122.3965787849014
11366 37.737755585956954 -122.48547546013569
11367 37.72081564488102 -122.46080406867792
11368 37.7278198379633 -122.44290974670271
11369 37.71243283724313 -122.38960265420447
11370 37.76273679163012 -122.44416966340823
11371 37.75498948624379 -122.39750062327278
11372 37.713148154269305 -122.39430783087992
11373 37.71828122911811 -122.3722734936009
11374 37.80677219392412 -122.44827275601773
11375 37.74290396933149 -122.42671498473563
11376 37.76611266014314 -122.42781972159223
11377 37.76547085506127 -122.44469895698226
11378 37.80572283972143 -122.42261313897683
11379 37.74540850904382 -122.39280637421525
11380 37.75304773248275 -122.49550197111144
11381 37.787685567485525 -122.49433586634855
11382 37.72209484685119 -122.44981700896156
11383 37.771270193198006 -122.42304916125944
11384 37.75544068215279 -122.38547741325182
11385 37.75568313457269 -122.40106475683685
11386 37.76036135813311 -122.49769767046814
11387 37.72431569436297 -122.37825853690329
11388 37.76816540007425 -122.49271933278256
11389 37.73983216318393 -122.40737606110078
11390 37.7484927453594 -122.38353931444686
11391 37.79011980106544 -122.4053165742415
11392 37.722279466777216 -122.37482614290215
11393 37.753277830140945 -122.42436639772858
11394 37.780717177529525 -122.4175254287362
11395 37.76845320894136 -122.4957581035298
11396 37.80677659603845 -122.47362769794213
11397 37.77287207969414 -122.38355253145619
11398 37.71957244746293 -122.37309641466635
11399 37.77965354783623 -122.474221594709
11400 37.75428977328177 -122.48959585290278
11401 37.80408779517873 -122.41691572330542
11402 37.731581936783414 -122.44318181721253
11403 37.74708934189195 -122.39293886599161
11404 37.736337296283956 -122.3779253258111
11405 37.80306188556563 -122.42189599215186
11406 37.72624485150622 -122.46526982469332
11407 37.72924239938017 -122.41460947143966
11408 37.80356360302492 -122.42673759980275
11409 37.7667933697185 -122.44834083584168
11410 37.770355124101286 -122.48901354585628
11411 37.757038232139884 -122.49553790476068
11412 37.725963776851074 -122.50322315674407
11413 37.73685765723702 -122.49613057492903
11414 37.72042934978327 -122.44720563286131
11415 37.71856206159588 -122.38561412633376
11416 37.78841215335432 -122.48039186051969
11417 37.74868081168258 -122.49506948326702
11418 37.75056223029103 -122.4244568894809
11419 37.75100776905506 -122.48452970448947
11420 37.71307173540196 -122.43042767248826
11421 37.7473097530079 -122.45870549063301
11422 37.714101907304396 -122.44733362851467
11423 37.76530135738396 -122.46781690854125
11424 37.784097819250306 -122.47095376881441
11425 37.717619846353195 -122.38298890523188
11426 37.710040757324435 -122.39561241807385
11427 37.72709550587006 -122.41662935711739
11428 37.80779792584944 -122.41333500220166
11429 37.8065255927346 -122.44868850938126
11430 37.74101542830563 -122.45012491218183
11431 37.71063026985586 -122.42324720475096
11432 37.717441522129704 -122.38611477719819
11433 37.71668222168154 -122.47778639179336
11434 37.747368511378475 -122.48517561922563
11435 37.752373905224474 -122.44763213025635
11436 37.72358458307693 -122.50244706595169
11437 37.75794033566364 -122.43126779329044
11438 37.79828030690669 -122.40198309943189
11439 37.76948963636474 -122.40661286287629
11440 37.74481788651963 -122.42335409137799
11441 37.72404197145146 -122.40977898404873
11442 37.76074535105107 -122.45786012661122
11443 37.78949085203772 -122.42689357965314
11444 37.72333425353108 -122.44892878532255
11445 37.737374683611804 -122.40856413254421
11446 37.738315194800606 -122.45346740422882
11447 37.75131438453292 -122.39298173531793
11448 37.79603548648752 -122.40751031702527
11449 37.795375848445346 -122.42287424830603
11450 37.73363471355217 -122.36655975479975
11451 37.765592352553014 -122.45861325897943
11452 37.761916241338426 -122.49376845602804
11453 37.72303544617963 -122.35824528318248
11454 37.77307258255419 -122.38841745657429
11455 37.7418215757004 -122.4182984121177
11456 37.74480405875763 -122.40965587814172
11457 37.805176717015755 -122.43276567185006
11458 37.77087018941814 -122.43573829019243
11459 37.74054556892048 -122.38422202324452
11460 37.79713047356809 -122.47665724401605
11461 37.73282800089217 -122.49587043622184
11462 37.74160990610848 -122.49655457095629
11463 37.71993868360381 -122.47037625565329
11464 37.729407400957314 -122.36580782028612
11465 37.76264306967379 -122.41749487254067
11466 37.80807963683458 -122.44138233837978
11467 37.761947761639284 -122.49240742675006
11468 37.80376532028099 -122.45930850724321
11469 37.71181238962091 -122.47510689514128
11470 37.711343687825135 -122.4030435835358
11471 37.75800886018281 -122.38159525032637
11472 37.72155822690602 -122.47625375734219
11473 37.7459592191323 -122.46253399204433
11474 37.72754064092391 -122.42286151730599
11475 37.801506395656 -122.44370096857838
11476 37.729267187071194 -122.36183887059627
11477 37.78795800875932 -122.46573458132225
11478 37.785446916295875 -122.4200605245259
11479 37.78069055641653 -122.44617795904503
11480 37.76987805026353 -122.51135672229047
11481 37.79523220912773 -122.39382132726337
11482 37.77418816498952 -122.4595683095208
11483 37.80341314095415 -122.4220555460792
11484 37.758189989305144 -122.40628021152756
11485 37.80305672407257 -122.44057665571255
11486 37.781908836513416 -122.4587025643717
11487 37.735219993234374 -122.39771016254693
11488 37.7155456459837 -122.40352259495042
11489 37.732440179860454 -122.46120368384292
11490 37.78740541062538 -122.4865081916831
11491 37.77495920215135 -122.40862578008233
11492 37.72268175103042 -122.41902831940803
11493 37.80493845961363 -122.45791457106486
11494 37.73103841924556 -122.48105640638344
11495 37.72719202617294 -122.38270154849042
11496 37.763442988605455 -122.40356085489472
11497 37.727094848589424 -122.47684020708842
11498 37.730996839749714 -122.4505019078077
11499 37.723975580066565 -122.36193154796096
11500 37.767546667522595 -122.38793613412732
11501 37.711281399485514 -122.40471466671099
11502 37.783471446905615 -122.50842690105642
11503 37.790962139898284 -122.3949791420088
11504 37.80435064833469 -122.4067364343866
11505 37.711344586837775 -122.44076610054914
11506 37.75422629345167 -122.45497071729461
11507 37.79750060137257 -122.43487814627453
11508 37.796037955028105 -122.40370844959055
11509 37.76005260598393 -122.44627097561401
11510 37.76626998911552 -122.46889355144
11511 37.7857517948991 -122.49341352798767
11512 37.77103638206961 -122.40676735794605
11513 37.72432696131376 -122.39724056913192
11514 37.787382001148906 -122.45258814712898
11515 37.79243207756513 -122.41012991618095
11516 37.7367739913697 -122.48271368597874
11517 37.74897847511124 -122.41394314935842
11518 37.77115130678926 -122.50225056740544
11519 37.7422506581565 -122.45364206588725
11520 37.75298963743744 -122.46962675556753
11521 37.75594858633933 -122.39420002742752
11522 37.74461203642186 -122.41857670019922
11523 37.72269920024555 -122.45896555266754
11524 37.80074826189525 -122.44346939330534
11525 37.72950990874506 -122.4436124451027
11526 37.72751822972518 -122.39415557647754
11527 37.750865697647704 -122.41574815968322
11528 37.753464165297366 -122.46520831733952
11529 37.722057613879066 -122.480813757348
11530 37.71661899184345 -122.5042209959625
11531 37.744811742754514 -122.50194329354585
11532 37.72479982405519 -122.37275905789828
11533 37.7183849059355 -122.48076785083524
11534 37.74664176823717 -122.47224818192711
11535 37.71592325410212 -122.39038815788284
11536 37.767268971962125 -122.47777186923189
11537 37.755601888436225 -122.38696083542949
11538 37.733185286896855 -122.47856067715722
11539 37.7089476555965 -122.42922464164471
11540 37.797363761256406 -122.40131633758692
11541 37.808232260156494 -122.4403778926508
11542 37.787478552139184 -122.47475821218549
11543 37.7298844042683 -122.39890220838075
11544 37.74193032701146 -122.42136899709504
11545 37.7193190188787 -122.42114100378357
11546 37.7592761489423 -122.40946837135851
11547 37.718695205207716 -122.36244369550705
11548 37.755613647280406 -122.40456960413525
11549 37.75139931138652 -122.47348501517632
11550 37.740625546756526 -122.49590356917332
11551 37.77334172747473 -122.50118939444354
11552 37.78990032430142 -122.44886987619796
11553 37.72742622353394 -122.50056666882864
11554 37.73139939485895 -122.45952606807442
11555 37.74288086913428 -122.46708622664686
11556 37.7718451150219 -122.4787182227711
11557 37.78834773056576 -122.4899496243681
11558 37.722201459192185 -122.39779734893047
11559 37.75792248882404 -122.38922632271859
11560 37.78646118875041 -122.40146763799432
11561 37.71808423765166 -122.43009201640918
11562 37.745444890432815 -122.45892486127242
11563 37.74506427236326 -122.43920989469434
11564 37.77869956194015 -122.5046210430733
11565 37.741779812010805 -122.46560417397718
11566 37.76514124256442 -122.42973376562742
11567 37.72041475234247 -122.39460657136716
11568 37.738852325112084 -122.45558996630022
11569 37.7169674162913 -122.39274618634349
11570 37.791973862832904 -122.40307750561996
11571 37.73343698213041 -122.45282276518384
11572 37.76222812194395 -122.47129046443298
11573 37.76768749390934 -122.4154748616843
11574 37.78110153297022 -122.51162653335722
11575 37.72059243803527 -122.49483737717318
11576 37.770916214525535 -122.49239515826916
11577 37.74957671685839 -122.4296664408878
11578 37.76054482687967 -122.44738711195195
11579 37.73771342196112 -122.48220917141998
11580 37.74436119582583 -122.44084263147788
11581 37.714226669929225 -122.42723418801947
11582 37.76942636904627 -122.40317825546835
11583 37.77942479017778 -122.47852135865752
11584 37.719487265060714 -122.47078478293024
11585 37.755558160662055 -122.43037064311248
11586 37.758526356532265 -122.48237506684451
11587 37.7311557786652 -122.43700284350044
11588 37.711249165655786 -122.39094329348373
11589 37.78828414935122 -122.43743842980831
11590 37.76371979500896 -122.40729678409522
11591 37.76473825240859 -122.4541247210831
11592 37.74292961730943 -122.43894761782475
11593 37.73510449829531 -122.42575983977113
11594 37.738845784595426 -122.4117287955834
11595 37.71907392385308 -122.40858967677269
11596 37.744464044306326 -122.44392315129603
11597 37.72703684890302 -122.40402757426499
11598 37.78546796911339 -122.49663185526074
11599 37.760852702349624 -122.42809748822522
11600 37.71248495954839 -122.48222888019237
11601 37.72753066039155 -122.45750106438702
11602 37.756759345313384 -122.50723552157632
11603 37.74948441417339 -122.50076363283954
11604 37.77231088527067 -122.4186725836502
11605 37.77007017481043 -122.41184073904908
11606 37.765608746278765 -122.46423526822282
11607 37.80370642780508 -122.41636692918472
11608 37.77779544907702 -122.51345422732201
11609 37.77211607078494 -122.3897274150618
11610 37.750040207791265 -122.40195198291362
11611 37.74162670797934 -122.44888549994015
11612 37.74386904110118 -122.47487826131658
11613 37.71213025425522 -122.48829412468655
11614 37.77276276411029 -122.4572793961049
11615 37.753300848791284 -122.46388672797653
11616 37.72655260142374 -122.48123526383732
11617 37.75322808952099 -122.49738604703153
11618 37.76236702646462 -122.46998510117453
11619 37.714009572249196 -122.48073641906167
11620 37.70833814926531 -122.40360764648902
11621 37.77442761558144 -122.40888743847749
11622 37.77501448548044 -122.44893910263909
11623 37.77678735615467 -122.4940450457566
11624 37.76314885368548 -122.45121547839138
11625 37.80282925176787 -122.40309893501653
11626 37.74178509390993 -122.38399393263583
11627 37.72040966478753 -122.41217605638649
11628 37.71875055440075 -122.36618675060656
11629 37.804869412906555 -122.41613066830425
11630 37.78675345914779 -122.38676555291075
11631 37.808030981622494 -122.41847229582872
11632 37.79109186954511 -122.48199603965789
11633 37.77702238224808 -122.50722451486733
11634 37.78633256955027 -122.490364159367
11635 37.730356506365744 -122.46001211938669
11636 37.79972457971077 -122.40369955585247
11637 37.73940757540203 -122.44967000114627
11638 37.72410674155725 -122.43234523585245
11639 37.77085972487638 -122.41039441938169
11640 37.74961837383273 -122.46135851330585
11641 37.72852404306385 -122.42633549356424
11642 37.794568158469886 -122.4343733394393
11643 37.711754212520276 -122.4106637037453
11644 37.73096831084023 -122.40721990098238
11645 37.71683200428729 -122.39491056475441
11646 37.72369732634938 -122.42897937886384
11647 37.797820873602134 -122.46771597161576
11648 37.786772672394044 -122.38774320978496
11649 37.76231352108505 -122.41512590009363
11650 37.78476119388977 -122.41001608539116
11651 37.79951586216251 -122.47615089649278
11652 37.79376417775799 -122.41962762674335
11653 37.757055072895795 -122.41926692036517
11654 37.71635158831142 -122.42261315925442
11655 37.80582684225959 -122.41252870420138
11656 37.72726003437672 -122.50174876101941
11657 37.775015459483015 -122.38861830041807
11658 37.739992321225046 -122.46339648147254
11659 37.733994552258906 -122.40659607053514
11660 37.77737245649257 -122.50649973397421
11661 37.747984305085744 -122.45519631296428
11662 37.72379487769934 -122.3928032309059
11663 37.732928248075346 -122.377794294013
11664 37.78401362748547 -122.43629522160445
11665 37.743971614155164 -122.47523334080873
11666 37.748064642866574 -122.42317754667995
11667 37.781389196772544 -122.4532614252129
11668 37.78908214779847 -122.42249270657128
11669 37.73366800321848 -122.47567197941761
11670 37.79453234769739 -122.41404216100983
11671 37.77268020949365 -122.48912828629183
11672 37.746440263495316 -122.43034338381563
11673 37.78837178210234 -122.43414010899346
11674 37.76969822333909 -122.43507937421548
11675 37.71986607904691 -122.39967457271544
11676 37.7919422325368 -122.39704765552851
11677 37.75485298380424 -122.41427789886296
11678 37.75213047311283 -122.5016153990174
11679 37.77903963861862 -122.41946424354718
11680 37.77565732943246 -122.48355359819496
11681 37.73196227005514 -122.37074345678113
11682 37.718329190510055 -122.41189678830017
11683 37.80576228546643 -122.4361294686603
11684 37.72048741097632 -122.36467555141877
11685 37.78609955669066 -122.40134346831628
11686 37.78649987698052 -122.4135814814847
11687 37.73267388613758 -122.4925324072042
11688 37.78403738767482 -122.48268089371881
11689 37.76510928264522 -122.45312455299347
11690 37.75152047152899 -122.47767150831847
11691 37.76553738572618 -122.49265165124719
11692 37.738167029523986 -122.37595518707546
11693 37.76542710138658 -122.42465157599281
11694 37.73529573545669 -122.47162285363308
11695 37.736974877413175 -122.48680776289882
11696 37.73008225407661 -122.49442396228413
11697 37.77739553074407 -122.50712034091639
11698 37.73313721165823 -122.48649966626496
11699 37.79642417329113 -122.39513479266508
11700 37.77687492150848 -122.444487981133
11701 37.728537976857716 -122.36472374038576
11702 37.77637929612376 -122.48526065333466
11703 37.79670251501747 -122.44447585532305
11704 37.75005274968465 -122.42783549707492
11705 37.730515428557325 -122.40913914828589
11706 37.78499646342679 -122.40248179477793
11707 37.71920492016825 -122.37153884395585
11708 37.765626793929165 -122.444379269495
11709 37.760008980167 -122.42849662560512
11710 37.760371194096805 -122.47452573295445
11711 37.751636889114764 -122.44502305916886
11712 37.775649590168236 -122.48597904621396
11713 37.77659820034972 -122.47306058716873
11714 37.74313020598056 -122.40951449569782
11715 37.79767943265065 -122.41989718218677
11716 37.74873725600982 -122.41182096002233
11717 37.71919850922941 -122.39401060761448
11718 37.73535044635329 -122.49932319079221
11719 37.720704875479285 -122.45653513250477
11720 37.76440291492297 -122.4370262710436
11721 37.79567980658605 -122.4512934285674
11722 37.71996139958507 -122.47372893044039
11723 37.79211320872868 -122.46816354062894
11724 37.71882276724945 -122.41861004083832
11725 37.79930496776574 -122.45778737683595
11726 37.76478346877409 -122.3994466322653
11727 37.7265304820218 -122.40109517021942
11728 37.71454049397645 -122.3966994465076
11729 37.76585746810663 -122.44119920168978
11730 37.752020202103154 -122.42148982390904
11731 37.78711474398607 -122.39531080234332
11732 37.79786475009765 -122.40169869209812
11733 37.77784909101795 -122.47533965333622
11734 37.75085395764655 -122.43836327588002
11735 37.78788391804628 -122.45976408716665
11736 37.711551891903 -122.47741376596693
11737 37.75166854377604 -122.477459849232
11738 37.75914017372274 -122.42085013822359
11739 37.80461367309028 -122.43130665878775
11740 37.78203272783245 -122.39086184267428
11741 37.74079249141368 -122.44628555353874
11742 37.718461647800154 -122.38772333936089
11743 37.713987689582375 -122.47559237392977
11744 37.77865636201716 -122.40348488033642
11745 37.75486131180338 -122.49217373458985
11746 37.73061264380501 -122.40264894674273
11747 37.74829101284006 -122.40788360899698
11748 37.71170756364426 -122.46688610876745
11749 37.73263239739505 -122.37052419797072
11750 37.76288918782992 -122.49339199870526
11751 37.77731699268181 -122.41402516400959
11752 37.747650244710634 -122.39011949425846
11753 37.74949820742686 -122.50170866877362
11754 37.76632101754396 -122.50692497258112
11755 37.79731830054549 -122.4351336434453
11756 37.73392907594224 -122.39132477504727
11757 37.755715065668916 -122.40039531974834
11758 37.74808647583062 -122.419302940896
11759 37.7328736859012 -122.4103272636298
11760 37.72322973923862 -122.4098917742709
11761 37.71971581209876 -122.49097479707544
11762 37.7466251513783 -122.49699855512911
11763 37.7089836962295 -122.41222036829676
11764 37.73689085084549 -122.41637598827324
11765 37.76330745290725 -122.40963710120327
11766 37.7866486676027 -122.49833668112795
11767 37.776188945284936 -122.51267138177528
11768 37.74380122998621 -122.46024688064205
11769 37.71525788992295 -122.48135756238719
11770 37.7368511646922 -122.46768104169331
11771 37.709704601600905 -122.44626683496267
11772 37.740375525886314 -122.47917491046312
11773 37.71540749747561 -122.37793133125194
11774 37.74920017204468 -122.46156229196583
11775 37.743095889360816 -122.42947019014878
11776 37.805947435615856 -122.44924928804843
11777 37.7833184340274 -122.39888768778552
11778 37.71158621152662 -122.4220930774756
11779 37.72204374879091 -122.4041417210509
11780 37.72086681224128 -122.43267052217831
11781 37.73446742959719 -122.47697007674297
11782 37.75048468097038 -122.4240306731243
11783 37.71437858270031 -122.41982967125038
11784 37.78028686873244 -122.4693616501214
11785 37.76286951729585 -122.422983970533
11786 37.766379217738006 -122.4512011553578
11787 37.77663858124894 -122.47835529195551
11788 37.72095076513213 -122.49234959130729
11789 37.73761409749329 -122.45825653760754
11790 37.72766094810859 -122.4586909045712
11791 37.72469718146682 -122.4870914691097
11792 37.80283671962989 -122.40535894232573
11793 37.786316338025756 -122.44466672836015
11794 37.761891857502114 -122.48223175533839
11795 37.7464860565637 -122.48219338131354
11796 37.7317658742802 -122.43346170947669
11797 37.781003159669716 -122.50269973803921
11798 37.734990396616865 -122.4770338929509
11799 37.73580670482188 -122.38683279311374
11800 37.738650977337954 -122.39146714668328
11801 37.74779225428521 -122.49087689666239
11802 37.77008459694803 -122.50468615202863
11803 37.73127980086275 -122.49366754330691
11804 37.75498609057576 -122.42258095389543
11805 37.73761652254035 -122.47383664833416
11806 37.75608990630392 -122.41337853931172
11807 37.71001144166002 -122.42820344910535
11808 37.79796933211988 -122.42029377993387
11809 37.789826046595806 -122.44765395312092
11810 37.76122464627294 -122.4074987966212
11811 37.787745839425604 -122.43101350955548
11812 37.77133698301935 -122.43104906706203
11813 37.756773722523036 -122.44225056895115
11814 37.7294190773773 -122.36886783877809
11815 37.708366524821905 -122.44746798476417
11816 37.7204945165418 -122.42844221266756
11817 37.771932619645156 -122.47777082442404
11818 37.740629384459886 -122.46893510492218
11819 37.74645262708509 -122.3791922552541
11820 37.76448298022467 -122.39921537990432
11821 37.73092001400222 -122.44296120507488
11822 37.74906707332913 -122.45037677578264
11823 37.7612386352721 -122.41813419347699
11824 37.7465437397923 -122.47273119055023
11825 37.72355616192427 -122.4764343078316
11826 37.710200331019294 -122.49819012609757
11827 37.72647926379463 -122.35990341777419
11828 37.781577203339275 -122.4451515187659
11829 37.76556413468126 -122.4357583704846
11830 37.77978348585339 -122.45351967374849
11831 37.71125918231893 -122.45394290861067
11832 37.781899444438835 -122.46179434112427
11833 37.77997887846751 -122.505845616347
11834 37.79602103261451 -122.48064057168607
11835 37.78862465200547 -122.41246938874644
11836 37.734026222363596 -122.42299361057596
11837 37.72541088202468 -122.42685101573923
11838 37.77355490843702 -122.3977961857754
11839 37.8015020343081 -122.4441140736297
11840 37.75348248036623 -122.4935065109515
11841 37.79963191356382 -122.4463119393853
11842 37.71428093172546 -122.38392747440045
11843 37.741591467957605 -122.50486640499487
11844 37.759981412592325 -122.40394271951837
11845 37.76943031299859 -122.47348350026327
11846 37.74672126313592 -122.46634920506963
11847 37.73353725710817 -122.46785373019618
11848 37.74653669172417 -122.4860465597615
11849 37.7269195688181 -122.3687845159318
11850 37.74432564183632 -122.4025412053488
11851 37.7772097101124 -122.45652296881529
11852 37.72386930236067 -122.44654141610843
11853 37.761033212143 -122.3907438754685
11854 37.750262245875454 -122.5068984575123
11855 37.76665167100596 -122.50435728650227
11856 37.77577216655568 -122.41555936013997
11857 37.76231244468757 -122.49303726702522
11858 37.723528268683204 -122.43876158860056
11859 37.78834658998082 -122.40474607644259
11860 37.792938092538094 -122.42414194396663
11861 37.713708140330546 -122.38281864145432
11862 37.76474695977873 -122.48999602453563
11863 37.744039785676506 -122.39484993491416
11864 37.783737485493596 -122.41977756514191
11865 37.734325876164455 -122.49025472490732
11866 37.728194667449976 -122.40596964170368
11867 37.80447820409669 -122.43415463343466
11868 37.7287861082878 -122.49402348093028
11869 37.77344095299928 -122.4524782545055
11870 37.71312740980108 -122.42201917067783
11871 37.78828093338612 -122.38664112458356
11872 37.72880475539614 -122.41633485681183
11873 37.71552161494181 -122.48411027805614
11874 37.72837683925295 -122.46085735950031
11875 37.72048991248199 -122.42420359067377
11876 37.781994119434025 -122.41987594636787
11877 37.77440100755438 -122.48741765737782
11878 37.73392715323384 -122.419434950312
11879 37.72224597382307 -122.50441757647614
11880 37.71742060889311 -122.46995497919694
11881 37.74903565903005 -122.41282206040157
11882 37.733887189932254 -122.42363145728767
11883 37.73001698950007 -122.4690984439262
11884 37.73125039243616 -122.46975253005584
11885 37.717223208412065 -122.49815992179327
11886 37.785103064374674 -122.43432690887511
11887 37.7479373670718 -122.4258493774933
11888 37.74101760094171 -122.4107723234422
11889 37.72668457371188 -122.47066861147164
11890 37.73282971800092 -122.49474202938335
11891 37.7432051512722 -122.47035804056055
11892 37.73395058916583 -122.45270787343864
11893 37.72387099678909 -122.3670686159904
11894 37.75721600968658 -122.445375746574
11895 37.724420658747796 -122.50024189785893
11896 37.75299529811141 -122.49930301288795
11897 37.72968852135195 -122.49187582443979
11898 37.733374771100216 -122.36485706548656
11899 37.74042423137657 -122.44687016004181
11900 37.71358409800238 -122.46329252819362
11901 37.72074437943018 -122.42544890403626
11902 37.75412270717912 -122.39993617814474
11903 37.72184560717219 -122.41737842738341
11904 37.773998437882334 -122.40256874884406
11905 37.76401554157805 -122.40004961922098
11906 37.805560411619695 -122.39933773187533
11907 37.794294528821 -122.43104613640688
11908 37.7908136384979 -122.44146864966068
11909 37.75223776913516 -122.3850201083265
11910 37.781174002344734 -122.50231169541095
11911 37.79131152076911 -122.39715878828784
11912 37.71956171158789 -122.42983388287404
11913 37.75597097410218 -122.3819366854801
11914 37.78946269537131 -122.45109973783383
11915 37.729536150292844 -122.48473355779451
11916 37.73448114277897 -122.40577870519336
11917 37.77619560246953 -122.42409056339238
11918 37.80220963241969 -122.45510575164245
11919 37.771905379881154 -122.5051496635878
11920 37.7152797853788 -122.40857889526471
11921 37.71124600482016 -122.39964746058638
11922 37.79340389796049 -122.46402020391304
11923 37.728764547966705 -122.48097596880497
11924 37.802974114655115 -122.45055259396926
11925 37.745584934578304 -122.46311205264068
11926 37.79458678166068 -122.45683580639385
11927 37.73435542926825 -122.42610704200376
11928 37.76067676409548 -122.49135625734098
11929 37.72597777273452 -122.47873254505566
11930 37.782376568086924 -122.43190925249804
11931 37.721190430076376 -122.365070610291
11932 37.76274860607407 -122.41265267868896
11933 37.78428077133853 -122.4785008308986
11934 37.80799682739971 -122.41726476932314
11935 37.76498406821166 -122.48235128618792
11936 37.741798407127135 -122.48926446286018
11937 37.778622494489404 -122.47579838453859
11938 37.73625582134717 -122.41618678825799
11939 37.76109872300784 -122.45192988029918
11940 37.78555441505602 -122.48700721926365
11941 37.779949553510924 -122.47942629592684
11942 37.8064983036533 -122.40550321365271
11943 37.72868411758709 -122.4065452637235
11944 37.72807777888276 -122.50594623360094
11945 37.749791954628904 -122.45307901431681
11946 37.78157361349917 -122.40331813001588
11947 37.76518596456776 -122.39535196661795
11948 37.752226975160454 -122.39175125655196
11949 37.72457236269463 -122.39447489412208
11950 37.71337341778312 -122.44841187827623
11951 37.726488478029694 -122.49601593832354
11952 37.73046054881021 -122.44067696303087
11953 37.74730769829328 -122.42455134177096
11954 37.760483012324556 -122.4131180003133
11955 37.73874023623164 -122.46727274711976
11956 37.772800546144296 -122.42313176141057
11957 37.76403579634637 -122.4504634835651
11958 37.74003976922902 -122.44235873613835
11959 37.711391295138974 -122.43914469220285
11960 37.77822443144423 -122.50360986450711
11961 37.77075172452532 -122.4681675935169
11962 37.75976869583208 -122.45581158358718
11963 37.78135283365642 -122.43106502361725
11964 37.7650433367825 -122.43528947260975
11965 37.789629877733226 -122.4550391724773
11966 37.77741449602139 -122.49651468196967
11967 37.75123487983033 -122.48725885356534
11968 37.74983652197633 -122.39168189720607
11969 37.74513605488803 -122.40273317925046
11970 37.71739475779723 -122.46165779184419
11971 37.72907494224727 -122.40287453290192
11972 37.763468084588695 -122.38333176586974
11973 37.74821625804265 -122.41188450243081
11974 37.769573200229296 -122.45005805195959
11975 37.734308418822074 -122.3885998372209
11976 37.74892904903628 -122.45429594703155
11977 37.72645417418501 -122.47995273481928
11978 37.773003936712286 -122.39637734524719
11979 37.723503481808606 -122.43015342894864
11980 37.78483192755033 -122.39833037509905
11981 37.75147025871514 -122.40762267570328
11982 37.732845984139196 -122.46857145474662
11983 37.76209067017751 -122.3825065511568
11984 37.769307941415285 -122.43473996005457
11985 37.72727668891487 -122.49508481793833
11986 37.716555136257185 -122.41327702540879
11987 37.719153280109424 -122.42539988360414
11988 37.76655628770791 -122.49190771642411
11989 37.732274289820204 -122.38931627318345
11990 37.72820921515239 -122.38236564261888
11991 37.75788461772605 -122.50391525187807
11992 37.746936654058615 -122.41850138323154
11993 37.72084839958223 -122.48320782223001
11994 37.722820235277254 -122.50083519695167
11995 37.78281944838933 -122.40148523600435
11996 37.72690162047464 -122.3813515994037
11997 37.78377854433835 -122.41213999507791
11998 37.74119932962866 -122.40092266478739
11999 37.77302205645592 -122.39458091524
12000 37.76585082670579 -122.44181062180952
12001 37.73413516914157 -122.41495484700361
12002 37.78005863061385 -122.43975274138172
12003 37.741070441145126 -122.42038753345638
12004 37.70862169274438 -122.49019752134213
12005 37.74061151997289 -122.4546891536443
12006 37.79794935284008 -122.4536128563052
12007 37.75202335510948 -122.46332910156022
12008 37.79003090723545 -122.39946589547367
12009 37.72187417454649 -122.35820548062567
12010 37.744185487824296 -122.46240419666077
12011 37.79434662143551 -122.45890765268275
12012 37.78079856797054 -122.50042738831513
12013 37.716256133844425 -122.47280966152469
12014 37.77706646792904 -122.40209353385376
12015 37.74180503488303 -122.42445381705761
12016 37.71630686969123 -122.44658574164063
12017 37.7536740184912 -122.47125406873226
12018 37.71038487888473 -122.49314463966557
12019 37.75626509317292 -122.48420880922704
12020 37.72159901315322 -122.480690986642
12021 37.721155958843646 -122.46490577555954
12022 37.78642584193343 -122.43234377636921
12023 37.733191338453196 -122.4225240960058
12024 37.757984105329214 -122.42429703981121
12025 37.73653605626405 -122.43106702727526
12026 37.78284176008377 -122.48322813943818
12027 37.732816151164286 -122.36625991167898
12028 37.784035811353746 -122.42333902044992
12029 37.7598343224119 -122.46330874221717
12030 37.72111253949159 -122.41411738178877
12031 37.717113110223565 -122.48491277368043
12032 37.763982500562015 -122.4547962792784
12033 37.7597441190709 -122.39630996854719
12034 37.725894984751 -122.49132601030192
12035 37.71200320140038 -122.48697715569766
12036 37.79539604410423 -122.40570104009889
12037 37.771284585067825 -122.4361244063348
12038 37.790523491718865 -122.4806890132686
12039 37.75715269539486 -122.38417629827185
12040 37.78367005325853 -122.4218116091261
12041 37.75980606511616 -122.43826138119147
12042 37.747839701883485 -122.50403468259758
12043 37.735348903400926 -122.4066852845695
12044 37.728665637084696 -122.3784291192633
12045 37.802449145894535 -122.40789485711247
12046 37.73337502534169 -122.429627981318
12047 37.722716508808 -122.49078238952715
12048 37.76469605231008 -122.44795362399078
12049 37.794898435442676 -122.4413458345352
12050 37.764617562463954 -122.41735981844224
12051 37.79127670965355 -122.42613341691379
12052 37.79195829475591 -122.45318753030818
12053 37.7642236353073 -122.38677182351239
12054 37.7084427616236 -122.43337512662016
12055 37.76057681560576 -122.50437210621531
12056 37.76712210399953 -122.40714524769531
12057 37.76286374824426 -122.50978452465195
12058 37.774572020829225 -122.43818904137859
12059 37.75597119758245 -122.4185111350268
12060 37.75056325517577 -122.49286438691904
12061 37.74339846780242 -122.43484570787557
12062 37.71433743919482 -122.40901389696005
12063 37.74647837967898 -122.43985101788184
12064 37.74887775896749 -122.41843482229847
12065 37.77513521288068 -122.41089385683969
12066 37.71359232471373 -122.43314164141907
12067 37.76639786990701 -122.41581270418715
12068 37.73416558274652 -122.48506987864856
12069 37.79282215124234 -122.43629415858317
12070 37.739647979565355 -122.43468236920575
12071 37.75292489340273 -122.40902949229718
12072 37.754449264816664 -122.50280767719889
12073 37.72086001426861 -122.48943770047158
12074 37.7647011669142 -122.44965108584884
12075 37.75518070515912 -122.50438473096062
12076 37.76862612374031 -122.50040509769906
12077 37.78933017501833 -122.38677588665418
12078 37.73319685893901 -122.39296740867033
12079 37.71898358317332 -122.49316902696339
12080 37.75775401063358 -122.44826885381472
12081 37.79986235235701 -122.46820565524605
12082 37.79013514662384 -122.46385604096237
12083 37.72190535599188 -122.42760098835147
12084 37.738725628504284 -122.44079673517219
12085 37.730130589524926 -122.40706281064384
12086 37.75128315644414 -122.46485006679538
12087 37.75452003412167 -122.45131689502784
12088 37.80558111011889 -122.44900925376659
12089 37.79378008522976 -122.43364657760743
12090 37.71932220825869 -122.45321123326598
12091 37.75947471982256 -122.42040687616407
12092 37.75385876022692 -122.4529613555895
12093 37.77770183689266 -122.43034650671028
12094 37.75500006780728 -122.41672241934792
12095 37.73475577908354 -122.44846828085785
12096 37.711810926941446 -122.43870111716278
12097 37.78672814389609 -122.48586679561272
12098 37.7092379590558 -122.40328034580268
12099 37.79318791174863 -122.4189732472245
12100 37.76944096720116 -122.47177067319943
12101 37.756955260973825 -122.42929197805707
12102 37.761839545104884 -122.44553096002934
12103 37.75718061882136 -122.39050883233898
12104 37.764855945594 -122.41853895120876
12105 37.79313408225516 -122.42280648912127
12106 37.712705925355145 -122.43467770247996
12107 37.73912136566138 -122.47055939601465
12108 37.76758039629748 -122.42198645858103
12109 37.788052940426184 -122.41866366595441
12110 37.75284992882096 -122.40523147274652
12111 37.7811411106877 -122.4415509810516
12112 37.72491191163274 -122.40407367088133
12113 37.75894214923668 -122.43798116638304
12114 37.72535517311439 -122.37387956482017
12115 37.74475017576439 -122.42084314172101
12116 37.72318943383106 -122.39925419646316
12117 37.77212671918017 -122.49736317040627
12118 37.784116689830824 -122.50722684810381
12119 37.724479873460346 -122.47289631774585
12120 37.793807217398296 -122.4040042751467
12121 37.78420247821598 -122.50137231480797
12122 37.74212951529438 -122.47101358953664
12123 37.77401941238782 -122.38687567492833
12124 37.72394855652019 -122.36435696988441
12125 37.72988792597113 -122.43326973383738
12126 37.73608937687248 -122.4642091518341
12127 37.74953761833368 -122.43688460807687
12128 37.784730800311664 -122.4547943903317
12129 37.75554804648372 -122.49928426075851
12130 37.73777798569644 -122.48285053951484
12131 37.78247695986364 -122.4219910930761
12132 37.77514665031025 -122.39670260723014
12133 37.743600432263015 -122.44006870869605
12134 37.76313975316888 -122.46120004351758
12135 37.777193237822196 -122.48763002444984
12136 37.7605625898672 -122.42001449098896
12137 37.786712080561756 -122.38852865279605
12138 37.73330551488124 -122.45540961740183
12139 37.725599456617736 -122.47849831736501
12140 37.78324983563182 -122.42757975019532
12141 37.80710667388564 -122.42348506642566
12142 37.7386920879351 -122.37639605135263
12143 37.74658864953819 -122.47549925550851
12144 37.734636150647844 -122.41852998915441
12145 37.75565834801318 -122.38370593323516
12146 37.790915102882835 -122.46378948134782
12147 37.768553272052586 -122.4109658893679
12148 37.758766072581615 -122.47953083534983
12149 37.76724314382476 -122.3906829202199
12150 37.740630836950515 -122.45976676385432
12151 37.7408972320747 -122.48844905807118
12152 37.780707916741065 -122.39528010047607
12153 37.732236008976614 -122.46847164996058
12154 37.77689601901635 -122.39533374921564
12155 37.74009549130084 -122.43796599628087
12156 37.724255214569055 -122.46672098012351
12157 37.715332526091984 -122.38988234741078
12158 37.73418236863661 -122.42869354807098
12159 37.76299997700312 -122.45762588129983
12160 37.76342120225205 -122.4734038288777
12161 37.809058455861205 -122.4145996422528
12162 37.80303549148326 -122.46942258592802
12163 37.78829563276205 -122.39342189131676
12164 37.789247788033286 -122.41200991884547
12165 37.73023359549071 -122.48844703578864
12166 37.750106690092096 -122.4454945130275
12167 37.780137134538315 -122.47103825190118
12168 37.79640062473795 -122.40506109223637
12169 37.795750586791414 -122.42948605457939
12170 37.72383401504224 -122.41420896123944
12171 37.78669559822393 -122.43104923422464
12172 37.71894476294601 -122.36916009247923
12173 37.751659752693364 -122.39498782282459
12174 37.74890946558856 -122.45648714817375
12175 37.72900022173507 -122.43326339169923
12176 37.79118290076459 -122.39171307702739
12177 37.748563938784585 -122.4284413962726
12178 37.734522366735895 -122.49045874966323
12179 37.74570583947864 -122.41377703830501
12180 37.779448555357206 -122.39284544699055
12181 37.73966317031256 -122.43521980856806
12182 37.7761472897158 -122.43517961633894
12183 37.74446118939499 -122.41513599679956
12184 37.77990811285992 -122.39742445174262
12185 37.72243838449942 -122.39211523619981
12186 37.76299140666548 -122.4355619399014
12187 37.7893319897822 -122.45880266414704
12188 37.71164395573698 -122.40744518189346
12189 37.755702701960274 -122.41249131303886
12190 37.786113844111625 -122.48523294968955
12191 37.77829096059616 -122.4239579784305
12192 37.74196311397391 -122.42477008750659
12193 37.715224068219875 -122.4485134436909
12194 37.717921212188934 -122.41956141290521
12195 37.72373550190909 -122.41569853409447
12196 37.77277677101913 -122.43709620093861
12197 37.73786858057645 -122.43160010817361
12198 37.75517521315329 -122.48907587114995
12199 37.797150224518916 -122.46308461418735
12200 37.74829031343764 -122.3950178295508
12201 37.7798080430362 -122.50472161648788
12202 37.760960755517694 -122.46168539555724
12203 37.71962063132265 -122.4608821029542
12204 37.73384195679325 -122.3774591897212
12205 37.77344814141703 -122.41778176102063
12206 37.7113672594815 -122.48582162050428
12207 37.73916777600394 -122.50769156172595
12208 37.75384047860833 -122.49355868203624
12209 37.73928893117733 -122.47048039248112
12210 37.73415443041292 -122.45972249346592
12211 37.777769978301265 -122.38963208628803
12212 37.73260717929902 -122.37740463623174
12213 37.80588518980387 -122.4198103112013
12214 37.747468251027534 -122.43296338559684
12215 37.71454982419547 -122.41277831030273
12216 37.72431503323913 -122.46651729334384
12217 37.754628707956975 -122.43835444718766
12218 37.7306984294372 -122.37824147562613
12219 37.80074376049783 -122.40913073559844
12220 37.756141245798275 -122.48686765610603
12221 37.73084025572526 -122.37903544051956
12222 37.78145224977277 -122.41307988545276
12223 37.78815824601727 -122.42833226699202
12224 37.7614331710848 -122.44541208333685
12225 37.756592462937384 -122.38974677398501
12226 37.7940600358902 -122.43154259516906
12227 37.739373390086904 -122.4738360691206
12228 37.757066397827074 -122.48453328168755
12229 37.71468727010185 -122.4370561719244
12230 37.70894058287533 -122.47195868353216
12231 37.75510624115591 -122.48846687092306
12232 37.744658839882845 -122.40960934121003
12233 37.765028051216056 -122.45945350593111
12234 37.79403587392724 -122.43355215411884
12235 37.79549916365836 -122.47667234413741
12236 37.735385866908054 -122.4517314765606
12237 37.79295733260937 -122.4365365029436
12238 37.77866429849475 -122.43525810599715
12239 37.79739408715916 -122.43050393330456
12240 37.74083739297637 -122.44867259165957
12241 37.72260155645415 -122.4058300080697
12242 37.72001827561382 -122.40999608981339
12243 37.726649632940344 -122.37021425334925
12244 37.78007002899537 -122.49698540476365
12245 37.80607748603652 -122.44117929944711
12246 37.758570270773255 -122.48228345054503
12247 37.800585378219644 -122.47449326163398
12248 37.78123018960496 -122.46716662301361
12249 37.79708323254821 -122.46069503712268
12250 37.77438335673869 -122.43642794572341
12251 37.740382707902114 -122.40633349534404
12252 37.71038544815761 -122.43666174680408
12253 37.716600491570745 -122.38415279693875
12254 37.72732710175434 -122.39226277182625
12255 37.72934563521531 -122.50309613519875
12256 37.78900677912669 -122.48893551281776
12257 37.78532161381362 -122.43726788074783
12258 37.762628594304104 -122.45147790434821
12259 37.772186478496046 -122.44122242388086
12260 37.76057177855295 -122.39264663647137
12261 37.745412361820534 -122.40014386482673
12262 37.76484909130623 -122.50232245842842
12263 37.7766560640546 -122.49060387611637
12264 37.751043972272036 -122.40682711518407
12265 37.761269944395245 -122.48703461822959
12266 37.77140631564046 -122.48070612547214
12267 37.792246170453744 -122.44865768318448
12268 37.79218093849142 -122.45000479350033
12269 37.78587513155839 -122.50037322414099
12270 37.80656256348475 -122.42062995226209
12271 37.763522631428025 -122.47233348468464
12272 37.73658938043503 -122.42315193898125
12273 37.76796459969692 -122.38658803531594
12274 37.76101069779008 -122.43666248145063
12275 37.724604695812985 -122.45535094203984
12276 37.71671538383587 -122.41878193326457
12277 37.786942039089126 -122.38744857963815
12278 37.74104844234181 -122.47076621938308
12279 37.77788320330121 -122.39405912394811
12280 37.7122151219873 -122.42912060210281
12281 37.74793770276265 -122.4909882635971
12282 37.76322346031165 -122.46337760922961
12283 37.725454019299164 -122.37640754350612
12284 37.771684528135374 -122.44492250706332
12285 37.72429475666036 -122.38467153392203
12286 37.75063378721655 -122.44319234734414
12287 37.73261217125592 -122.4679961759259
12288 37.717277393377714 -122.42826376958529
12289 37.72769118129963 -122.49037088489816
12290 37.783469434481646 -122.46298174171235
12291 37.79895256362713 -122.41147606653998
12292 37.73514911629295 -122.39123472595706
12293 37.72639891443632 -122.44974795208903
12294 37.79542937676599 -122.40411916965407
12295 37.76800375055391 -122.44099086591993
12296 37.76391892123896 -122.38908664317441
12297 37.725358138188916 -122.37258884285532
12298 37.74653855534278 -122.48938957468964
12299 37.73293219982178 -122.36291936693388
12300 37.73167176392153 -122.39813762701463
12301 37.75290798390503 -122.46761472418999
12302 37.70906864819113 -122.44330755613682
12303 37.7807547701759 -122.4505257290464
12304 37.75717083906576 -122.40945546233719
12305 37.73774708228766 -122.4704336631775
12306 37.77291772583707 -122.45191699356413
12307 37.75545640722015 -122.3849358867958
12308 37.77659593689275 -122.39981091528463
12309 37.73406679450569 -122.4301988015272
12310 37.71500408134177 -122.43031730399197
12311 37.73404611382456 -122.42360789493806
12312 37.76094652624575 -122.51036094846252
12313 37.727370026984715 -122.48911275117318
12314 37.737676518567675 -122.38501149151196
12315 37.75095406535859 -122.47497218287538
12316 37.73382376241096 -122.38160767244305
12317 37.72587630685938 -122.45805223399974
12318 37.71624788131005 -122.48564103735329
12319 37.76242985221387 -122.43973327142214
12320 37.7912853060737 -122.42159429105739
12321 37.71734132763728 -122.48687423801174
12322 37.779490277788184 -122.38783734825854
12323 37.7989859700231 -122.39835591547391
12324 37.794679385337 -122.40846081577405
12325 37.788276420647925 -122.46528712358003
12326 37.78957149506043 -122.45583292415374
12327 37.78332240957211 -122.4772900556459
12328 37.798183962796735 -122.45896325899828
12329 37.727258357928285 -122.470946967048
12330 37.761400015864936 -122.4075635955016
12331 37.73702407278356 -122.48370715215484
12332 37.71727730010779 -122.43834934374321
12333 37.74388365937149 -122.43261570279493
12334 37.76165122717219 -122.42694549474118
12335 37.748771877659586 -122.44177223487597
12336 37.71547273380283 -122.48141319903597
12337 37.711698966278945 -122.4878242581554
12338 37.74556303860115 -122.47262741306514
12339 37.725310290365755 -122.39690605030789
12340 37.72895444934143 -122.40864250253878
12341 37.79114970114088 -122.48302116014747
12342 37.735177884588865 -122.44995754113219
12343 37.717075423189044 -122.4193325963947
12344 37.72698374914845 -122.38071251980153
12345 37.76508447225758 -122.50849201521282
12346 37.7396946499417 -122.47108744585736
12347 37.740675903227626 -122.48181785094843
12348 37.740430873250645 -122.38750155388979
12349 37.74099815985151 -122.46514305257014
12350 37.78506666800527 -122.40817900096405
12351 37.75424925964527 -122.44013069429703
12352 37.79756301531474 -122.41034230589312
12353 37.80332516829035 -122.47372768556586
12354 37.80470920616655 -122.45419685090177
12355 37.73199940412889 -122.39898623863593
12356 37.76449316127208 -122.43302143054079
12357 37.72430524350105 -122.40881292775481
12358 37.741250764860666 -122.4362971888536
12359 37.77068351138043 -122.39684891466852
12360 37.803546827281025 -122.41798190453214
12361 37.726605348500335 -122.41649914754136
12362 37.75737902513141 -122.41700617044765
12363 37.73809043175321 -122.39685124656806
12364 37.748163222651016 -122.4517930883263
12365 37.786747154955656 -122.4641455800124
12366 37.70973551648178 -122.43787698067763
12367 37.72862301910769 -122.43156899728
12368 37.764908036000215 -122.40200052224432
12369 37.79316255054821 -122.44689678478066
12370 37.77995474323627 -122.39109636563154
12371 37.71013521817164 -122.38462586800159
12372 37.72706410468735 -122.48075046330275
12373 37.71424271992558 -122.38485001295247
12374 37.73625174060438 -122.4254432707033
12375 37.745760552243695 -122.48250914757676
12376 37.747546564212286 -122.40524667155825
12377 37.72628764601065 -122.46828153861227
12378 37.80067004040602 -122.40823061012196
12379 37.74808935152225 -122.47178123977422
12380 37.79361220711232 -122.43236544594056
12381 37.78496900624974 -122.46944665277114
12382 37.74234364881528 -122.3731298004798
12383 37.794089032078865 -122.40168639035336
12384 37.713201260650166 -122.46585028089234
12385 37.786487428955304 -122.44410181194093
12386 37.77374501714951 -122.47160005546722
12387 37.726553514175265 -122.49796650431291
12388 37.73613706673509 -122.44571831116096
12389 37.743213651199845 -122.43420519168812
12390 37.72650089567856 -122.46924100640824
12391 37.748263607655005 -122.45263633853006
12392 37.72604201598731 -122.4872495955414
12393 37.711854967269964 -122.47400207954324
12394 37.72654557636078 -122.42196372313522
12395 37.7788069033468 -122.47315695432412
12396 37.73912169259465 -122.38330965902907
12397 37.73185840363354 -122.4471330395814
12398 37.7115151788779 -122.42392094713226
12399 37.8044706913493 -122.46543073225475
12400 37.774989703265234 -122.46686765784588
12401 37.72549386185407 -122.37532748126146
12402 37.79871620798459 -122.45822385722254
12403 37.80348597019856 -122.43500648823178
12404 37.74944181382596 -122.40331057948673
12405 37.74295725516603 -122.41411378856132
12406 37.7361766488802 -122.41705175981504
12407 37.730766637808586 -122.47522537084521
12408 37.79101360451254 -122.45474848880069
12409 37.723317076656116 -122.42498691607013
12410 37.75833010911861 -122.43882769058382
12411 37.737872552443136 -122.39940497597959
12412 37.72617703197884 -122.4061592986562
12413 37.76510549307997 -122.45783183174728
12414 37.78857272500924 -122.43446793444949
12415 37.72846361156668 -122.39516223617225
12416 37.72117670331292 -122.41628170305508
12417 37.78621897426409 -122.4436280122053
12418 37.7177188380744 -122.42015438786949
12419 37.70862991805937 -122.4236167509089
12420 37.79161375785244 -122.41093266658665
12421 37.74114544710951 -122.47197415090454
12422 37.7117339191433 -122.44081880711069
12423 37.795572564575096 -122.39300334996527
12424 37.779979394789756 -122.46944305758798
12425 37.76299225997678 -122.47708229403791
12426 37.74041606861497 -122.40522019230472
12427 37.74982746665045 -122.38144616883258
12428 37.77210959778871 -122.4018467170109
12429 37.77222615306402 -122.47386394925836
12430 37.767495090514394 -122.4764942090205
12431 37.79447538671386 -122.45998783553277
12432 37.71241486484041 -122.40638259408063
12433 37.80470296236543 -122.45838049157689
12434 37.71594826942659 -122.3635524118321
12435 37.73418599580784 -122.50273798374761
12436 37.75496362407986 -122.40744663840056
12437 37.76168163860842 -122.49996072861714
12438 37.76247196780634 -122.40119903379299
12439 37.789832081945924 -122.38985016798797
12440 37.73582968302758 -122.37974731011239
12441 37.721032355527726 -122.40130505091078
12442 37.785340124196274 -122.4361134585528
12443 37.76523822001172 -122.43501970445578
12444 37.784445791724174 -122.45876576771668
12445 37.73620934925893 -122.41245889547763
12446 37.732484278824415 -122.39426332206284
12447 37.774642960062394 -122.45293494449096
12448 37.77643491302851 -122.39069952844304
12449 37.74664958600912 -122.44926581870483
12450 37.765547175059986 -122.43355206385758
12451 37.767236178981015 -122.42417363208823
12452 37.718581341792756 -122.40012391517558
12453 37.71710272265237 -122.40061083808841
12454 37.71669083719837 -122.42502685508474
12455 37.77625354309603 -122.4752749454369
12456 37.72323722396218 -122.40773748314638
12457 37.73836383425079 -122.44461805363349
12458 37.77390252751509 -122.41631132660451
12459 37.802902059062546 -122.40832969846294
12460 37.744738734242446 -122.50278309822598
12461 37.77324527868389 -122.4252574776446
12462 37.78238749216074 -122.4153984014988
12463 37.73731079037607 -122.44549674733217
12464 37.7102251718307 -122.42679020840309
12465 37.78923861939714 -122.44185367083982
12466 37.73180318097568 -122.45697245916877
12467 37.732527721948266 -122.40262600774878
12468 37.80222050964568 -122.41483446751367
12469 37.77236259554926 -122.4540472086306
12470 37.79561867673942 -122.40290785760655
12471 37.733308954883086 -122.43718851345686
12472 37.76476194137851 -122.48639094612714
12473 37.76709695650008 -122.39638200309004
12474 37.75412040078105 -122.4807889790438
12475 37.72443134683862 -122.41005842222046
12476 37.78131336311265 -122.50315383148586
12477 37.75885055391015 -122.38931909451752
12478 37.73407375315214 -122.49949485280798
12479 37.76649739473477 -122.38940998484705
12480 37.76334483208583 -122.48286878734977
12481 37.75638654011424 -122.3904769160161
12482 37.721380932831174 -122.4088655431299
12483 37.766871040912044 -122.46252386917553
12484 37.73607832393367 -122.39772988306203
12485 37.78357029811421 -122.3999735196052
12486 37.774024789658256 -122.42345486812226
12487 37.75142548891792 -122.44824652977782
12488 37.80583918769634 -122.4764420311615
12489 37.740599997098336 -122.44089695511383
12490 37.797267770300664 -122.47096800464998
12491 37.776332284889236 -122.50852345125814
12492 37.71208947356811 -122.43260174757779
12493 37.755005514542134 -122.43060359543772
12494 37.774750420224606 -122.46191638543777
12495 37.74654528378777 -122.41391019880183
12496 37.72369965501392 -122.42879614156656
12497 37.73336815161721 -122.39487597972405
12498 37.740849125751524 -122.42862999830335
12499 37.766061086948014 -122.45736982059127
12500 37.784291611475595 -122.45369275718924
12501 37.73842712706949 -122.46938634100553
12502 37.73973393624124 -122.401360196198
12503 37.75531128983243 -122.39388190129502
12504 37.77115660823772 -122.40961768043444
12505 37.781658809010395 -122.39847411038548
12506 37.71245121874135 -122.37986833578725
12507 37.73543933940372 -122.48235819333803
12508 37.73836919481381 -122.4890473927265
12509 37.78024377382681 -122.40177149464326
12510 37.71268296976765 -122.47734125588701
12511 37.80106235686946 -122.44978762954995
12512 37.71309385275627 -122.45011549025521
12513 37.70909351624628 -122.47971955924118
12514 37.76106373388464 -122.49173277363836
12515 37.80695943649248 -122.46814117817446
12516 37.72676879426818 -122.45666272242146
12517 37.790467662728425 -122.46781380694671
12518 37.73535134848202 -122.40625703462733
12519 37.72081300782206 -122.41928650088586
12520 37.794832531358146 -122.4679067266893
12521 37.76062974347903 -122.48602695946855
12522 37.75176818154364 -122.4124272192277
12523 37.72079193095813 -122.44818553140755
12524 37.78667399700637 -122.38817476969244
12525 37.746647354929 -122.40823487764467
12526 37.73265171709532 -122.40392781766148
12527 37.74601150408948 -122.50277744699657
12528 37.7114644122775 -122.47727712419956
12529 37.756030792077816 -122.40307873700534
12530 37.75838905697436 -122.47477844784346
12531 37.78600416829762 -122.4118716452818
12532 37.74213191452079 -122.39948034973312
12533 37.75391497257087 -122.50085094185711
12534 37.72296442338267 -122.36648690441088
12535 37.72475712902571 -122.50553396081791
12536 37.787867572364775 -122.45126630002859
12537 37.75406501728575 -122.42787875621256
12538 37.72216355722846 -122.45579873417755
12539 37.73735357724404 -122.4197630375172
12540 37.780873166726224 -122.49792806641834
12541 37.77583370805127 -122.47506835429807
12542 37.71389963058259 -122.50195677912517
12543 37.804345784747234 -122.40947918657383
12544 37.72604902820224 -122.49641036394156
12545 37.79946543490523 -122.4408718155425
12546 37.74915148372285 -122.4669987672141
12547 37.71271098668764 -122.45415683616494
12548 37.76065018210182 -122.41465465334093
12549 37.798213640385526 -122.48149568127917
12550 37.76604452264002 -122.50788788264641
12551 37.71440314532658 -122.46011333215222
12552 37.729272271239864 -122.41889997785086
12553 37.805324478417766 -122.42855739971971
12554 37.71545610538118 -122.44092614442567
12555 37.73140710546619 -122.43443228471239
12556 37.727812709318975 -122.42868089401728
12557 37.70886494129264 -122.44985626653735
12558 37.72468590612275 -122.37357648608368
12559 37.74500276572391 -122.50362897456286
12560 37.73055316334289 -122.36384348549603
12561 37.76576340148462 -122.50846541567167
12562 37.77857808095395 -122.49555798978388
12563 37.7165983864068 -122.38778426396559
12564 37.789205765882556 -122.4824921783852
12565 37.795803973884006 -122.42507653878293
12566 37.8016079377533 -122.47798034068063
12567 37.72633668335182 -122.49289304656584
12568 37.74658574830616 -122.40750760355894
12569 37.72661360610037 -122.46841083129645
12570 37.79419299077163 -122.45454887505338
12571 37.749987777444005 -122.39282832446189
12572 37.72702118636613 -122.43575307370799
12573 37.7567417882045 -122.44110908144357
12574 37.74146830177708 -122.4409927570099
12575 37.72425373000741 -122.39448068070224
12576 37.70851376048662 -122.42948321896375
12577 37.73081902241198 -122.4313980131615
12578 37.747465858136295 -122.42333963573074
12579 37.76454163619578 -122.40022030801346
12580 37.7548864575377 -122.47924751862895
12581 37.74682626694656 -122.46558992252278
12582 37.740222981718205 -122.40074087843982
12583 37.742433486951455 -122.4604915202064
12584 37.77854622394712 -122.41637056446577
12585 37.76469553538436 -122.39441102425761
12586 37.713541614739796 -122.4433879197496
12587 37.75029681628601 -122.38668941793102
12588 37.72151393378764 -122.45606368242558
12589 37.70931142295972 -122.48915862850292
12590 37.771693879006705 -122.41267710011878
12591 37.719751002692405 -122.4131258696175
12592 37.78105242011073 -122.41706954598855
12593 37.73828114842553 -122.39822156691251
12594 37.76920986985729 -122.41326809876017
12595 37.722848918510046 -122.40983919610689
12596 37.74534814523544 -122.49805068523567
12597 37.74393661433895 -122.4813029699027
12598 37.79784227979952 -122.47272622163764
12599 37.730688477776575 -122.47213439818414
12600 37.76401775838899 -122.49482393586173
12601 37.77233073058541 -122.43852772596883
12602 37.726393755782574 -122.42118572739697
12603 37.750216376558 -122.40249918354353
12604 37.77945807580246 -122.47627456804096
12605 37.777380296212236 -122.4216885365207
12606 37.72885079383051 -122.43237980197266
12607 37.72199755119253 -122.42782086062874
12608 37.72319380066513 -122.4756122875207
12609 37.79440315626977 -122.42505403155651
12610 37.77985275433514 -122.42783761965391
12611 37.750226186492405 -122.41696629480991
12612 37.756617350002166 -122.44189534351177
12613 37.73918722736529 -122.38077737265245
12614 37.77720279662611 -122.49102461097749
12615 37.77990038699256 -122.41130336726253
12616 37.79389332557837 -122.48242089091684
12617 37.772636502247984 -122.50749673360477
12618 37.775490048770095 -122.50247593681156
12619 37.73959738624506 -122.41565344771519
12620 37.762318726004835 -122.434997234447
12621 37.73037405525998 -122.49870641207681
12622 37.720962103634086 -122.4009565373677
12623 37.77428951189927 -122.47883593211021
12624 37.726622864751505 -122.46499326197049
12625 37.772114911979 -122.43274671809606
12626 37.71224799123466 -122.45172524983488
12627 37.75470017136891 -122.44317852714028
12628 37.756762092690444 -122.39513596956087
12629 37.720878685873394 -122.45849195928567
12630 37.73797780041718 -122.41503634943066
12631 37.78574514086262 -122.40420323150524
12632 37.716670016800876 -122.40269098214263
12633 37.727197372773446 -122.46389907334614
12634 37.754872428185564 -122.41062955946687
12635 37.73158105994738 -122.38475984801308
12636 37.75495211766608 -122.42110232281425
12637 37.753655267657756 -122.41014641826406
12638 37.78344227665943 -122.39694442316868
12639 37.72482421835294 -122.45215136508804
12640 37.767666579767315 -122.4275688699513
12641 37.7314946735376 -122.38813031183169
12642 37.75242478109044 -122.43055511501773
12643 37.75378844789754 -122.5010379020466
12644 37.73660870780651 -122.47138698243803
12645 37.731858991469466 -122.5017728390781
12646 37.71745456423438 -122.41595533626318
12647 37.764387414060415 -122.48025840880211
12648 37.74738372953178 -122.41581767125119
12649 37.76175649935997 -122.45206396976475
12650 37.76655648648909 -122.46896268376194
12651 37.72193232124743 -122.43187993461491
12652 37.73897884245867 -122.38805502371191
12653 37.737615294297534 -122.41105266345399
12654 37.73897946089106 -122.48131125139555
12655 37.7243403377243 -122.46573152671824
12656 37.743520940727684 -122.41181422105362
12657 37.76744177716111 -122.42442354211576
12658 37.755207654496736 -122.50811529817442
12659 37.767125435122026 -122.40304789989216
12660 37.727343464860766 -122.50228057305429
12661 37.7653994156087 -122.41459687424377
12662 37.7991661534758 -122.44206117470402
12663 37.75269235569026 -122.45946675549914
12664 37.7672504864517 -122.41667944886053
12665 37.772600570769946 -122.42179101060428
12666 37.784066714702995 -122.48395113879033
12667 37.79306145382475 -122.47897494325075
12668 37.72321567563546 -122.48268321954484
12669 37.71651118912768 -122.42760327154282
12670 37.729636903231786 -122.36146041246037
12671 37.722112855206184 -122.49669553507205
12672 37.742158370151806 -122.42555098329436
12673 37.715959129034786 -122.40109541996803
12674 37.72736612805104 -122.36174177285673
12675 37.79289121611999 -122.4389803763543
12676 37.79781490871823 -122.42313692532832
12677 37.74356526937475 -122.40763602017579
12678 37.70971448451331 -122.46650960776803
12679 37.73868776392067 -122.49996244403376
12680 37.72697406615248 -122.39847868431703
12681 37.78960963312461 -122.43797000162087
12682 37.79779494942492 -122.39645167862406
12683 37.79935700529134 -122.41512068251947
12684 37.727970968700554 -122.50595943262032
12685 37.75240828349041 -122.41425570527092
12686 37.77955096991443 -122.49046027971586
12687 37.71030033890951 -122.38479722371731
12688 37.71886936441658 -122.48907759882294
12689 37.800152584749156 -122.47116416995978
12690 37.78904485143512 -122.47843544266281
12691 37.71407213429695 -122.43003563053699
12692 37.748243121663066 -122.46852948368009
12693 37.75209704186437 -122.47125880415689
12694 37.724774955180095 -122.4014051640558
12695 37.70898706404642 -122.41311583221162
12696 37.79165053850453 -122.47725906269135
12697 37.76326216614826 -122.46664126579702
12698 37.77473889588408 -122.40909986480524
12699 37.72935500982681 -122.50243282674923
12700 37.75665694091405 -122.39950284559075
12701 37.77411324314531 -122.40484651800946
12702 37.746449094305504 -122.47019825697338
12703 37.734527585900956 -122.43651242640507
12704 37.76922356707179 -122.41432815012388
12705 37.708791559406535 -122.48628537472933
12706 37.71045584531711 -122.47756653039923
12707 37.72223551786969 -122.38429576988794
12708 37.753876886915435 -122.4912572163081
12709 37.72173116852249 -122.42103846775782
12710 37.73092739662567 -122.49014618782866
12711 37.720913427938434 -122.45272242924985
12712 37.78779826815176 -122.43472163524213
12713 37.77248115850403 -122.47010539119283
12714 37.73284708894038 -122.44711483615396
12715 37.76589917084139 -122.40200312016961
12716 37.7284117307028 -122.47073988959603
12717 37.73528967232708 -122.50008347443625
12718 37.715939702125844 -122.41123007256309
12719 37.77749906891182 -122.45614920228608
12720 37.76741915789404 -122.40818310055829
12721 37.72974017608026 -122.42997460145747
12722 37.7975943941169 -122.40310191728433
12723 37.724452823466585 -122.37224755836597
12724 37.774531946148564 -122.43452777513205
12725 37.71353212409925 -122.39710639042129
12726 37.80138525016514 -122.44654943287561
12727 37.73233798709272 -122.48462488204561
12728 37.76501761805458 -122.48432370402418
12729 37.71661180897029 -122.47577228352236
12730 37.719772413689 -122.40829017788543
12731 37.73055416497326 -122.42045260763918
12732 37.71286343891064 -122.49544690168362
12733 37.74426246844725 -122.42953966391971
12734 37.76436277847388 -122.4114625527928
12735 37.73769016468225 -122.40956367695088
12736 37.78070370712922 -122.47621214207602
12737 37.7310644132783 -122.40228477164729
12738 37.735572319751405 -122.48662114183561
12739 37.76512227791086 -122.3863085208447
12740 37.798583640335615 -122.46566726898469
12741 37.78294985614559 -122.49378322333783
12742 37.7242781667472 -122.44729666525159
12743 37.722735120651585 -122.45488532088338
12744 37.74663724202821 -122.43195968701144
12745 37.77322570546271 -122.4033854994927
12746 37.78547730931104 -122.4527239430418
12747 37.754490196693055 -122.46893442444924
12748 37.76446519619338 -122.4693911966833
12749 37.75808814293428 -122.42792170000983
12750 37.749015652980894 -122.46578425255385
12751 37.71593564442828 -122.39361522299629
12752 37.73549645798469 -122.37919782057075
12753 37.75802563905343 -122.44492457026206
12754 37.798843579258644 -122.4693519729158
12755 37.77117672464728 -122.46750427162821
12756 37.72882291485722 -122.45933897849586
12757 37.805135236657996 -122.47658994670996
12758 37.73153596776979 -122.38320490544284
12759 37.735474982422396 -122.45460598847885
12760 37.71970582539971 -122.39960704847125
12761 37.73196628648964 -122.37435373610383
12762 37.79683875848734 -122.46677392388298
12763 37.74196112155692 -122.39889389036563
12764 37.78672557396739 -122.38830847383493
12765 37.75043303290417 -122.44781938250425
12766 37.79510388389094 -122.47175177452667
12767 37.737652190633256 -122.5066107667813
12768 37.71644964916578 -122.38727298821776
12769 37.74370109903217 -122.46422510870129
12770 37.710964784515646 -122.48430837574239
12771 37.76242403429192 -122.4305998935153
12772 37.75735536856439 -122.41214361705852
12773 37.77770821861231 -122.51077380951065
12774 37.79288640757911 -122.39959723763127
12775 37.77948912383348 -122.42801444502287
12776 37.727530109096676 -122.44097625015216
12777 37.80773392435609 -122.41686218326024
12778 37.77337688339885 -122.41302298174026
12779 37.713078231249064 -122.45800387823613
12780 37.745184301125676 -122.4005583431872
12781 37.7722921028283 -122.49728343403916
12782 37.78403756137187 -122.45130240247966
12783 37.79794915276359 -122.3966185917125
12784 37.78917984160305 -122.48383861111472
12785 37.79298625648814 -122.41333921712395
12786 37.7222321654372 -122.40731103203805
12787 37.79677968664445 -122.41557107291135
12788 37.739636542324305 -122.4977569468221
12789 37.80702355882001 -122.47251874322933
12790 37.72742288638481 -122.46284626251476
12791 37.72661631650026 -122.4745624467832
12792 37.72294192478445 -122.36422270074465
12793 37.724581042786376 -122.47484436871243
12794 37.74257264165165 -122.41546067018318
12795 37.736858807818486 -122.46164780263683
12796 37.75413559299325 -122.39048760173324
12797 37.76749158017232 -122.49804042478998
12798 37.74512276523821 -122.4116458267915
12799 37.739559348251674 -122.4787380556518
12800 37.79557172535084 -122.4257257540643
12801 37.74368582976044 -122.47272918197847
12802 37.78336291053984 -122.49345628733161
12803 37.723297936111095 -122.45334553790687
12804 37.79223738148395 -122.3935660603527
12805 37.759433684578575 -122.45008019319212
12806 37.748896627359876 -122.40763535115259
12807 37.726117512965395 -122.37312290174059
12808 37.75614584738185 -122.42581222572629
12809 37.74982569198536 -122.41634456105024
12810 37.77228788486307 -122.48699700576957
12811 37.74997474330294 -122.41493958553222
12812 37.72616203071872 -122.47471414428827
12813 37.7083817642007 -122.44770310413239
12814 37.7847641712129 -122.46540610317653
12815 37.774981344020496 -122.39473095268012
12816 37.70844613006901 -122.49403745362397
12817 37.71180844529652 -122.50249410887922
12818 37.73700393069642 -122.48631786449822
12819 37.79273836916922 -122.42948103951254
12820 37.78030204695667 -122.40855812858199
12821 37.72032772754234 -122.49740964114191
12822 37.73846830207382 -122.4059439020979
12823 37.75271574439296 -122.42928263193353
12824 37.74433318462199 -122.43300763038664
12825 37.74241708327916 -122.40800176263792
12826 37.74091455367018 -122.41899255952504
12827 37.74964915310775 -122.39981519892389
12828 37.720994635729575 -122.48510304853762
12829 37.76725916950671 -122.39538983431682
12830 37.788652527056655 -122.44987443325336
12831 37.74150626666824 -122.40623236443308
12832 37.71967762522847 -122.48931962135246
12833 37.789240824952444 -122.43898595926291
12834 37.71878215702957 -122.47653932176489
12835 37.71456396567521 -122.41889637289738
12836 37.762696029905484 -122.46548568930294
12837 37.72359293367215 -122.39259952230796
12838 37.71250859553384 -122.45347835650263
12839 37.79417987656186 -122.42529590177605
12840 37.744897137438144 -122.50781057243582
12841 37.72252663370106 -122.40690140888978
12842 37.71915623533865 -122.46846322035415
12843 37.76624344533017 -122.45298081089005
12844 37.74056278534556 -122.42030737137289
12845 37.72404823901731 -122.41961453861607
12846 37.77061915253062 -122.48784487330788
12847 37.803212211485565 -122.44711069405137
12848 37.80764707810102 -122.47023362332445
12849 37.72227899570533 -122.4501315227871
12850 37.75359883915647 -122.38569466692464
12851 37.80547575078161 -122.43697772689404
12852 37.80216475862987 -122.40913586517476
12853 37.751752271417786 -122.41221698514003
12854 37.78959829797852 -122.40883561502342
12855 37.78183647849657 -122.444888128557
12856 37.712909304651625 -122.38304919010055
12857 37.79810449910569 -122.45979673159444
12858 37.76358067103698 -122.4620626845838
12859 37.73692558467344 -122.39174387061264
12860 37.79047116318637 -122.39159554743283
12861 37.73849172847031 -122.3834488343482
12862 37.74801186963356 -122.42550266180942
12863 37.805519395520065 -122.42332302868807
12864 37.76922435487345 -122.51089361465017
12865 37.75500894129896 -122.50440666560952
12866 37.735010797588366 -122.36549791776743
12867 37.78688095791085 -122.44160241168716
12868 37.754062378129255 -122.49167647185085
12869 37.734957757962384 -122.45919337731338
12870 37.79981884626618 -122.41505049786245
12871 37.79067225670453 -122.46712888711915
12872 37.7777282319738 -122.49242117165721
12873 37.76258223762105 -122.45583256580741
12874 37.747311417034595 -122.44785218985095
12875 37.73092392133347 -122.43672361926946
12876 37.722405237961546 -122.50577448726665
12877 37.74414706021803 -122.37823871805176
12878 37.74595730084259 -122.39097445829898
12879 37.74793904082468 -122.44157769114504
12880 37.760166537765436 -122.42307935879269
12881 37.79211223044365 -122.4352837234773
12882 37.738436869503246 -122.43381346141882
12883 37.73341010030375 -122.46646681547733
12884 37.77769013161995 -122.39095798969409
12885 37.746537597908464 -122.39255620351796
12886 37.753470970346555 -122.42047551566024
12887 37.71837557843805 -122.44980556338189
12888 37.74593750350056 -122.47159695970642
12889 37.72067259277591 -122.42865451602083
12890 37.72453952935011 -122.38466556872234
12891 37.79425927667094 -122.41060295125226
12892 37.805526545305106 -122.43699866948772
12893 37.75904669049382 -122.42295550347491
12894 37.73775501188063 -122.42999090313776
12895 37.783333107420596 -122.40435335048537
12896 37.70945961235906 -122.50125591347273
12897 37.769366585608275 -122.41416071962887
12898 37.76111944978536 -122.47811387363848
12899 37.77289378280564 -122.39079118801563
12900 37.804566046295676 -122.41650345272132
12901 37.71344153009263 -122.46114680481386
12902 37.759831107732595 -122.49313356575784
12903 37.74426982088754 -122.40996466669311
12904 37.73054550104366 -122.42640626507969
12905 37.76873889002365 -122.45744700858342
12906 37.744522720094814 -122.46103356129356
12907 37.715548374608225 -122.36220848240472
12908 37.80481922803558 -122.40731505617349
12909 37.77778990161195 -122.51026872149777
12910 37.74362161225412 -122.37804804493148
12911 37.72272131342123 -122.36690801296584
12912 37.78982203670723 -122.4247691952734
12913 37.70926262687208 -122.4092692497701
12914 37.80076825210944 -122.43801526972831
12915 37.79908197756267 -122.46971823607053
12916 37.80061775358003 -122.41215466763909
12917 37.796633276459154 -122.44105142458498
12918 37.72965100367461 -122.38620175766607
12919 37.71767798483062 -122.46838913795209
12920 37.74008274298333 -122.48398064222638
12921 37.78239142435934 -122.43224736482038
12922 37.73203425576784 -122.42268923664487
12923 37.78724318087246 -122.41906467068581
12924 37.739115469861105 -122.41054496179811
12925 37.72291293091509 -122.3670756386731
12926 37.76124317565064 -122.44229398399294
12927 37.74969823512559 -122.3826028591519
12928 37.73116573216612 -122.44727436254124
12929 37.75945922366477 -122.45787598621122
12930 37.775492912369835 -122.43258071602827
12931 37.730232590163794 -122.38388536345362
12932 37.77217473549774 -122.49998608106777
12933 37.802518910402796 -122.4796186128918
12934 37.77183017389472 -122.39596179144047
12935 37.755721588807894 -122.49838443074194
12936 37.745009540499616 -122.408351654532
12937 37.710148753536274 -122.3993089509163
12938 37.70903747790073 -122.41150135474491
12939 37.77960795753392 -122.40807851442472
12940 37.732195885559086 -122.45858334742839
12941 37.753397265026415 -122.3919916854856
12942 37.78233574468601 -122.48012970203924
12943 37.73196475809061 -122.50437174820019
12944 37.77901344209307 -122.39282174273592
12945 37.7436135543343 -122.41326901763566
12946 37.77702541465633 -122.42243796632268
12947 37.76629964088625 -122.456234116204
12948 37.711092863278246 -122.43544475035169
12949 37.73000549689123 -122.41522236292468
12950 37.70846769927521 -122.41813873705729
12951 37.778270474618765 -122.47120886644527
12952 37.74606397074448 -122.47230840754972
12953 37.71413115097907 -122.48604002756358
12954 37.74537229599405 -122.38850001167299
12955 37.739639913952985 -122.48295216663072
12956 37.78631095960322 -122.42277623738106
12957 37.75100415242237 -122.38073596431529
12958 37.79020210147099 -122.42773552449056
12959 37.78775226864839 -122.43447776273
12960 37.77006473540102 -122.45884656855466
12961 37.73227210137914 -122.44696908282813
12962 37.7731417852019 -122.44149704311411
12963 37.76937054327084 -122.42976192737262
12964 37.738378174122914 -122.47588417117512
12965 37.76678746826772 -122.48369908104569
12966 37.74157359561536 -122.43154279548816
12967 37.75894184253408 -122.4348476377446
12968 37.716125933372325 -122.50108755661316
12969 37.723072414554366 -122.48461324913691
12970 37.74428187038302 -122.43332086820946
12971 37.735822314474106 -122.40911307608764
12972 37.72442803416921 -122.3998677030774
12973 37.735648217080545 -122.42781994255363
12974 37.77239310189189 -122.44366759403324
12975 37.79883197612359 -122.43990541245093
12976 37.72748402376991 -122.49357364475618
12977 37.731240240758815 -122.39928563865317
12978 37.7191105227645 -122.48151969380717
12979 37.745637439613404 -122.38754456817571
12980 37.78200590784735 -122.44497281304695
12981 37.79557439820636 -122.45768381911712
12982 37.727432527662295 -122.45771891616035
12983 37.75869464420262 -122.38928106707785
12984 37.76196619291669 -122.49806172789557
12985 37.719820144556714 -122.4553063366275
12986 37.79027811219591 -122.48195713888701
12987 37.74175087085499 -122.38895061560463
12988 37.78665613215564 -122.48571807727745
12989 37.746711502235286 -122.43144825256563
12990 37.74495511760625 -122.49760418881623
12991 37.73761934879972 -122.49059206045962
12992 37.759624970810705 -122.40845306466224
12993 37.73695480045779 -122.48429780188812
12994 37.74168562849918 -122.41260786120952
12995 37.72994737247139 -122.3879313761796
12996 37.75370137526799 -122.40802624695856
12997 37.757100155134104 -122.40868520409093
12998 37.7346218998432 -122.40133192582343
12999 37.76440085172322 -122.45302589096498
13000 37.732790980060145 -122.41764420878305
13001 37.78286274503884 -122.48034835891767
13002 37.73228405673562 -122.41171176732396
13003 37.741560981164945 -122.40379984391038
13004 37.74893697105772 -122.42517870344739
13005 37.75749115254551 -122.43704312124537
13006 37.72729567038776 -122.4859016719206
13007 37.73351292891764 -122.4129368942568
13008 37.731717049958085 -122.4091846163342
13009 37.711600481230896 -122.40907631715692
13010 37.77986761285938 -122.44452084799885
13011 37.777450694755444 -122.47105999368586
13012 37.71902393281727 -122.42270989010854
13013 37.71884690963112 -122.46008824813768
13014 37.79037682790194 -122.41531431240293
13015 37.724657946428266 -122.44855276807279
13016 37.78465994443064 -122.49306413293588
13017 37.75619094214955 -122.40934392155535
13018 37.76248341318763 -122.46754699602779
13019 37.78376529405665 -122.46111156645752
13020 37.74053332563524 -122.39041821408483
13021 37.7782423836725 -122.45760785271207
13022 37.75060064837223 -122.48447039511235
13023 37.72532176713117 -122.39819902670821
13024 37.72591043368254 -122.36908626233152
13025 37.72937415644252 -122.36618826915205
13026 37.73430475943368 -122.47307540214467
13027 37.7267070474071 -122.46408386408177
13028 37.73549736675738 -122.4884839749291
13029 37.77682868369933 -122.4786240085483
13030 37.710337364897796 -122.45648569095336
13031 37.71552539995618 -122.47285498360633
13032 37.7894128168232 -122.41683454807688
13033 37.71407045021882 -122.50259899599638
13034 37.78678046912136 -122.48837171954416
13035 37.78347601646311 -122.40563836995676
13036 37.70927280487195 -122.42126415061357
13037 37.74829545514311 -122.38713206903799
13038 37.70941100417381 -122.42691448249138
13039 37.72621598998128 -122.49144747555582
13040 37.751611854999986 -122.48585421054013
13041 37.790564858558184 -122.42065108596377
13042 37.739765500736276 -122.39412415933977
13043 37.73286029495953 -122.4373288068693
13044 37.80468152103711 -122.4042371826826
13045 37.725734957137135 -122.44877522330079
13046 37.720887189028765 -122.40603663114014
13047 37.72544418300927 -122.38856459116798
13048 37.72923259157523 -122.41162882113493
13049 37.71903749516804 -122.38798716088152
13050 37.756586573365595 -122.42676086646195
13051 37.77469359154671 -122.45439266874833
13052 37.73030868917112 -122.45031789614339
13053 37.72698517560346 -122.42615868243824
13054 37.73548265599776 -122.43001353390139
13055 37.754290456140026 -122.50162442091384
13056 37.7607032202601 -122.51069720820404
13057 37.778534306306376 -122.38461003696645
13058 37.714040232007335 -122.46696702725406
13059 37.78836397882753 -122.39606994158923
13060 37.72154588480786 -122.48182448656408
13061 37.75334941696838 -122.5008886453229
13062 37.77780740295844 -122.41128422611855
13063 37.759753478162175 -122.49790784866552
13064 37.80642900541083 -122.42915095535885
13065 37.79636430844273 -122.44342396868372
13066 37.72110471623154 -122.40485184801419
13067 37.74119015804854 -122.47816314823518
13068 37.7614747617308 -122.48996521384969
13069 37.77622791818302 -122.50832850000953
13070 37.737977801827206 -122.46127261381874
13071 37.76683618293486 -122.44385121717049
13072 37.72272388562431 -122.43530508954595
13073 37.75420011647022 -122.42662641522239
13074 37.75921556027289 -122.50297782214905
13075 37.721821342049175 -122.37238086853353
13076 37.73344904437863 -122.43308511449155
13077 37.77997225347356 -122.44839096511087
13078 37.786960132232466 -122.42042956411993
13079 37.73412909493119 -122.41759416686614
13080 37.72569270066478 -122.42308646121023
13081 37.796472617923264 -122.40319896548061
13082 37.78319094932109 -122.43046812051023
13083 37.79304044387681 -122.47720234143029
13084 37.71957286226412 -122.46299693981898
13085 37.76866516368894 -122.42656530979437
13086 37.77221081659493 -122.46328818215217
13087 37.75308822178325 -122.42909453295327
13088 37.776678507901124 -122.42137812924197
13089 37.73033461989867 -122.39043547041528
13090 37.734492932895684 -122.43478778525316
13091 37.75507283896228 -122.45875111939769
13092 37.738437757100435 -122.4850586656527
13093 37.77457529245339 -122.42088079093446
13094 37.75179979953604 -122.49728644041211
13095 37.73789724334407 -122.43160515482778
13096 37.71927105540047 -122.39624700318653
13097 37.729042366722574 -122.40609415556635
13098 37.74657076846722 -122.44207812029975
13099 37.75706422036206 -122.44236588168076
13100 37.726523289981834 -122.42956692260329
13101 37.71025272715203 -122.44813245911637
13102 37.75684944565919 -122.40379906295686
13103 37.786032561840535 -122.40666400346969
13104 37.775822734487505 -122.50526698130591
13105 37.74773808916104 -122.50314525645179
13106 37.7264828009125 -122.37153182505824
13107 37.78365768130912 -122.41547848772412
13108 37.761776506707 -122.38300461769121
13109 37.75899884208693 -122.50641558969248
13110 37.75424962668517 -122.4647883978099
13111 37.76580948628568 -122.48598686039652
13112 37.723410015595555 -122.44789054044661
13113 37.72942020189695 -122.41011028013713
13114 37.75110678040628 -122.3913342969506
13115 37.76572138951892 -122.46127546166967
13116 37.80616740054988 -122.4724999624039
13117 37.713234009636814 -122.46062962146246
13118 37.79790812687657 -122.43846546467881
13119 37.71696700070862 -122.39739473135056
13120 37.75379376709892 -122.46575763354342
13121 37.71479379129853 -122.4388198470157
13122 37.71032017773079 -122.46360854382316
13123 37.756261063048214 -122.41832879429224
13124 37.71211076421236 -122.43080095610006
13125 37.7183799842672 -122.48171213238878
13126 37.734372582254174 -122.46055706518678
13127 37.73715226027767 -122.46857033967491
13128 37.751173294906486 -122.47273399966055
13129 37.78192114283931 -122.45371694868179
13130 37.79891224312015 -122.4080577854024
13131 37.710571709745125 -122.48359784791526
13132 37.71258270774629 -122.42820305608113
13133 37.79086933744853 -122.43562206588621
13134 37.78590907515914 -122.48200163017782
13135 37.7884349220191 -122.41994360765212
13136 37.782343695412216 -122.43262889926282
13137 37.713454784089095 -122.47657452055624
13138 37.76525417344703 -122.46419118639916
13139 37.737278004051475 -122.40642719645258
13140 37.72001057179061 -122.44313316343393
13141 37.801301363221825 -122.4347898566381
13142 37.73072383138474 -122.47099191355137
13143 37.753217324258756 -122.45522224831575
13144 37.780979112521855 -122.46343740516288
13145 37.78246227352865 -122.46734592829068
13146 37.71596315965449 -122.38158586504244
13147 37.71855774722632 -122.45369842768797
13148 37.73434244768342 -122.4385113946792
13149 37.76263276733689 -122.49559742535023
13150 37.74842608397839 -122.43325232006512
13151 37.719918262573536 -122.37363171657964
13152 37.728313641884434 -122.36342173892153
13153 37.740876233763096 -122.45865219474061
13154 37.77553372159632 -122.38679209476582
13155 37.7662755286479 -122.44477089780555
13156 37.73479484835512 -122.4559427715063
13157 37.72227608857388 -122.46478286235407
13158 37.77524811222723 -122.42326512100476
13159 37.779775842916315 -122.41171140391708
13160 37.72795695344929 -122.3938472648387
13161 37.7474019380351 -122.43517774091592
13162 37.726435196988 -122.40038362342392
13163 37.771334481741356 -122.4478863470411
13164 37.79163456512723 -122.48443801047034
13165 37.7493491461966 -122.41664300633872
13166 37.769362451188435 -122.50309647227827
13167 37.73878764967951 -122.47097086449736
13168 37.77929321659553 -122.5036391923303
13169 37.71508582896783 -122.42093891633976
13170 37.79492783223906 -122.47361613932846
13171 37.72116809425083 -122.41946428533294
13172 37.793311104743836 -122.42386127703834
13173 37.80698344195047 -122.47795843750048
13174 37.7581435929194 -122.4890625721577
13175 37.75708948124008 -122.38298834009353
13176 37.72959067806454 -122.46411274939909
13177 37.75246890410196 -122.39856377708556
13178 37.73615283881918 -122.4333255842753
13179 37.79101438594049 -122.4141502346854
13180 37.77437556286152 -122.51171768935673
13181 37.730686119958044 -122.46064678510294
13182 37.796805117006734 -122.41938306542991
13183 37.7111741697787 -122.48261003446997
13184 37.72356836409094 -122.49591304790462
13185 37.72286405803522 -122.46725057418548
13186 37.73992858206766 -122.47763783113717
13187 37.78503164374984 -122.47879394132148
13188 37.79600881338084 -122.48232844354168
13189 37.797549530223364 -122.46401182914099
13190 37.7487833052526 -122.42071735058418
13191 37.72104333449944 -122.45071945999577
13192 37.7291780717118 -122.36539126803174
13193 37.736726008423815 -122.4695883517024
13194 37.721387800313764 -122.3975561512586
13195 37.78158144319924 -122.42562159106353
13196 37.794985899534204 -122.44089385155227
13197 37.752360396460986 -122.42695355871946
13198 37.785881388078224 -122.4195527798926
13199 37.73419792670292 -122.37856414363858
13200 37.79569929431557 -122.44071390358943
13201 37.74455439635541 -122.42817038934754
13202 37.80302046389473 -122.43359975668957
13203 37.744587252073934 -122.5043544913494
13204 37.722723368278395 -122.45313215945498
13205 37.72555267536639 -122.49604441018197
13206 37.79942294046111 -122.4417206594611
13207 37.743309421363364 -122.46167383888343
13208 37.776050401518035 -122.43859835624804
13209 37.77903116027864 -122.40834681867389
13210 37.71907428747304 -122.4729251492555
13211 37.78548047490173 -122.48970675631982
13212 37.79675225345483 -122.44499260910023
13213 37.72728526793595 -122.38118955635044
13214 37.72872437790717 -122.42509574962337
13215 37.72497772710435 -122.38742915570107
13216 37.74830453366976 -122.45320149449041
13217 37.721844784469255 -122.381631079602
13218 37.71561976089241 -122.47413777407803
13219 37.77393769041542 -122.39700577586598
13220 37.80492450418989 -122.40740033697548
13221 37.78257700576916 -122.4641989785435
13222 37.76215706298232 -122.44473436001375
13223 37.71617325932635 -122.3808444988222
13224 37.78654517398526 -122.49928583662962
13225 37.73655161349336 -122.5008553810336
13226 37.748948786863934 -122.46116762285968
13227 37.71630496600948 -122.4866790887117
13228 37.77824132182049 -122.43070480117491
13229 37.7103599968388 -122.43545729269837
13230 37.75956575369184 -122.47486883931897
13231 37.778830270188564 -122.47530959800973
13232 37.72182310617748 -122.45628957823189
13233 37.79845752254891 -122.45127487893869
13234 37.74321337043391 -122.42015963527614
13235 37.74769322741324 -122.44244721932
13236 37.73679858952365 -122.43544206838862
13237 37.744032945801486 -122.45977127495271
13238 37.7247023403381 -122.47655740902792
13239 37.78018448878005 -122.4685279284428
13240 37.795457975978124 -122.45623374662226
13241 37.74567369536716 -122.44710614507007
13242 37.73321199619064 -122.50306627942241
13243 37.747685660304725 -122.50380572944034
13244 37.771544281307456 -122.50440018838775
13245 37.79336034228337 -122.4745876745487
13246 37.78366223149308 -122.45670653051923
13247 37.76657524228165 -122.48725986834206
13248 37.73945789129644 -122.44387528894934
13249 37.75402918506354 -122.48746758918539
13250 37.74948781885352 -122.44393263840286
13251 37.76271757583385 -122.4035227407332
13252 37.78897983386574 -122.40085444706148
13253 37.73196966682906 -122.46252804437108
13254 37.75038857562319 -122.4246042873565
13255 37.75822289805274 -122.40833656035561
13256 37.750936973135154 -122.43768968413167
13257 37.74682540799565 -122.41113493345655
13258 37.73922886785475 -122.45760581336998
13259 37.74889535555249 -122.46779975420769
13260 37.72680433244695 -122.44276865102779
13261 37.774192605902584 -122.39017032107914
13262 37.764901285155766 -122.48462629538395
13263 37.7585571613327 -122.44895965294621
13264 37.74209828285599 -122.48822245538133
13265 37.73253081478862 -122.4890718919569
13266 37.75684722439901 -122.46006692475217
13267 37.73342260904062 -122.39895640403695
13268 37.806405016358646 -122.43828361732656
13269 37.75233364559334 -122.38208190156087
13270 37.76698755374913 -122.46601623298572
13271 37.71385701234901 -122.42954576136876
13272 37.802642434611535 -122.47003991381875
13273 37.74174708212558 -122.48616759953867
13274 37.768985798711604 -122.41322046585397
13275 37.74525649312346 -122.45247643162453
13276 37.80398445873999 -122.45501493744817
13277 37.76510285524819 -122.48667836684255
13278 37.75680808881998 -122.40262673785269
13279 37.77421427610713 -122.42292404881258
13280 37.715643293420065 -122.48275445039539
13281 37.722501268083896 -122.39984184254773
13282 37.77798874879044 -122.41105446844513
13283 37.738878763734846 -122.47387585733132
13284 37.77498995982319 -122.46404676878598
13285 37.731349142445644 -122.40145409730596
13286 37.76809351245064 -122.44766807044469
13287 37.75519733582571 -122.43424215242284
13288 37.74677892645755 -122.5064413268317
13289 37.739136327330826 -122.45929850355475
13290 37.79569774871689 -122.41346703517233
13291 37.76712870431437 -122.50292764932786
13292 37.73913488604753 -122.42423201095865
13293 37.73425307582598 -122.48581255374616
13294 37.752117818077146 -122.38443531981908
13295 37.731158451042035 -122.37710595466228
13296 37.71034193616836 -122.44087182709954
13297 37.804799858289925 -122.45055583685911
13298 37.7231464843105 -122.4226441532083
13299 37.789951567718795 -122.40325560876799
13300 37.72153876915956 -122.45219233210024
13301 37.756792080030834 -122.4722867326116
13302 37.768590849804745 -122.39871564037578
13303 37.73207116152327 -122.39477043274758
13304 37.80399265231384 -122.43662069892915
13305 37.771138540662655 -122.49737743158879
13306 37.7835744817923 -122.44885035072103
13307 37.752116674019625 -122.42223145712873
13308 37.750547582354955 -122.3940584138843
13309 37.7848950519467 -122.4294265306085
13310 37.80059012192063 -122.42904434079144
13311 37.791302404399566 -122.42251692920317
13312 37.799890462942635 -122.39558622761136
13313 37.752975016598846 -122.49650467644163
13314 37.78108623483278 -122.42956754148662
13315 37.7750395430972 -122.46300825428887
13316 37.735561243826766 -122.45293482454412
13317 37.74780728038077 -122.47665136790691
13318 37.77923096232229 -122.43467990617967
13319 37.79453775856035 -122.40088248943844
13320 37.786726042912846 -122.41055501635854
13321 37.72036061093298 -122.46052698124315
13322 37.7136648036179 -122.4356765340324
13323 37.733396362927785 -122.43493738820408
13324 37.783341614941065 -122.4628200592273
13325 37.80094503066293 -122.46256800005311
13326 37.715936221629605 -122.39182364013212
13327 37.73960631988239 -122.39863562906321
13328 37.79989835018851 -122.4419611078456
13329 37.72659581457629 -122.36643257563762
13330 37.76058980810672 -122.49696501559757
13331 37.78780951289708 -122.44363773440072
13332 37.71095612014291 -122.4241077295347
13333 37.75730443059672 -122.44859269181931
13334 37.807222856604966 -122.43696918731484
13335 37.75035039210516 -122.45936636167934
13336 37.72186601775446 -122.37151215663432
13337 37.76214475028316 -122.38382442434443
13338 37.75890060786613 -122.4073230898454
13339 37.72215716414024 -122.45772213286345
13340 37.73851603720847 -122.48609292503124
13341 37.72422900624894 -122.43446798392677
13342 37.72938851881117 -122.41188202510996
13343 37.781213265346466 -122.44327444330041
13344 37.72719056454236 -122.42086432531724
13345 37.723750097121325 -122.50518879407467
13346 37.77556984265372 -122.49213698862387
13347 37.74692955811789 -122.38492626435576
13348 37.73903124976577 -122.4350076051434
13349 37.72696566973704 -122.46135373865135
13350 37.775143546474965 -122.4637949740676
13351 37.76008014145238 -122.50423857949902
13352 37.7687679602978 -122.45418154877491
13353 37.77538121737845 -122.40861114863036
13354 37.74338822803956 -122.4094110881281
13355 37.72239552007712 -122.45422596687784
13356 37.734928825114025 -122.453594081369
13357 37.73222992277396 -122.46097456930107
13358 37.72194712214983 -122.46444159477075
13359 37.71781139745658 -122.39227468936221
13360 37.761332790044364 -122.42318823955046
13361 37.71810002184917 -122.38993256461704
13362 37.79365767021353 -122.45371005669713
13363 37.75323907915027 -122.42598933972505
13364 37.71848470128698 -122.38295657860249
13365 37.730867347051294 -122.46403599676752
13366 37.74176557217131 -122.44966595120704
13367 37.80548369094345 -122.43300382759067
13368 37.75675941560467 -122.4071813505654
13369 37.730965823714264 -122.41911282962484
13370 37.795821419479566 -122.44086026597962
13371 37.71954609218357 -122.45962483821204
13372 37.71359233867622 -122.45859312976792
13373 37.763092893798984 -122.4652025230567
13374 37.73118082572758 -122.44768204720218
13375 37.72148658158989 -122.45095777364092
13376 37.78002448711001 -122.38791875538773
13377 37.718277503011585 -122.40352602750427
13378 37.71812385983747 -122.48773923944817
13379 37.76737041143887 -122.49421297940363
13380 37.74111969948343 -122.45376719912328
13381 37.76020864448438 -122.50688205305727
13382 37.7432646716458 -122.44973646296067
13383 37.73575695493469 -122.47171986846692
13384 37.76657391849486 -122.38854486102575
13385 37.73459058537849 -122.43572925072213
13386 37.73310390318244 -122.41375697563319
13387 37.743653107015355 -122.4186076413173
13388 37.73928374566698 -122.42702713129432
13389 37.75595267834433 -122.44920254441928
13390 37.7624831548205 -122.47717719468046
13391 37.75045743909444 -122.50235408394093
13392 37.72148679786257 -122.43386548619524
13393 37.74932673163859 -122.41856639237903
13394 37.78062716409738 -122.4827142036818
13395 37.78239713045489 -122.47686052833816
13396 37.7266424317447 -122.4677175845598
13397 37.80559176347058 -122.47743596561465
13398 37.77171865569492 -122.43818340158799
13399 37.778537873741016 -122.51099533249666
13400 37.75394979280943 -122.44701857131382
13401 37.710969229955126 -122.46715695442377
13402 37.717290023913584 -122.38245631986591
13403 37.75320789504712 -122.38410806379501
13404 37.73410702598222 -122.47113250002631
13405 37.791595493852085 -122.44193754298288
13406 37.78341839756475 -122.46402899773489
13407 37.715747244280735 -122.41984594869709
13408 37.729359262772604 -122.43434465745518
13409 37.76169741733608 -122.46753962173928
13410 37.80009084665038 -122.47526904471722
13411 37.785087369672574 -122.40726781125868
13412 37.798791247396935 -122.40776581968736
13413 37.77561264432387 -122.40384485849161
13414 37.710480009574326 -122.41791625940766
13415 37.71092569209918 -122.44998701814752
13416 37.74556212212124 -122.43741539621892
13417 37.72014461199867 -122.47817923202646
13418 37.73958035474161 -122.44219191318247
13419 37.729822315044096 -122.45466154742257
13420 37.78262057417482 -122.4352076736203
13421 37.78796683964132 -122.48518112449602
13422 37.75895805501548 -122.45259221485205
13423 37.708833392677974 -122.4116910486095
13424 37.75176851740492 -122.46650503598084
13425 37.75574039790208 -122.51063983038331
13426 37.724734160474426 -122.4566354581978
13427 37.7496931423176 -122.47406285503651
13428 37.71328213988375 -122.49123586332244
13429 37.78184574047191 -122.39135180642846
13430 37.71478100776012 -122.50319841687998
13431 37.79698233314884 -122.4318340652686
13432 37.74670760437693 -122.49620458461425
13433 37.783259386373985 -122.50200445420045
13434 37.802598066992864 -122.46514769244126
13435 37.722275131430365 -122.4869100478318
13436 37.74157839159327 -122.39855180429848
13437 37.72876286182996 -122.49965554732646
13438 37.753072595015574 -122.49310845212266
13439 37.72959281897062 -122.38949463971659
13440 37.73395428183295 -122.47436850550085
13441 37.73272067632899 -122.41713000774442
13442 37.727972153482895 -122.37796472610775
13443 37.72748156085872 -122.46591850875609
13444 37.73284080501629 -122.37393066878198
13445 37.78104843261839 -122.43530211729058
13446 37.71080145419393 -122.46340474906226
13447 37.71785388948234 -122.45133179272429
13448 37.79893228616568 -122.40749489029186
13449 37.765202682135715 -122.50168244684741
13450 37.801406579348104 -122.40944137539181
13451 37.754920589410354 -122.39647496012843
13452 37.79401697609216 -122.40858918275312
13453 37.759172676944715 -122.38406265481613
13454 37.726459256001256 -122.3595281413399
13455 37.71406414923997 -122.42218208836456
13456 37.71732623056464 -122.48224438372398
13457 37.74054334656223 -122.48902979961282
13458 37.7499940196158 -122.42548638997022
13459 37.802309382272455 -122.40998003263205
13460 37.74108462051428 -122.41338629368725
13461 37.77094780191267 -122.42546705777032
13462 37.73656439670154 -122.40274743939162
13463 37.74312462723626 -122.38355961704394
13464 37.77470413311714 -122.51179334347846
13465 37.74914345222255 -122.45158766796739
13466 37.780326675180476 -122.45820559706817
13467 37.780474409877925 -122.47647298383619
13468 37.78031383061318 -122.4958957749315
13469 37.71327356489838 -122.38514299995663
13470 37.782313397820474 -122.41780269322841
13471 37.765748098043424 -122.48877448913356
13472 37.717762186464384 -122.42301607374208
13473 37.78685181825401 -122.47544307439499
13474 37.77795028646162 -122.48021282520895
13475 37.73136184483029 -122.388619262428
13476 37.73371268594944 -122.45378104766841
13477 37.76112509369603 -122.39299488822637
13478 37.75498719593619 -122.40287038267174
13479 37.795592743254794 -122.44994619547292
13480 37.70842220819037 -122.5011602299974
13481 37.74191289132755 -122.41736217810168
13482 37.766620940345035 -122.48163277540141
13483 37.802133725401454 -122.47776319373331
13484 37.74666135497036 -122.46150517515127
13485 37.71157815018858 -122.44454397988272
13486 37.75422268076385 -122.44610074877394
13487 37.71543143183498 -122.40058244190605
13488 37.75629050836816 -122.46398134868076
13489 37.8015373428973 -122.45675411359295
13490 37.806930562095616 -122.42728924911032
13491 37.776076312680125 -122.48284747128712
13492 37.75014829690908 -122.46241962375254
13493 37.75133573756247 -122.46647197966166
13494 37.75722397720762 -122.38725735845954
13495 37.7137109212883 -122.39953160789673
13496 37.733754392742206 -122.4925271363364
13497 37.76436870187798 -122.49599987564166
13498 37.71406596391312 -122.47241915306803
13499 37.778008698982205 -122.39688649548503
13500 37.75718641068437 -122.42919968368939
13501 37.712763209443054 -122.43097672778245
13502 37.759866873372715 -122.38271474081806
13503 37.77704008616824 -122.51126610362095
13504 37.784894627678554 -122.42509513192243
13505 37.7490892138574 -122.40326024776763
13506 37.79346324781351 -122.46906512327777
13507 37.76605562216049 -122.39399665314568
13508 37.76007981842602 -122.46746249951136
13509 37.77214755929228 -122.45561825520545
13510 37.759304431048164 -122.41244155229978
13511 37.752081071208764 -122.39878108764447
13512 37.739512892076725 -122.4404889726274
13513 37.76061024345498 -122.4238285595391
13514 37.75593709569819 -122.50816932023064
13515 37.731181530385015 -122.48399678566162
13516 37.71752249278487 -122.3909117438734
13517 37.71351312790216 -122.46506043249683
13518 37.739917963160885 -122.47569502456695
13519 37.75985019939292 -122.50335288912186
13520 37.71991829595091 -122.43543841337498
13521 37.75442840483165 -122.4003754124154
13522 37.76970346247925 -122.50119269443023
13523 37.77019783389828 -122.45045878374698
13524 37.72488232514235 -122.47355334634705
13525 37.71522859439224 -122.46989722161648
13526 37.768924312478376 -122.46935545359689
13527 37.77619077493762 -122.42858947823092
13528 37.79053382372504 -122.46926972839434
13529 37.780554181797875 -122.50543815708409
13530 37.79321271979561 -122.43274034885067
13531 37.71374887091876 -122.50280682064269
13532 37.75851679692461 -122.48622481649899
13533 37.74432151057046 -122.40031732540619
13534 37.79221887687871 -122.42177987718746
13535 37.770742517544434 -122.49225209863738
13536 37.74842873453993 -122.41096320837373
13537 37.7216841111052 -122.42209839381569
13538 37.80250132200274 -122.46569027010881
13539 37.744891655183906 -122.46500771670121
13540 37.710645518357694 -122.45064293528104
13541 37.78994569718068 -122.48059403657037
13542 37.80477323528568 -122.44910528712188
13543 37.79035180232197 -122.42328609442042
13544 37.71444725815814 -122.50282499984242
13545 37.788777096825086 -122.38988422286218
13546 37.71591540351857 -122.4808116381485
13547 37.72390093744816 -122.50362532439304
13548 37.73902844604632 -122.40906615424177
13549 37.71169229684656 -122.42394474434722
13550 37.77675793998589 -122.3996918456232
13551 37.76037980389496 -122.45154120150102
13552 37.758036525215985 -122.46577783421053
13553 37.782194040181025 -122.4773689203798
13554 37.75750315223561 -122.50524067134107
13555 37.77101757131318 -122.48063467478283
13556 37.77181383101005 -122.44190639804047
13557 37.709362440206704 -122.4614392732337
13558 37.74293453977798 -122.45970507680236
13559 37.71531849765134 -122.45039287510585
13560 37.78263359154774 -122.45158257354501
13561 37.72403420593869 -122.44989975081761
13562 37.79729421056247 -122.3966691843932
13563 37.77168586685018 -122.42882810029273
13564 37.753272015472405 -122.48526122064374
13565 37.78711089424562 -122.46713548681558
13566 37.76943893754454 -122.45730064339247
13567 37.77681026158826 -122.39462117435944
13568 37.73131476042048 -122.46878343570077
13569 37.72575453976002 -122.37545471104632
13570 37.745463677687155 -122.48114459217375
13571 37.78920783395626 -122.41608148875775
13572 37.733926376505316 -122.46440199740094
13573 37.78644741091634 -122.46062294248134
13574 37.722510879622874 -122.46897915161034
13575 37.74467114483651 -122.44371488506061
13576 37.75380362446498 -122.42414923479082
13577 37.78113281185967 -122.44186200629554
13578 37.739164539544554 -122.45376768267917
13579 37.71784675769904 -122.41072278987359
13580 37.78202235738359 -122.41783333782276
13581 37.72929900493024 -122.49720838953114
13582 37.7092913253535 -122.40651053337356
13583 37.71684969267941 -122.49964896429707
13584 37.77345399559442 -122.51131545990401
13585 37.7912836701255 -122.43711671520389
13586 37.753639785792465 -122.4669219349528
13587 37.736038648469496 -122.48980411838663
13588 37.79084064135943 -122.39026294639761
13589 37.768903553282655 -122.40294114331127
13590 37.80169257221317 -122.4296441559457
13591 37.74116805028144 -122.46193433840926
13592 37.74889101678386 -122.4006203251679
13593 37.709162065521994 -122.42226704633275
13594 37.747065969287185 -122.47318733025443
13595 37.778270731307856 -122.46355159597326
13596 37.731219632219116 -122.38761337235768
13597 37.761325860595036 -122.43403205830836
13598 37.74203189222088 -122.3946947184849
13599 37.73746816294734 -122.46735262830265
13600 37.78287340311265 -122.41818828307814
13601 37.76069264909649 -122.38695972634721
13602 37.746582972793036 -122.5047457232492
13603 37.76490223615809 -122.4268598470575
13604 37.74416493421505 -122.38075731144528
13605 37.77397182757022 -122.42863596766001
13606 37.79771833640459 -122.45964325039421
13607 37.729748359960226 -122.48093977984462
13608 37.74332534562179 -122.49495662193956
13609 37.7511938099717 -122.4983839041211
13610 37.726962725181245 -122.47322033367615
13611 37.71881998205553 -122.38998865069638
13612 37.76447004704762 -122.47114606806488
13613 37.79443814015166 -122.39436250316193
13614 37.709532282911645 -122.47976227600925
13615 37.74677568085805 -122.40120679477725
13616 37.75229967947114 -122.50486097604103
13617 37.74183497489211 -122.48644356202767
13618 37.80830642949972 -122.42862588923695
13619 37.737237662943194 -122.46359384279201
13620 37.79079379352813 -122.47037439020848
13621 37.803844720243376 -122.43629947727975
13622 37.755061451840504 -122.39223418685796
13623 37.72843103352827 -122.44830681344244
13624 37.74330163970835 -122.48537482488608
13625 37.74806737816371 -122.46682647156992
13626 37.725903013687265 -122.45380635672235
13627 37.773588281510946 -122.4826148691161
13628 37.780716984932 -122.42278671629025
13629 37.78249597017349 -122.45898283699108
13630 37.78789519295088 -122.45219078578259
13631 37.75871795651104 -122.43041995093795
13632 37.73470971069209 -122.44027300377353
13633 37.74466538693888 -122.47916600503055
13634 37.79530022551968 -122.47504096100842
13635 37.763559546462275 -122.44125586086858
13636 37.77751822127988 -122.47724569713687
13637 37.78451910713129 -122.41597189217892
13638 37.74168823898265 -122.39182031007535
13639 37.71106215431511 -122.41751899844019
13640 37.75937697155702 -122.39139908331303
13641 37.79158668059498 -122.47454016550348
13642 37.726093150027154 -122.37225255225971
13643 37.71711440162775 -122.49310027355877
13644 37.71265269695033 -122.43043406259343
13645 37.79614764476832 -122.41593169421094
13646 37.7116700615978 -122.40302167521195
13647 37.72769486878628 -122.44959500120181
13648 37.72287244391155 -122.46957395564225
13649 37.74472101442882 -122.4697339171242
13650 37.799019719472895 -122.46090821438216
13651 37.759835577798015 -122.40721681574385
13652 37.709713608592395 -122.50113244755654
13653 37.772305449022305 -122.48365527834208
13654 37.76969338873935 -122.39820130494417
13655 37.77197329393732 -122.50411492622335
13656 37.76237562936553 -122.41751101793824
13657 37.71664381889482 -122.42748940178868
13658 37.74122602777922 -122.44893423103584
13659 37.71890261501784 -122.39899873974322
13660 37.74867064728754 -122.48733418757892
13661 37.800220226502866 -122.44238148565871
13662 37.71190696334312 -122.45774161445398
13663 37.75241808319212 -122.40602002901751
13664 37.782362901026566 -122.49951713039859
13665 37.764801330010634 -122.43724607825744
13666 37.79246104701713 -122.40289707040166
13667 37.80157512033611 -122.39701159236618
13668 37.774043416055065 -122.5098216725487
13669 37.79613309986142 -122.39910221698321
13670 37.75021740654611 -122.41118986319648
13671 37.73853309301682 -122.4677924844406
13672 37.76449793441928 -122.4681120855261
13673 37.721311000213085 -122.43024920613418
13674 37.79467169606533 -122.43282682967423
13675 37.75521198391417 -122.4046443363988
13676 37.76184917582049 -122.44694492520104
13677 37.79597860403104 -122.44586149087316
13678 37.71649560144753 -122.49388400791935
13679 37.72492412324347 -122.3585074208634
13680 37.76731333148149 -122.50392846108761
13681 37.718133454980766 -122.46888081179934
13682 37.71361337112457 -122.47664733341352
13683 37.775552000275525 -122.42162958542922
13684 37.76421418659334 -122.50434069142489
13685 37.806309406753535 -122.41539126742623
13686 37.78539980988534 -122.49268131387517
13687 37.78484688738946 -122.39300830216561
13688 37.80553762496868 -122.45264218145924
13689 37.75343905467846 -122.38859137617348
13690 37.79485987262708 -122.44481670844976
13691 37.76813605226068 -122.41675370344609
13692 37.76767124153297 -122.38736160025945
13693 37.74032689461331 -122.4913085054012
13694 37.773599846232564 -122.46787593020797
13695 37.78249075583965 -122.44885555626547
13696 37.7118607798501 -122.41301287651086
13697 37.77507862356805 -122.49153924514607
13698 37.75426879812094 -122.44823317300647
13699 37.74675007602464 -122.4278553778498
13700 37.771740585934644 -122.46781570313414
13701 37.75271525246253 -122.4546490354212
13702 37.73333835306248 -122.44035584068796
13703 37.74577054560951 -122.40822932117142
13704 37.80427039691383 -122.47192310092346
13705 37.721844194556596 -122.3669374082625
13706 37.77813707076122 -122.4684165188107
13707 37.787508538171146 -122.50119726908011
13708 37.80141322863751 -122.42314793464186
13709 37.7118202882681 -122.4118983341135
13710 37.718327791831115 -122.36570646358237
13711 37.75654450389826 -122.39317473575976
13712 37.73322860599544 -122.4804279451025
13713 37.77820865867393 -122.49997495228132
13714 37.75032410921612 -122.42449581335536
13715 37.74068200732527 -122.50259973023324
13716 37.77583281134627 -122.48743453166266
13717 37.78220571324163 -122.42036254911204
13718 37.773294201109245 -122.5015187100402
13719 37.778614665816775 -122.42089688386156
13720 37.78162673980892 -122.46116085314331
13721 37.72876802398393 -122.42474723743025
13722 37.78616332795532 -122.38735607145956
13723 37.79524122451336 -122.45928304810775
13724 37.74937483382804 -122.39563124760019
13725 37.71376330303916 -122.4853415545507
13726 37.70877646669532 -122.43605749269469
13727 37.776585530540736 -122.42876704236747
13728 37.805730938480615 -122.45638453284852
13729 37.71090821554783 -122.4645903494533
13730 37.71616595961709 -122.4585547716298
13731 37.73487386512793 -122.43814378101517
13732 37.73044006538994 -122.39188406945946
13733 37.7099666028272 -122.46688965874533
13734 37.747148728395665 -122.40365206616013
13735 37.77371506522631 -122.4361229152002
13736 37.801441480726886 -122.44758413214474
13737 37.715359685753846 -122.4643878195577
13738 37.72330425994103 -122.46911923144144
13739 37.746970043839134 -122.41701633455092
13740 37.722410794466164 -122.42617880175236
13741 37.759508381232166 -122.47879135898283
13742 37.71243456466488 -122.40100658522694
13743 37.73671907009361 -122.4427945258376
13744 37.75449243668149 -122.46991899092762
13745 37.73784939967188 -122.46957176115016
13746 37.741305895773266 -122.38505197875291
13747 37.7868229370989 -122.47746622530975
13748 37.75591942712495 -122.46243226063477
13749 37.766703613878626 -122.43742560476696
13750 37.71960185486209 -122.48685157298526
13751 37.77757965400138 -122.48581529659268
13752 37.7919196902741 -122.41895632795729
13753 37.74034526114577 -122.39304232142453
13754 37.76676630115715 -122.40493933903919
13755 37.78787995675354 -122.4345806680954
13756 37.74213167973451 -122.43718274630947
13757 37.708805085342206 -122.47792428358916
13758 37.78465853175383 -122.47558020721641
13759 37.80673899670276 -122.44047500712821
13760 37.740152912128224 -122.43289518090444
13761 37.758378647678356 -122.49095466040067
13762 37.75194322018806 -122.43193735382582
13763 37.79739458116135 -122.48040234121751
13764 37.71326561302846 -122.39313954704535
13765 37.728406700416045 -122.39494358167053
13766 37.739268854662384 -122.4945616298022
13767 37.73392382561776 -122.3677866675522
13768 37.80388262144936 -122.40112682917325
13769 37.72809516923238 -122.4860574164926
13770 37.7612658620326 -122.4928326938054
13771 37.801837757778586 -122.4209772491946
13772 37.772287440805016 -122.46784522399894
13773 37.742031369195985 -122.50191486223541
13774 37.79404363685345 -122.47681787180572
13775 37.73247581731232 -122.50242275926004
13776 37.74571189573448 -122.38629554727507
13777 37.801596064880336 -122.42579445197445
13778 37.72465389945727 -122.41688952443495
13779 37.74108338987936 -122.40850882812427
13780 37.80400890297006 -122.43030613245483
13781 37.73419878193531 -122.36801161074908
13782 37.73491184765727 -122.45550862577954
13783 37.78383823898667 -122.46077149286677
13784 37.72613783651115 -122.40351537835701
13785 37.72327140172882 -122.4717895923478
13786 37.75431281084758 -122.40919278765628
13787 37.73923730206629 -122.43449288114923
13788 37.76999351060912 -122.42083562692022
13789 37.802518367404176 -122.43446521893883
13790 37.73111490714067 -122.4189735956912
13791 37.76721744326426 -122.45701052401486
13792 37.79981572684248 -122.45033803387352
13793 37.715310143227555 -122.48075110941326
13794 37.73458918066615 -122.42483092759797
13795 37.73094983654989 -122.39891796902528
13796 37.7248389208647 -122.39210824752722
13797 37.71886395238326 -122.3877934953694
13798 37.79045317649194 -122.44390063917426
13799 37.79930317398142 -122.46631661641266
13800 37.748511752550925 -122.40705086256283
13801 37.7541211469247 -122.50900678711558
13802 37.767611830047656 -122.50512110799892
13803 37.7333812396238 -122.4437033266415
13804 37.73110761778226 -122.45028924078336
13805 37.73622282639319 -122.40292022278919
13806 37.71819188583044 -122.40358253095715
13807 37.7593759032115 -122.49605942550173
13808 37.780081008943 -122.42717340550824
13809 37.79192465617936 -122.4712047897195
13810 37.77160716981143 -122.41250686086273
13811 37.78227720915897 -122.40350704606162
13812 37.732285690425655 -122.3769159177066
13813 37.782350222837074 -122.44273509158192
13814 37.71310059801765 -122.42626498416493
13815 37.781665817431 -122.50444716707186
13816 37.73686434695776 -122.38655685054215
13817 37.756351712813064 -122.4748586884933
13818 37.73228798036138 -122.4739855512187
13819 37.80185117550217 -122.4195078425519
13820 37.729424862508914 -122.45217491500871
13821 37.76817346300128 -122.46228755435583
13822 37.768732220130644 -122.40546660051699
13823 37.762648086914254 -122.45104385503312
13824 37.74978603451729 -122.47027559532114
13825 37.76139437041287 -122.50376071174674
13826 37.76367163431308 -122.4237989028687
13827 37.73737954577897 -122.43070827263456
13828 37.78696244246198 -122.43826421713983
13829 37.715388722572634 -122.49756822165521
13830 37.76602947456758 -122.51069914289019
13831 37.77237725409958 -122.49361779516161
13832 37.72336971437161 -122.44729942572602
13833 37.7220829593624 -122.49765778785759
13834 37.78382252630496 -122.50923312295724
13835 37.78662235096991 -122.38900980692884
13836 37.74868143365686 -122.47543121834651
13837 37.710814394997826 -122.44782394406845
13838 37.75039186000749 -122.43201137172416
13839 37.783531923507866 -122.44318403605774
13840 37.75352432965694 -122.4657577885705
13841 37.784497340968876 -122.39912412367913
13842 37.78502759079647 -122.3877982904311
13843 37.758663121017506 -122.46592191642254
13844 37.74750589635505 -122.39969196885743
13845 37.72869817183594 -122.46974662040154
13846 37.7436163583785 -122.39738397080622
13847 37.778206303073404 -122.43259356186907
13848 37.77038080164006 -122.49586628749097
13849 37.76258698726976 -122.43530099432905
13850 37.75170054111184 -122.49728812460822
13851 37.732431982470096 -122.3882619435755
13852 37.73057430919577 -122.50456238479356
13853 37.762804722035995 -122.49457012255704
13854 37.71792340134895 -122.44883246684758
13855 37.738666768264935 -122.49569435028394
13856 37.73871256947815 -122.44841527611321
13857 37.76087442434773 -122.47548212035667
13858 37.74693015829851 -122.48757936476376
13859 37.71470402378053 -122.42034652493516
13860 37.75736603937406 -122.5023769793856
13861 37.77067744584145 -122.43735262618372
13862 37.74658760915936 -122.43541081936402
13863 37.72221244887398 -122.39920531868283
13864 37.74248996409904 -122.41191035592115
13865 37.77353675611966 -122.46486380818195
13866 37.78577672547517 -122.43684876642034
13867 37.77905604494847 -122.50234968416122
13868 37.71066182724926 -122.41051680417549
13869 37.74632103962035 -122.46870905600024
13870 37.78145707498932 -122.4807846014361
13871 37.74875594830576 -122.46844024097007
13872 37.764246308261654 -122.47259124881
13873 37.717066719480904 -122.49070923592315
13874 37.75234091348615 -122.40510517913849
13875 37.77771657885888 -122.48873338813127
13876 37.708452790934565 -122.49536547074891
13877 37.71421185225798 -122.40221595655471
13878 37.71706563224634 -122.50331486301275
13879 37.76930048484361 -122.39826431909412
13880 37.758247791593675 -122.49311068281013
13881 37.772321005356474 -122.46957691874529
13882 37.72652217478728 -122.43909511234577
13883 37.70913384129961 -122.4077158489255
13884 37.795845902155264 -122.46881610397817
13885 37.73104609167707 -122.38154186871964
13886 37.746851038065095 -122.48062290071519
13887 37.75138959142309 -122.38605629727132
13888 37.74393041784285 -122.49093710761488
13889 37.74652854976609 -122.41939453157883
13890 37.78484949525218 -122.410120972822
13891 37.74616239108325 -122.5016383349918
13892 37.72858005490099 -122.40626637374868
13893 37.742454636992996 -122.41936059770815
13894 37.786044179626906 -122.44281373885688
13895 37.73599396282441 -122.50437130266381
13896 37.71511867269552 -122.39900862058172
13897 37.751078588507326 -122.4329764017949
13898 37.777070915579316 -122.48879148708363
13899 37.80631425283518 -122.45260564262911
13900 37.71743807720144 -122.39786309416043
13901 37.802647713003985 -122.45305085709005
13902 37.75076883480824 -122.43541401660075
13903 37.71419448309499 -122.44142145465335
13904 37.79470669106851 -122.47918614377915
13905 37.760898777909 -122.40434201842791
13906 37.71016434205544 -122.4628323814361
13907 37.79149941603488 -122.45437781456685
13908 37.71918747664024 -122.41669171977229
13909 37.76309959751005 -122.43853006157275
13910 37.740886824766775 -122.46442094941027
13911 37.77656967702744 -122.4855427297247
13912 37.785066324928344 -122.43532472180753
13913 37.70827065517589 -122.42213408341975
13914 37.74332910406983 -122.48646028996902
13915 37.77217882872714 -122.46022447190583
13916 37.75762609017438 -122.40555761368103
13917 37.72423336393465 -122.36939972380766
13918 37.738589902336265 -122.44846756834669
13919 37.76049531000532 -122.39956859890151
13920 37.7245745717106 -122.42927387545042
13921 37.741751201326146 -122.47937648725073
13922 37.734016288023376 -122.49780487618088
13923 37.7450942622164 -122.50521208958746
13924 37.78790540761214 -122.4670007302453
13925 37.751119625147446 -122.44673992579725
13926 37.728288594810586 -122.45007193982829
13927 37.72394227142648 -122.49812310966405
13928 37.77906186776135 -122.51112474928192
13929 37.73647816421417 -122.48466116790665
13930 37.80482999943807 -122.42237705786414
13931 37.72423453196267 -122.50093091662558
13932 37.78484071104424 -122.46906370359241
13933 37.709168232819195 -122.41644038571424
13934 37.73830393781012 -122.44128301755919
13935 37.74047143044722 -122.5073665504401
13936 37.78148257956531 -122.47757744602036
13937 37.74467989952466 -122.42809701552414
13938 37.72684270140939 -122.46724147509117
13939 37.7520205989212 -122.47967942047609
13940 37.784056038173894 -122.47686409750733
13941 37.76589601488955 -122.45615482517086
13942 37.71033196750917 -122.45056880682371
13943 37.80719567399647 -122.41712700860656
13944 37.769577308816835 -122.49026823541925
13945 37.7399879121921 -122.46772802368248
13946 37.74232329967457 -122.47009827735079
13947 37.76178252297269 -122.48612788702361
13948 37.8049450014239 -122.44982200222996
13949 37.718127215468854 -122.43966293198834
13950 37.804333435857416 -122.42655389299524
13951 37.722899799340546 -122.36008132721595
13952 37.75339950734177 -122.46947909608444
13953 37.73548899992345 -122.4150055980312
13954 37.777107185814074 -122.46288559809035
13955 37.78082597168613 -122.41104124582043
13956 37.80594104247411 -122.45492384594382
13957 37.727662505966855 -122.40099706507094
13958 37.71994294295288 -122.36005924614072
13959 37.771073600199735 -122.4843405190027
13960 37.78082265007685 -122.45918510661973
13961 37.73503533999995 -122.50714869791268
13962 37.74013099664726 -122.43200125498315
13963 37.77872948968523 -122.50413751933597
13964 37.74170160488876 -122.49669711924786
13965 37.719477492807215 -122.48129176586453
13966 37.730935660107306 -122.39735059553526
13967 37.72220909560733 -122.45758948028848
13968 37.727007766440124 -122.4097641227604
13969 37.75584910787958 -122.4074044524614
13970 37.74011915737243 -122.50144811252936
13971 37.7506492491956 -122.38920275790316
13972 37.74144657006305 -122.43307856956261
13973 37.765932914321816 -122.49763209485431
13974 37.78965127605679 -122.4471435778791
13975 37.775842163939366 -122.42847746537888
13976 37.769363372958836 -122.43041168729579
13977 37.72727236891131 -122.44325716752728
13978 37.75904793128455 -122.46962033412224
13979 37.7301227563123 -122.41421121537002
13980 37.77735295394704 -122.45661258538361
13981 37.780192963285124 -122.40876119269483
13982 37.718722034262875 -122.4106402478671
13983 37.744827976501085 -122.47933454251655
13984 37.777299852434204 -122.38576066642649
13985 37.74829692500789 -122.43330174473732
13986 37.73516967299392 -122.49277107097622
13987 37.791969471405594 -122.40090640135675
13988 37.779405976584016 -122.47437787404365
13989 37.790003319194476 -122.47950755211285
13990 37.710443637601635 -122.45585160950311
13991 37.714093002118545 -122.4130623272744
13992 37.77334754180368 -122.38929606372675
13993 37.724318468345764 -122.4054174559749
13994 37.75359551032224 -122.49131269347995
13995 37.789603926139385 -122.46948298490886
13996 37.72624910705446 -122.43538334256954
13997 37.791972274289385 -122.4648691254395
13998 37.70890627649447 -122.45820780010956
13999 37.73432494549014 -122.43034948417625
14000 37.717561907690076 -122.4856987866359
14001 37.74286516243022 -122.46068701043852
14002 37.71931344672621 -122.40635470752396
14003 37.723851322851836 -122.439218559586
14004 37.78706373595253 -122.46708227046167
14005 37.80090864554317 -122.41788880270254
14006 37.74660606641058 -122.44873780264966
14007 37.717312836042424 -122.48719602877422
14008 37.77256124095525 -122.45196382984122
14009 37.7497574616864 -122.49484293160111
14010 37.73818193907063 -122.4506519781818
14011 37.728933412125905 -122.48855505778276
14012 37.75824924338984 -122.45894760492378
14013 37.72091615074662 -122.41793413689415
14014 37.746384967593315 -122.46948069275253
14015 37.75538747154752 -122.42542610335195
14016 37.778823219274415 -122.4240993654525
14017 37.74650278993656 -122.4952732265565
14018 37.77890875367447 -122.4370036460429
14019 37.79857629779601 -122.41358311365985
14020 37.72986627008296 -122.44615410934162
14021 37.783271422484866 -122.47356379723031
14022 37.76014881989844 -122.39784211413132
14023 37.78397721260263 -122.41459832638702
14024 37.769089735417495 -122.45598771799595
14025 37.753148219628876 -122.47904429302459
14026 37.71991282957463 -122.41608932997528
14027 37.72568429111768 -122.36911617256473
14028 37.73891451513236 -122.46973675430951
14029 37.7519793675521 -122.41662735021893
14030 37.73176229082749 -122.44198441388399
14031 37.736376696769156 -122.48629356134805
14032 37.72311434268434 -122.50056536064795
14033 37.782726441842954 -122.45295985847827
14034 37.722534134795836 -122.4820717519901
14035 37.78244830073197 -122.39578142615977
14036 37.71018046303997 -122.40117940724859
14037 37.791188794784546 -122.41648547941139
14038 37.73395306832595 -122.44657313689427
14039 37.712275385601416 -122.42870910217339
14040 37.71756284497859 -122.46906612113295
14041 37.72235274866278 -122.4817311755726
14042 37.76986502711782 -122.45510082312049
14043 37.755513074492 -122.44356989443094
14044 37.80095950164441 -122.40613604537938
14045 37.732850560657965 -122.45264969164145
14046 37.71800047262524 -122.42270367810411
14047 37.779286502434395 -122.42319265328268
14048 37.73430060811786 -122.4547360024474
14049 37.7312408450565 -122.40482268092367
14050 37.747561035433634 -122.4548292092616
14051 37.79340547716569 -122.40207790594563
14052 37.75202168914362 -122.44078057597115
14053 37.78955014784804 -122.39506574455905
14054 37.759761646058124 -122.40468118453506
14055 37.71246013099958 -122.40532435428658
14056 37.71982243271165 -122.5000637922471
14057 37.739111568509216 -122.49029136188797
14058 37.721178208625396 -122.40215354943966
14059 37.746594678022966 -122.50326506997976
14060 37.78722256298279 -122.4659155354093
14061 37.788911593341766 -122.41460373482629
14062 37.77732649938784 -122.46130385639258
14063 37.75592911300268 -122.50518762641293
14064 37.72124729826963 -122.37343286658115
14065 37.77723563488765 -122.40096538811805
14066 37.73966398017709 -122.38632914377706
14067 37.80485546535248 -122.41516252613177
14068 37.72507053910884 -122.45916065829009
14069 37.78018931521272 -122.48694275081128
14070 37.80579704215476 -122.45482004934827
14071 37.799469389109404 -122.4630631507093
14072 37.762938155533305 -122.45361888891463
14073 37.72673825643996 -122.50075622716194
14074 37.726493902316086 -122.3952560980602
14075 37.72982264964779 -122.36689290072673
14076 37.73780782561474 -122.39235632689991
14077 37.732246609273545 -122.40223312491106
14078 37.7176523105962 -122.48618712296071
14079 37.74208112535418 -122.45249684277339
14080 37.75879250272812 -122.47394481169395
14081 37.762987522816275 -122.40910680684968
14082 37.804829392870865 -122.41082750833377
14083 37.80226377372201 -122.43549156826822
14084 37.74526128112103 -122.46914773167498
14085 37.8063127260892 -122.44056677771778
14086 37.77206080936928 -122.3965175251735
14087 37.73493950355894 -122.43186850873857
14088 37.76849442790786 -122.403571154906
14089 37.741301672030175 -122.47680370296175
14090 37.70977433159087 -122.4131317837601
14091 37.74256330016179 -122.4617215011491
14092 37.72564877524038 -122.4213175916311
14093 37.72057517941789 -122.45429804273545
14094 37.72477350038742 -122.36345487672244
14095 37.75892369722836 -122.38443729311963
14096 37.742475664039304 -122.37367366201693
14097 37.769242881990955 -122.48517797360883
14098 37.77384190940929 -122.46506207336252
14099 37.72794195036371 -122.42854623635554
14100 37.73225817726028 -122.4751827196066
14101 37.78759777877745 -122.48593202567588
14102 37.728932971767414 -122.41338581057873
14103 37.78602583620342 -122.48464528522523
14104 37.73834956790029 -122.42516553777986
14105 37.71447727888707 -122.45191272316116
14106 37.803275289861965 -122.44949370074868
14107 37.71855508738208 -122.43701095182067
14108 37.75257351715874 -122.39627105353362
14109 37.71803913059976 -122.38049727577399
14110 37.7245008953821 -122.49035468065301
14111 37.7606910022699 -122.49620372874182
14112 37.79802735726089 -122.41748519782134
14113 37.72549146042441 -122.46030365782686
14114 37.729489008373214 -122.4728053326257
14115 37.801096068997026 -122.45534192720609
14116 37.758054446668595 -122.39458719503389
14117 37.770139703041515 -122.43144582367825
14118 37.726268944446396 -122.47505879688057
14119 37.710496956499085 -122.385862576876
14120 37.78644242801608 -122.46407651576195
14121 37.77589317076699 -122.43187277318818
14122 37.740882097437755 -122.46369060428857
14123 37.71260891637915 -122.41426517674914
14124 37.732924459921776 -122.41048469218025
14125 37.80426694816195 -122.42419296980931
14126 37.76852036050625 -122.43310714062817
14127 37.80391705452543 -122.4093581147123
14128 37.70958570540532 -122.40355571130242
14129 37.749031302441004 -122.41414891966639
14130 37.737850139809275 -122.48284582812532
14131 37.71437566339641 -122.44036576577079
14132 37.73427911560408 -122.50301119904327
14133 37.753142316700234 -122.44063976067464
14134 37.74558290926626 -122.42426857809718
14135 37.72416858366306 -122.3995677459219
14136 37.73510999623264 -122.3899808993837
14137 37.71780466243442 -122.47261581510969
14138 37.75090168383321 -122.45630253279114
14139 37.719977983717946 -122.36340307510528
14140 37.72894450641268 -122.48552640153787
14141 37.754808289137515 -122.40728167719483
14142 37.730664550880874 -122.37819975891573
14143 37.79185177671148 -122.48003687547678
14144 37.71898025546328 -122.42969554679871
14145 37.7798539637741 -122.41118816022835
14146 37.79127204710683 -122.44464205201159
14147 37.79420212717296 -122.43085800094605
14148 37.75620864245506 -122.48963361418167
14149 37.8074175482451 -122.47433668725756
14150 37.74312695556805 -122.44348535015882
14151 37.784188239679885 -122.40403235714174
14152 37.75695176782479 -122.4700992739207
14153 37.75560400264847 -122.40269107751521
14154 37.76565538126818 -122.46267663964194
14155 37.74977857813263 -122.48637035766029
14156 37.77146389318621 -122.48944023489805
14157 37.74953458713558 -122.42223660501624
14158 37.709003299530394 -122.39758800386447
14159 37.76942612752866 -122.4050934470158
14160 37.76345202560015 -122.45113829878134
14161 37.765926264851885 -122.414236133557
14162 37.76338249093908 -122.44078015315158
14163 37.73150155210095 -122.48410548603542
14164 37.77782371056051 -122.48740397600226
14165 37.769724144630295 -122.38573504103402
14166 37.79159166334355 -122.48255706065437
14167 37.754681642748615 -122.49476135365836
14168 37.7453308592822 -122.4830782125679
14169 37.74541137004513 -122.41030354682759
14170 37.764654354942465 -122.42169832735264
14171 37.777819405694814 -122.38531450541966
14172 37.785743596989896 -122.41495843680345
14173 37.770274478368854 -122.48833430220456
14174 37.76807508776536 -122.42459588216248
14175 37.78590525662147 -122.40691197258343
14176 37.76400789929827 -122.39705323923113
14177 37.7170420956686 -122.45037993675253
14178 37.75969019241977 -122.46342066135735
14179 37.72516531822922 -122.47807061544454
14180 37.76235634872588 -122.43475952546507
14181 37.748200623325076 -122.45259115917864
14182 37.72795517196046 -122.3607020041017
14183 37.778332383844514 -122.44182526498167
14184 37.79042202005659 -122.39737045620744
14185 37.79078249524395 -122.45903296912766
14186 37.76970064110591 -122.44873621272322
14187 37.7769533095118 -122.50535635793305
14188 37.76755891008353 -122.46851981271875
14189 37.734457478511054 -122.46417253236432
14190 37.71335298374694 -122.38638080838652
14191 37.72983896310431 -122.43479083562033
14192 37.73673339096367 -122.45121359301544
14193 37.71582039703699 -122.46239340183257
14194 37.7227320413924 -122.46850247471023
14195 37.71214539096004 -122.46119471511724
14196 37.70841940691272 -122.46171631546237
14197 37.787597574697024 -122.47684039345447
14198 37.724803085647906 -122.4787010830046
14199 37.71130941303324 -122.47320638284162
14200 37.78710135738131 -122.49765787461381
14201 37.78270964286233 -122.45533424189519
14202 37.74788946740197 -122.41530886242097
14203 37.73301048384236 -122.39677082483918
14204 37.78127842333577 -122.41268820426815
14205 37.762139058154126 -122.48718817153298
14206 37.7985456483986 -122.44915342274986
14207 37.755933435501596 -122.49658888960228
14208 37.76255252381538 -122.47572658795627
14209 37.77356803462517 -122.47538103298449
14210 37.78573633415573 -122.49501661413757
14211 37.73320001095048 -122.425599825987
14212 37.71318810039489 -122.41402188372871
14213 37.74486043443985 -122.43874133688377
14214 37.778031155548355 -122.46877879524348
14215 37.790569626176556 -122.42317138334207
14216 37.80125461527537 -122.46894363853352
14217 37.79354285903743 -122.47841547918264
14218 37.77239505874803 -122.4674809116089
14219 37.75717147956353 -122.40217998932714
14220 37.742107691811185 -122.4016879089072
14221 37.74600046136624 -122.37887239114295
14222 37.7977094661714 -122.42730343746845
14223 37.73180477451073 -122.42030621068707
14224 37.790123990940515 -122.44970228356216
14225 37.80133532184773 -122.47988930661039
14226 37.748801705023396 -122.38824108440025
14227 37.74599733899847 -122.49101724778363
14228 37.73804022759283 -122.49753296335557
14229 37.79194477153471 -122.48231842009986
14230 37.73099072856302 -122.46328511643414
14231 37.77512787083938 -122.40898909671672
14232 37.74329836167115 -122.46739862561408
14233 37.733875243756295 -122.38442730481324
14234 37.72560987448861 -122.46505257115899
14235 37.75980711971915 -122.50549053937502
14236 37.746975212337574 -122.41986769458708
14237 37.75894623986121 -122.41823799666928
14238 37.74596806421983 -122.37576965593756
14239 37.805833435827914 -122.47528265949529
14240 37.73176290647086 -122.44090514927677
14241 37.75003169842282 -122.398345117146
14242 37.77882144785499 -122.39748058349733
14243 37.712356053453846 -122.43993848117555
14244 37.77558759112742 -122.47513180557671
14245 37.80386486865602 -122.45977075360169
14246 37.756691162768185 -122.39142664929017
14247 37.71538335109292 -122.38672296034453
14248 37.74002168718116 -122.38064401883088
14249 37.794206989875256 -122.43380358135143
14250 37.71166867020005 -122.41325451027537
14251 37.73130065583356 -122.49392902714385
14252 37.72127766993182 -122.44230745267487
14253 37.73035878172855 -122.42518063310126
14254 37.79272562967491 -122.43136273178601
14255 37.805109126559024 -122.40709429393036
14256 37.712208053285046 -122.42367133919618
14257 37.71911970066809 -122.47764863346985
14258 37.79450776378819 -122.45458156853448
14259 37.79821317839345 -122.44194823986483
14260 37.7876088341376 -122.48230488857344
14261 37.729181080948024 -122.42233330341428
14262 37.724937358657584 -122.40052433770168
14263 37.7232687299455 -122.42074096229447
14264 37.74289161244174 -122.38890123048918
14265 37.75206778702247 -122.43836767616476
14266 37.77234775680545 -122.42358128309256
14267 37.79115418993813 -122.43078397696996
14268 37.73305036460194 -122.412958632801
14269 37.779250252601855 -122.44650584276901
14270 37.75829435238744 -122.390647840411
14271 37.79899625094513 -122.45677595869435
14272 37.73499863334898 -122.41125610928198
14273 37.71547789286962 -122.45724789848892
14274 37.786508394061144 -122.45129392578194
14275 37.74210924510563 -122.37475463527267
14276 37.73201211263806 -122.48774107145836
14277 37.710960785817356 -122.4857269978501
14278 37.80479101707565 -122.47791924530105
14279 37.713841941049324 -122.40377794920452
14280 37.75661574704842 -122.46788796190808
14281 37.73876090651685 -122.46344018287105
14282 37.70931006125298 -122.47814591912042
14283 37.72788555806372 -122.36359935408848
14284 37.78190005137707 -122.43015404266035
14285 37.77411923062174 -122.39303559618172
14286 37.773575126053196 -122.39449105603106
14287 37.780691079024265 -122.44040909497805
14288 37.79596122347111 -122.44691978432388
14289 37.7525248033105 -122.42182505287454
14290 37.803936025037885 -122.47297514734079
14291 37.758134957666435 -122.44857598711955
14292 37.71179671378937 -122.40614389320307
14293 37.71419881513178 -122.47579424448858
14294 37.79849398221969 -122.4036468379784
14295 37.79036184826139 -122.4209558014612
14296 37.7263479903543 -122.43913989416069
14297 37.71965619402307 -122.45234071342186
14298 37.77356665371862 -122.46251089503919
14299 37.74847667632435 -122.50470168923415
14300 37.798189132446076 -122.415315385174
14301 37.75233752240883 -122.48702813025422
14302 37.790260335460005 -122.48396948086668
14303 37.75772473958101 -122.39693388570427
14304 37.79613181680857 -122.3933146284543
14305 37.729797686126275 -122.42594742499436
14306 37.710152584956724 -122.46663419897907
14307 37.76519508651173 -122.47513768249766
14308 37.783645142296166 -122.43316713900568
14309 37.711560253305386 -122.41767110238914
14310 37.78437939643821 -122.40095969372193
14311 37.74620973794827 -122.41173727926605
14312 37.79560242698678 -122.40925422974799
14313 37.73891328731153 -122.48031201925065
14314 37.771993260358926 -122.5026450911005
14315 37.752668450201256 -122.44333512670518
14316 37.795733763156186 -122.47407604431987
14317 37.80393468194331 -122.40532310810747
14318 37.70991522865839 -122.50199899834692
14319 37.797618023433216 -122.44492498017759
14320 37.789337276554505 -122.43240177284582
14321 37.772323913570176 -122.39814443771031
14322 37.75559420112854 -122.38786079602437
14323 37.75888538996448 -122.46733535175517
14324 37.791613456107484 -122.39566039194011
14325 37.75904795649113 -122.46815821593759
14326 37.79056638207671 -122.4815037266854
14327 37.7401691132764 -122.4964323730673
14328 37.802294080013596 -122.43630112336376
14329 37.764529819392905 -122.40270999163836
14330 37.785167669332075 -122.3950466730605
14331 37.76529644509687 -122.49066203313384
14332 37.79747452455393 -122.40945395736311
14333 37.77109967365575 -122.449696933171
14334 37.76742339683399 -122.39222045923887
14335 37.734999009254295 -122.48493624291086
14336 37.72723845381229 -122.43120071641843
14337 37.72850515333489 -122.41396564949467
14338 37.7558945520112 -122.45298736139952
14339 37.73248204542038 -122.40315041408383
14340 37.72513095064124 -122.4848833826242
14341 37.72797793846482 -122.47421593556575
14342 37.794869996171045 -122.41597879177316
14343 37.742820642659744 -122.44779869608368
14344 37.74293800510567 -122.48396947737831
14345 37.759369815135095 -122.5010134317643
14346 37.76728914178687 -122.484137727357
14347 37.75961220155045 -122.45301863787067
14348 37.8007956799976 -122.45805984493295
14349 37.79453948548978 -122.4747550475594
14350 37.73467303661336 -122.4747106611575
14351 37.75314140699028 -122.47381976329804
14352 37.75487307637349 -122.509090201435
14353 37.73400298984215 -122.40447885119062
14354 37.723112221878914 -122.40407776382577
14355 37.7493178010854 -122.42042104257317
14356 37.74046049058288 -122.46572330261557
14357 37.794130282966485 -122.43690163974009
14358 37.79748537572563 -122.46356323169177
14359 37.71814215770846 -122.49089076262803
14360 37.73263984826338 -122.42871727323009
14361 37.73669567130471 -122.43525972277348
14362 37.779688079961865 -122.39634880555414
14363 37.76967767866122 -122.50899891230173
14364 37.802772599636526 -122.40821625345933
14365 37.738906620259336 -122.48862978889667
14366 37.71699669905345 -122.43021171259076
14367 37.735732225304744 -122.47419753750451
14368 37.750808126717395 -122.48260585261724
14369 37.74509305561316 -122.43736458207759
14370 37.75588758574352 -122.46914379781039
14371 37.75312543273613 -122.38233007053955
14372 37.72385047260109 -122.46025163530388
14373 37.709574470466215 -122.40267101006063
14374 37.70852573199013 -122.45524653210144
14375 37.747992800090024 -122.40881987025496
14376 37.74958306169684 -122.4615687876497
14377 37.7976586095759 -122.41835910826076
14378 37.74301914499912 -122.39674866451846
14379 37.77881296030919 -122.51056676834537
14380 37.78063503823083 -122.45006417438758
14381 37.75277326139641 -122.45479085962174
14382 37.7596117151611 -122.48175393180351
14383 37.7173282008601 -122.4535679543252
14384 37.76685616394703 -122.4241195648002
14385 37.75873676596509 -122.42396467727818
14386 37.735966802498105 -122.42354799744821
14387 37.776857503024004 -122.50798494517956
14388 37.77274586076977 -122.49171512926335
14389 37.756813920841836 -122.45058224822219
14390 37.71953569986127 -122.38820765074948
14391 37.758908225501855 -122.44004134104323
14392 37.75640068225101 -122.41570700305259
14393 37.79612669899496 -122.39351787747201
14394 37.76406207421082 -122.38915697008663
14395 37.7132206876904 -122.43380933871103
14396 37.75286462455496 -122.42391583022653
14397 37.75471626602797 -122.42928739595455
14398 37.719002624545624 -122.36115397550772
14399 37.80541022006452 -122.42347504349401
14400 37.7155463110865 -122.49006022937411
14401 37.786447271617284 -122.45567048990691
14402 37.749821282672976 -122.50467450699041
14403 37.73319788663302 -122.44885470944675
14404 37.713922477526964 -122.40285838132658
14405 37.76908110900823 -122.4584797648604
14406 37.7187458978955 -122.47113927826898
14407 37.7596718496037 -122.47661371773488
14408 37.7214670446306 -122.42579223723853
14409 37.72214314294946 -122.44350272965181
14410 37.785638243410204 -122.44936174940464
14411 37.78634048417165 -122.42211829193465
14412 37.75096608519946 -122.46485981921994
14413 37.736965472436694 -122.4098667526889
14414 37.78173175950983 -122.4581935951019
14415 37.720119242764255 -122.50114526773578
14416 37.759199311997975 -122.45912221544602
14417 37.71385010232957 -122.44050560371622
14418 37.76594103842513 -122.50383707835726
14419 37.71123517438708 -122.43932764442751
14420 37.795192886507195 -122.46133831098034
14421 37.734504921177745 -122.42091519185325
14422 37.711222399718935 -122.48000790675496
14423 37.709977000823464 -122.47037227070906
14424 37.7431997640781 -122.37487991368216
14425 37.73266714905863 -122.44393787240753
14426 37.77565192862448 -122.46486230599263
14427 37.76153336919904 -122.42724454751884
14428 37.75692937398025 -122.50547274933162
14429 37.72078557314535 -122.4163691478198
14430 37.763774425526854 -122.44674177403807
14431 37.72707028457843 -122.44504362547444
14432 37.7731493633061 -122.47112761200864
14433 37.7333410916809 -122.4032275280115
14434 37.761549670874466 -122.41568622048719
14435 37.80522688395658 -122.46936176695122
14436 37.804670756074245 -122.40456806185895
14437 37.71442065544646 -122.46822739926604
14438 37.73100502878376 -122.37737149413368
14439 37.767818971734904 -122.495995392821
14440 37.76123207305989 -122.46146951896576
14441 37.775988043523874 -122.49056985161182
14442 37.76129668256063 -122.41081455471266
14443 37.79873040445112 -122.44032734173119
14444 37.771570782224465 -122.46611689605355
14445 37.76183354823862 -122.39159837994447
14446 37.74721179236206 -122.50565170010303
14447 37.782733399716996 -122.39306328311311
14448 37.78271355484942 -122.42447646323323
14449 37.71387059547073 -122.42080797708553
14450 37.74311045768169 -122.41468285273194
14451 37.71684039182635 -122.49819510084026
14452 37.761245486782215 -122.4187867963353
14453 37.78651675950884 -122.49363820306621
14454 37.745885133150246 -122.39936227322714
14455 37.78033311975715 -122.49980879370676
14456 37.71022566775894 -122.41940378216007
14457 37.79031133321343 -122.47174336245332
14458 37.803270532724284 -122.4237351923287
14459 37.72499938877838 -122.45763713180932
14460 37.801276310664115 -122.44062658322584
14461 37.734385502914556 -122.39763840174277
14462 37.75314272279366 -122.50270141522243
14463 37.71498300581151 -122.50275473135221
14464 37.76112991179768 -122.4131111731537
14465 37.74434442043746 -122.48197967016333
14466 37.78102635749186 -122.47672030198672
14467 37.73786300208877 -122.38926909409933
14468 37.758053010058056 -122.41380462696954
14469 37.79609085689804 -122.44985387014303
14470 37.773213721639884 -122.38980694237827
14471 37.77935499820454 -122.49392728216615
14472 37.792814448741375 -122.43735218651507
14473 37.72293173657328 -122.38283718054474
14474 37.71818457383237 -122.4713027514887
14475 37.792915469378464 -122.41632686648781
14476 37.7210202707953 -122.41435708092091
14477 37.78350669177307 -122.39651795205845
14478 37.78676969918497 -122.50299317694238
14479 37.73209252751488 -122.36329411831234
14480 37.752406106814995 -122.46292153945224
14481 37.777245242619735 -122.38620813848055
14482 37.7865895030116 -122.48027309930018
14483 37.759316995106325 -122.44556842981125
14484 37.733480235131914 -122.3848067110833
14485 37.79218351547704 -122.45919516240552
14486 37.78418052388685 -122.5037898673579
14487 37.75180911634847 -122.44420977175798
14488 37.757632868550125 -122.39367164326106
14489 37.71355772610273 -122.50038505468574
14490 37.74895890198357 -122.38454096063317
14491 37.781235111203486 -122.40753616391984
14492 37.80462702222889 -122.47015522055666
14493 37.75467285751301 -122.46495805067146
14494 37.79946118197678 -122.46365343353028
14495 37.739819416395406 -122.47581814115452
14496 37.7176506249292 -122.47676075511404
14497 37.78779551614039 -122.42011972576852
14498 37.7544892640553 -122.45950224649097
14499 37.75972840262938 -122.3897470802071
14500 37.799548117469236 -122.47603447475294
14501 37.731499992075 -122.48720021705324
14502 37.7157939788354 -122.44851107377762
14503 37.79254720114691 -122.4334693791517
14504 37.78590621670796 -122.41586745022437
14505 37.802705201404514 -122.47614658686666
14506 37.778884918196404 -122.46400811020474
14507 37.80231470465662 -122.4491948499503
14508 37.7530867753162 -122.43124331374007
14509 37.7258876015983 -122.37475855151531
14510 37.73712868491322 -122.41650311022681
14511 37.7191587285384 -122.44747981557998
14512 37.75958518709657 -122.40475726162201
14513 37.73425602687138 -122.40356921486399
14514 37.70933948156701 -122.45308869511717
14515 37.758223532123644 -122.42047888866021
14516 37.7186798157624 -122.41569439705658
14517 37.801379443047885 -122.42385028242923
14518 37.788571887091805 -122.4093569866269
14519 37.764285078547964 -122.4324980255887
14520 37.740819432585155 -122.38532514454937
14521 37.7887841243716 -122.38885816427326
14522 37.7908194704933 -122.41375854150584
14523 37.72796372024038 -122.37313245803
14524 37.710063731311614 -122.47644502152171
14525 37.78168801721279 -122.41382144674024
14526 37.77094894437369 -122.48730502949482
14527 37.72019283384845 -122.47575983229524
14528 37.736734761816734 -122.50579039861435
14529 37.74815859452778 -122.43805033896025
14530 37.78779226601672 -122.48496042556629
14531 37.79025117888978 -122.4687918213381
14532 37.77037403092148 -122.39916310063123
14533 37.790638293033986 -122.44277066611413
14534 37.7929071304475 -122.4571824403673
14535 37.78611354999621 -122.38602268473126
14536 37.75967883415225 -122.48823241216567
14537 37.76610240163726 -122.39775406954281
14538 37.77449274227073 -122.38584089100424
14539 37.71177467639481 -122.38953033659031
14540 37.751932774654534 -122.44777670870641
14541 37.78702664296352 -122.482294128074
14542 37.75178223742033 -122.38778520685206
14543 37.74731216750055 -122.48907366935073
14544 37.76128131377968 -122.41867844244506
14545 37.72701179413322 -122.3634935987535
14546 37.76911698840952 -122.48476810812804
14547 37.719475919602914 -122.3746091286082
14548 37.77646910934723 -122.45458799627275
14549 37.729373117146764 -122.49293406084796
14550 37.79159859924004 -122.39841281618574
14551 37.72567886909417 -122.37815606627554
14552 37.72198149888158 -122.39509270655783
14553 37.71500092710512 -122.39758374357348
14554 37.79620266261327 -122.42220309867147
14555 37.728548810986425 -122.37220843227476
14556 37.73059272880377 -122.40235563719952
14557 37.747656957550625 -122.41534909591927
14558 37.7672309350229 -122.4536000176671
14559 37.76217624724511 -122.4658613934566
14560 37.73119528220623 -122.44685127678751
14561 37.711376160302564 -122.44643728252605
14562 37.71118334546894 -122.45849500331569
14563 37.75881148778477 -122.45235997545709
14564 37.779504872297736 -122.41469097346366
14565 37.71084992574585 -122.39705766937341
14566 37.79915853421992 -122.4443152044348
14567 37.71400645869523 -122.39693547035672
14568 37.71037283599781 -122.4205155559779
14569 37.79940979129573 -122.48111660002499
14570 37.72867353370284 -122.40835058803654
14571 37.72661315145983 -122.41449226921236
14572 37.798276125251746 -122.41883388437347
14573 37.77116416009902 -122.44607904903008
14574 37.77968437700131 -122.4890294325695
14575 37.75653878049802 -122.39044632765919
14576 37.75767651924124 -122.39715955801516
14577 37.71682035567564 -122.4236745783446
14578 37.768508908201085 -122.4793072946895
14579 37.728354740348884 -122.44320476757719
14580 37.74367593663843 -122.42470609051436
14581 37.77446189887305 -122.44858357598238
14582 37.79350835143937 -122.44228149641849
14583 37.76325040134684 -122.45766673445969
14584 37.774479355137 -122.45795221656707
14585 37.72859779905075 -122.41909576259157
14586 37.726765518552085 -122.42700442178419
14587 37.80052212266879 -122.39763665184111
14588 37.71657324293132 -122.45347712186935
14589 37.74602417588897 -122.46839602943601
14590 37.79718122800227 -122.44652245462083
14591 37.730167026309154 -122.36963027101962
14592 37.74534984997498 -122.43005064672022
14593 37.710026912417575 -122.47283827130036
14594 37.77069140557744 -122.38867491766278
14595 37.72655899309466 -122.43159984071912
14596 37.74065782771047 -122.42947499799406
14597 37.733040566993516 -122.46956663240731
14598 37.80395983926545 -122.412734759086
14599 37.80572091092973 -122.40614594713941
14600 37.798353970185886 -122.42006200012098
14601 37.753386717243764 -122.48216870910402
14602 37.73476140566563 -122.4949682617224
14603 37.7331439708303 -122.37588959718225
14604 37.76644591198409 -122.44081906649967
14605 37.73782294307321 -122.49832587688135
14606 37.74664726744842 -122.42284250870358
14607 37.71387201888759 -122.43770436297297
14608 37.7540446298602 -122.48698846492668
14609 37.737648645372865 -122.46053422593312
14610 37.78674977650602 -122.4298708419002
14611 37.780975191604654 -122.43037374907676
14612 37.799459680080524 -122.45233049701616
14613 37.77321663600497 -122.50198146175353
14614 37.71402419822711 -122.4244679953238
14615 37.80241289417046 -122.43887472923561
14616 37.72961992281612 -122.4372735539562
14617 37.80563130256769 -122.45263114193673
14618 37.77621553202156 -122.44162670428223
14619 37.78665907356147 -122.47183205823633
14620 37.708888736894224 -122.39750039384718
14621 37.74765965608094 -122.43906267422807
14622 37.76182809996184 -122.45981413479808
14623 37.778222743805806 -122.48117753879029
14624 37.76153985913095 -122.44169193194318
14625 37.75973433052407 -122.4803628681172
14626 37.72332243118698 -122.491013594724
14627 37.72462071650427 -122.47743756346628
14628 37.75432159758429 -122.4305707326127
14629 37.747345931491346 -122.48633558519157
14630 37.709056842781216 -122.48075422218339
14631 37.74022529874329 -122.49954131266935
14632 37.724773227119336 -122.41398550516863
14633 37.80237011681259 -122.47740030028433
14634 37.773358019171646 -122.4664587118296
14635 37.73087002415101 -122.46655092409573
14636 37.75749664947172 -122.46317939192153
14637 37.7761956856418 -122.41659491219065
14638 37.77807359371349 -122.41867689849212
14639 37.77967771249577 -122.50207936512574
14640 37.73878438435968 -122.4233690377311
14641 37.7988557629803 -122.41791284024525
14642 37.73495805526787 -122.43724363314517
14643 37.731144645685795 -122.40395085099786
14644 37.77611884026399 -122.47934658739294
14645 37.716333379877895 -122.47648155309156
14646 37.71483434493651 -122.48139954200214
14647 37.78297144895045 -122.41164451898861
14648 37.77793922246634 -122.51252529131642
14649 37.74169613425109 -122.49141889644665
14650 37.71147649738231 -122.42976396254025
14651 37.754486118982626 -122.4066190880591
14652 37.77116760300319 -122.40759592416065
14653 37.71865514114485 -122.39253337382847
14654 37.72368277914431 -122.38056392922844
14655 37.76697078079498 -122.46063754235364
14656 37.72398136676564 -122.40770930200497
14657 37.801432917554514 -122.40576073564718
14658 37.71526263022556 -122.40062237710136
14659 37.73170330017343 -122.472969357948
14660 37.758359200826206 -122.38324560203787
14661 37.71873868749642 -122.48359576911433
14662 37.78460051239809 -122.45184153145786
14663 37.73713679583701 -122.4254696655068
14664 37.789890759369335 -122.43798444167324
14665 37.716442674569834 -122.48377793748357
14666 37.7841359207617 -122.42507659414417
14667 37.79785993210757 -122.4120853910653
14668 37.77955360473379 -122.41105507013113
14669 37.7615210556942 -122.46837118616271
14670 37.78061409675367 -122.50288071100094
14671 37.70910525997961 -122.40762331179549
14672 37.724501792764066 -122.47412408373931
14673 37.791178012352 -122.48272329479795
14674 37.77453276689944 -122.46258246037397
14675 37.73914879440402 -122.47070391313271
14676 37.73422669238775 -122.50631787768094
14677 37.71870907819615 -122.41026138824779
14678 37.765036779987284 -122.39145526765199
14679 37.73778895374414 -122.49851912416379
14680 37.714195269566936 -122.46049115158817
14681 37.78375672302478 -122.51250099295683
14682 37.72797489704119 -122.46022593257165
14683 37.729742371183384 -122.50541184216148
14684 37.734770605966055 -122.41745974801816
14685 37.75077844243053 -122.43356759315108
14686 37.727883330251686 -122.43254967143773
14687 37.731520362471635 -122.42889259795439
14688 37.806858680780564 -122.47116725347585
14689 37.71974359902977 -122.36147757408337
14690 37.729039719691706 -122.37556842164511
14691 37.73570562092582 -122.43007681076953
14692 37.71643670687562 -122.40665611695223
14693 37.77523332894821 -122.45011533864962
14694 37.78721719690464 -122.45775728705277
14695 37.73629910266864 -122.38375801281022
14696 37.716697940480515 -122.4168221276164
14697 37.741327632463324 -122.4469589959792
14698 37.72522135871599 -122.36149308491856
14699 37.79334544917698 -122.45957030801047
14700 37.75840034122619 -122.43146360698987
14701 37.76800252106817 -122.43383042746525
14702 37.75376003596811 -122.45317596394871
14703 37.79857933987978 -122.39635110075598
14704 37.79946748086369 -122.40076495487122
14705 37.76437372136026 -122.42418100573555
14706 37.75190752371664 -122.4780356131984
14707 37.76991818480542 -122.51193714127575
14708 37.73142756701632 -122.41041755042876
14709 37.76669010392369 -122.43349914076708
14710 37.78094707746497 -122.50367046676796
14711 37.71911855693804 -122.43931826527866
14712 37.78372901768158 -122.42518437958326
14713 37.7122662033721 -122.41686994555609
14714 37.73317037842084 -122.48409772127724
14715 37.80261331634102 -122.46974058845926
14716 37.80441076415439 -122.42620568552833
14717 37.74827089588088 -122.4076211315029
14718 37.7396691756574 -122.45879193763714
14719 37.77459175342343 -122.4211134408525
14720 37.723806049490406 -122.45948773955283
14721 37.7374581165145 -122.37950218738911
14722 37.712213778471096 -122.3853215842806
14723 37.7153901514982 -122.38983117067045
14724 37.71660899105781 -122.4998337449466
14725 37.74273928907518 -122.44152293004377
14726 37.75267759547169 -122.48153879462967
14727 37.72169731143288 -122.35973404724663
14728 37.78848489869772 -122.40281075927746
14729 37.73693954593263 -122.41657638264815
14730 37.748774500442224 -122.44476435881255
14731 37.71677510224314 -122.4884104361394
14732 37.709972676864815 -122.3831973852742
14733 37.77959109750426 -122.39762193233345
14734 37.7466579917948 -122.47549181582842
14735 37.789365114704765 -122.44750327849577
14736 37.73820900936464 -122.45323734679332
14737 37.7492725105266 -122.47529869939561
14738 37.765322660699844 -122.45181845037159
14739 37.768848565023774 -122.4459692475206
14740 37.7227129023958 -122.45269926293616
14741 37.73959085546844 -122.40386452787094
14742 37.80552629168769 -122.47072784019937
14743 37.73554556098111 -122.3905790749653
14744 37.734764395968 -122.44382016398336
14745 37.7298693359965 -122.42891021230857
14746 37.78600335437266 -122.48693605360515
14747 37.738172701583665 -122.4475862000318
14748 37.768923484465844 -122.43067043864225
14749 37.777297050791894 -122.45458885107661
14750 37.74135325110112 -122.39608297979314
14751 37.78573184034525 -122.4291285541693
14752 37.72502642208698 -122.48683207771477
14753 37.752786765217195 -122.45787309073673
14754 37.741477107347585 -122.45932607305367
14755 37.79663198008858 -122.43717108025521
14756 37.71500476721316 -122.39814262393539
14757 37.74848774381321 -122.48030502298494
14758 37.71536578394892 -122.41649609687595
14759 37.75447172922173 -122.459490337264
14760 37.789635476740266 -122.42382112654475
14761 37.76674826079117 -122.39581734473214
14762 37.79831165752967 -122.4116424231114
14763 37.725980318560964 -122.44939085577914
14764 37.758264068128014 -122.43341598750644
14765 37.72911091562958 -122.46139173083417
14766 37.79069077527649 -122.41393139876824
14767 37.72989203969417 -122.48577549700722
14768 37.73869306569311 -122.43172463793546
14769 37.769573869301745 -122.47121106908943
14770 37.796024953340826 -122.43697519952005
14771 37.74765468708251 -122.41371882820089
14772 37.75053150233612 -122.50271812508822
14773 37.79716399525066 -122.41266833171757
14774 37.79228603390074 -122.47232272672699
14775 37.79212226108079 -122.43956626885327
14776 37.71672478371936 -122.42051628068741
14777 37.75911306216683 -122.40311519981452
14778 37.77690931278379 -122.46070849488129
14779 37.729547839655304 -122.46540938208831
14780 37.77182151731339 -122.48639178317364
14781 37.764313444974505 -122.50477743037322
14782 37.78143800890129 -122.40538428223758
14783 37.71142655993534 -122.4210609227304
14784 37.756320896619634 -122.38959641692036
14785 37.7546626899576 -122.41720613028208
14786 37.77671728686889 -122.4993110531627
14787 37.71644280765265 -122.48613738367757
14788 37.76302873815171 -122.44944292788324
14789 37.770190393118 -122.39713220910936
14790 37.78678702028437 -122.39315001594719
14791 37.74764766392876 -122.47176954201755
14792 37.722628790100856 -122.39605828195357
14793 37.779639707724535 -122.44857607661916
14794 37.769781752896094 -122.40996526787761
14795 37.74206424005974 -122.43748236884888
14796 37.75332078566109 -122.43046201800584
14797 37.775143346135614 -122.42812247265053
14798 37.75661900440311 -122.39276534640454
14799 37.73062966246716 -122.50570609416566
14800 37.738091356053 -122.50782462416963
14801 37.70985076722405 -122.46154858658521
14802 37.71163368336071 -122.38224015689613
14803 37.7880643746268 -122.39621415960092
14804 37.71622361864907 -122.39952350804806
14805 37.724960236642914 -122.4736604396858
14806 37.80447319554783 -122.41158204923667
14807 37.74323024192107 -122.45576399674282
14808 37.712249418730515 -122.47241579908864
14809 37.73451848093704 -122.37974625432385
14810 37.782107516950454 -122.50343580967362
14811 37.79212673643674 -122.4258543562728
14812 37.78663327857031 -122.39933635233233
14813 37.786968706032226 -122.49023535238662
14814 37.71147485905312 -122.45137493666743
14815 37.798743897216724 -122.47946949469083
14816 37.785996787621585 -122.43230952514267
14817 37.72194029315164 -122.46171207668107
14818 37.72254685269743 -122.48006197491549
14819 37.76869976894466 -122.46912153787123
14820 37.72929451165368 -122.3812402856959
14821 37.751176634523105 -122.50734888723048
14822 37.736769302137866 -122.43233176382286
14823 37.75916874340433 -122.45631357235892
14824 37.77083831335978 -122.45327077128735
14825 37.806660340372964 -122.449238414717
14826 37.721309421513055 -122.43546525338571
14827 37.72580578784929 -122.46436157198795
14828 37.74593530750966 -122.49132740638952
14829 37.77477114180136 -122.50093645242866
14830 37.76897182640176 -122.49294044909216
14831 37.766439665206725 -122.48621873239037
14832 37.77587470075651 -122.50491662461806
14833 37.7514906691824 -122.50447700876677
14834 37.73235254594268 -122.37038082927087
14835 37.74641732911622 -122.46396956757881
14836 37.768348432470304 -122.4375686951224
14837 37.74793155346902 -122.41101441161354
14838 37.781072957621866 -122.42098604577102
14839 37.78668019496542 -122.49463922088873
14840 37.72521507064982 -122.44994310265376
14841 37.762982603303676 -122.49600084436503
14842 37.75093131488305 -122.41433677972701
14843 37.74672840852126 -122.40520241095852
14844 37.79577676555006 -122.45047357980427
14845 37.74182200749884 -122.38480717834568
14846 37.710810179406884 -122.4214100102188
14847 37.710181737187625 -122.49564569027683
14848 37.763659744699716 -122.4615249575023
14849 37.71896097090343 -122.40761098011983
14850 37.74270564917981 -122.38389417484574
14851 37.73999884689156 -122.43095064912143
14852 37.745559752215364 -122.4423603836944
14853 37.794244503443345 -122.46820256027374
14854 37.770063716070595 -122.50534088876711
14855 37.74297180264424 -122.45892020381405
14856 37.73619983495849 -122.38203359065243
14857 37.73405204517068 -122.36537355913843
14858 37.76406555391888 -122.40931522337644
14859 37.75614449354421 -122.49982309447596
14860 37.74249353079282 -122.49666968827948
14861 37.73086724967774 -122.44300112106687
14862 37.759048991289006 -122.40477651011321
14863 37.754714159344616 -122.41930875551887
14864 37.76393468674253 -122.45476010580312
14865 37.72511716090014 -122.41232283167248
14866 37.72559319558222 -122.44499288391634
14867 37.72695372882977 -122.42245349261013
14868 37.75843288884469 -122.45212202042539
14869 37.78865357912827 -122.39733266645715
14870 37.772285811417035 -122.49930164962747
14871 37.76030120346073 -122.47250879626459
14872 37.71644731224822 -122.48546992155157
14873 37.78994842652084 -122.3960123427427
14874 37.753800682157575 -122.43193380796788
14875 37.78452010829688 -122.44992030038188
14876 37.75059651989877 -122.48151214367199
14877 37.76597273984433 -122.43229613269031
14878 37.750484103707976 -122.41265284899545
14879 37.76651041702149 -122.49870483085785
14880 37.77756119207199 -122.40290133202167
14881 37.73135029823581 -122.4893492532242
14882 37.735705720665415 -122.44678800219063
14883 37.76793537736943 -122.41286925625016
14884 37.801028919449315 -122.40977525891263
14885 37.76810345974613 -122.4885332146696
14886 37.72839764728716 -122.42544364061244
14887 37.763696234345915 -122.47833228658219
14888 37.78303281523935 -122.41943529946164
14889 37.76259559902831 -122.45514766393909
14890 37.76247735350296 -122.50976555043724
14891 37.75364806165534 -122.41664254636625
14892 37.72953972148633 -122.48131823516452
14893 37.75615380322584 -122.39535480812451
14894 37.77860722958534 -122.4926396325604
14895 37.764802689685986 -122.45332020059148
14896 37.75078446052795 -122.43610132588846
14897 37.78659983236478 -122.3989401290099
14898 37.72454588145389 -122.41257365662214
14899 37.74523971407923 -122.47367817913596
14900 37.800990967679056 -122.47673060696088
14901 37.80507785940482 -122.44535042266232
14902 37.770254196525485 -122.47123823550336
14903 37.71586899288795 -122.4970000948947
14904 37.78628424579841 -122.40504397438123
14905 37.74590681291633 -122.4763225453353
14906 37.718236963322276 -122.48762644893924
14907 37.75001432651796 -122.38462377029596
14908 37.75510992122082 -122.4968398209322
14909 37.75019547394291 -122.42024261111942
14910 37.758203548865346 -122.43510755501819
14911 37.78636381253326 -122.47624170228143
14912 37.74407750022232 -122.46641379671793
14913 37.745674547568 -122.4249552943192
14914 37.79135373072343 -122.43134705707205
14915 37.77414110893058 -122.38311040194056
14916 37.74423022914342 -122.41698979932201
14917 37.75095336446104 -122.39498656841673
14918 37.76005216695899 -122.50219648367788
14919 37.804987550039165 -122.4234066276552
14920 37.7433063846984 -122.39796504507976
14921 37.781400540515314 -122.3892403818465
14922 37.75532127128507 -122.39668596822004
14923 37.8068438192221 -122.42573310005427
14924 37.782319274904054 -122.48467302476072
14925 37.70921734591253 -122.41812621879939
14926 37.716974610161415 -122.47441316349152
14927 37.74445444146395 -122.3746065508835
14928 37.73169256119617 -122.43191983698287
14929 37.71707221710134 -122.4338481263689
14930 37.783627466324184 -122.45840694658865
14931 37.76341672885293 -122.45868445459384
14932 37.72412454524599 -122.37011705882365
14933 37.78045801036511 -122.4863500002136
14934 37.76226556776919 -122.45099411936863
14935 37.7179407651739 -122.46147770466716
14936 37.72054495789419 -122.41044203832074
14937 37.75605534799072 -122.50530908929794
14938 37.79893920480195 -122.43770944025971
14939 37.71005566485324 -122.44077755941396
14940 37.771453406866506 -122.49930053813596
14941 37.77745768438674 -122.50380207441766
14942 37.71441007605826 -122.48205307104195
14943 37.759369534330524 -122.40886360413411
14944 37.746705005017276 -122.38705816024778
14945 37.781512932515966 -122.49509762890135
14946 37.75328859150594 -122.3837538922382
14947 37.78890954267743 -122.3903619146745
14948 37.748536589335096 -122.50421176763541
14949 37.784633345961666 -122.4880961031725
14950 37.70917692610196 -122.46975267972854
14951 37.7188618905958 -122.4633057025415
14952 37.76342803946961 -122.432147460918
14953 37.717849773967785 -122.36531003750079
14954 37.71571840228685 -122.38929753248817
14955 37.75443202147755 -122.46585814828053
14956 37.742479461659606 -122.4115285710098
14957 37.737953087959355 -122.4049681440243
14958 37.767354068716145 -122.48865019571015
14959 37.76594491368237 -122.40597966226683
14960 37.75966509160771 -122.38238558324106
14961 37.73354366873872 -122.48474092840989
14962 37.74304695596772 -122.46654647665595
14963 37.78491207392274 -122.40804599064903
14964 37.790394427124596 -122.47872268567339
14965 37.78510163630737 -122.40272259596834
14966 37.71787532601267 -122.50300804733578
14967 37.80270077151067 -122.4732883370805
14968 37.71168455685804 -122.46049099336898
14969 37.74733287899807 -122.45760832507952
14970 37.76875358383698 -122.48861234426798
14971 37.779210747704255 -122.47017350601591
14972 37.787955124223394 -122.42450896101441
14973 37.72880126063358 -122.46005828922226
14974 37.801517153939166 -122.42117169360124
14975 37.79491194318366 -122.41828507454345
14976 37.78803161278046 -122.44471313652512
14977 37.74405455585782 -122.50110438627046
14978 37.72101140035018 -122.460848090898
14979 37.73526640760361 -122.38094379163185
14980 37.72940166516515 -122.42880542968517
14981 37.747846844417175 -122.42730866929438
14982 37.72551395065242 -122.496287393448
14983 37.76309540167108 -122.4591000337892
14984 37.76986585691617 -122.4092683631358
14985 37.77343568802742 -122.38384053553479
14986 37.7474582822246 -122.37748508656148
14987 37.74942330311071 -122.40835380585213
14988 37.76553728681552 -122.41710040906003
14989 37.7849440461139 -122.41131846605491
14990 37.73217470467548 -122.36811966940843
14991 37.751951714222955 -122.50640210456135
14992 37.7095527343847 -122.42154093168054
14993 37.747407513904534 -122.45892264125709
14994 37.77061055779485 -122.40764676056034
14995 37.78320565572036 -122.50689507356441
14996 37.72442648355812 -122.49352134952291
14997 37.8043883196192 -122.44234015767309
14998 37.736084648235305 -122.40484152524188
14999 37.734782880800914 -122.45314714531109
15000 37.714557557734004 -122.37929963320384
